date;time;bid;ask;price;volume;side;shape;order_type;entry_price;exit_price;exit_tag
20251107;061948.008;;25310.25;25310.25;2;ASK;;;;;
20251107;061948.008;;25310.00;25310.00;1;ASK;;;;;
20251107;061948.008;25309.00;;25309.00;1;BID;;;;;
20251107;061948.008;;25309.75;25309.75;1;ASK;;;;;
20251107;061948.008;25308.75;;25308.75;2;BID;;;;;
20251107;061948.052;;25310.00;25310.00;1;ASK;;;;;
20251107;061948.052;25309.00;;25309.00;1;BID;;;;;
20251107;061948.052;;25310.25;25310.25;3;ASK;;;;;
20251107;061948.052;25309.25;;25309.25;1;BID;;;;;
20251107;061948.052;;25310.25;25310.25;2;ASK;;;;;
20251107;061948.052;;25310.25;25310.25;1;ASK;;;;;
20251107;061948.052;;25310.50;25310.50;3;ASK;;;;;
20251107;061948.052;25309.25;;25309.25;2;BID;;;;;
20251107;061948.052;25309.50;;25309.50;1;BID;;;;;
20251107;061948.052;25309.25;;25309.25;3;BID;;;;;
20251107;061948.056;;25310.50;25310.50;2;ASK;;;;;
20251107;061948.056;25309.25;;25309.25;2;BID;;;;;
20251107;061948.056;;25310.25;25310.25;1;ASK;;;;;
20251107;061948.056;25309.50;;25309.50;1;BID;;;;;
20251107;061948.056;;25310.50;25310.50;2;ASK;;;;;
20251107;061948.056;25309.75;;25309.75;1;BID;;;;;
20251107;061948.056;25309.50;;25309.50;1;BID;;;;;
20251107;061948.060;25309.50;;25309.50;2;BID;;;;;
20251107;061948.060;25309.75;;25309.75;1;BID;;;;;
20251107;061948.060;;25310.50;25310.50;1;ASK;;;;;
20251107;061948.144;25309.50;;25309.50;2;BID;;;;;
20251107;061948.260;25309.75;;25309.75;1;BID;;;;;
20251107;061948.452;25309.50;;25309.50;2;BID;;;;;
20251107;061948.504;;25310.25;25310.25;1;ASK;;;;;
20251107;061948.504;25309.50;;25309.50;1;BID;;;;;
20251107;061948.504;25309.25;;25309.25;4;BID;;;;;
20251107;061948.504;25309.25;;25309.25;3;BID;;;;;
20251107;061948.504;25309.25;;25309.25;2;BID;;;;;
20251107;061948.504;25309.25;;25309.25;1;BID;;;;;
20251107;061948.504;;25310.00;25310.00;1;ASK;;;;;
20251107;061948.504;25309.00;;25309.00;2;BID;;;;;
20251107;061948.504;25309.00;;25309.00;1;BID;;;;;
20251107;061948.504;25309.25;;25309.25;1;BID;;;;;
20251107;061948.504;;25310.25;25310.25;1;ASK;;;;;
20251107;061948.504;25309.50;;25309.50;1;BID;;;;;
20251107;061948.504;25309.25;;25309.25;1;BID;;;;;
20251107;061948.672;25309.25;;25309.25;1;BID;;;;;
20251107;061948.672;25309.00;;25309.00;2;BID;;;;;
20251107;061948.672;;25310.00;25310.00;1;ASK;;;;;
20251107;061948.672;25309.00;;25309.00;1;BID;;;;;
20251107;061948.672;;25310.00;25310.00;2;ASK;;;;;
20251107;061948.672;;25309.75;25309.75;1;ASK;;;;;
20251107;061948.672;25308.75;;25308.75;4;BID;;;;;
20251107;061948.672;25308.75;;25308.75;3;BID;;;;;
20251107;061948.672;25308.75;;25308.75;2;BID;;;;;
20251107;061948.672;25309.00;;25309.00;1;BID;;;;;
20251107;061948.672;25308.75;;25308.75;2;BID;;;;;
20251107;061948.672;;25310.00;25310.00;2;ASK;;;;;
20251107;061948.672;;25310.00;25310.00;1;ASK;;;;;
20251107;061948.672;25309.00;;25309.00;1;BID;;;;;
20251107;061949.024;;25309.75;25309.75;1;ASK;;;;;
20251107;061949.024;25308.75;;25308.75;2;BID;;;;;
20251107;061949.024;25308.75;;25308.75;1;BID;;;;;
20251107;061949.136;25308.75;;25308.75;2;BID;;;;;
20251107;061949.136;25308.75;;25308.75;3;BID;;;;;
20251107;061949.136;25309.00;;25309.00;1;BID;;;;;
20251107;061949.136;25309.00;;25309.00;2;BID;;;;;
20251107;061949.136;;25310.00;25310.00;1;ASK;;;;;
20251107;061949.140;25309.25;;25309.25;1;BID;;;;;
20251107;061949.140;;25310.25;25310.25;1;ASK;;;;;
20251107;061949.140;25309.00;;25309.00;2;BID;;;;;
20251107;061949.140;;25310.00;25310.00;1;ASK;;;;;
20251107;061949.140;25309.00;;25309.00;1;BID;;;;;
20251107;061949.140;;25309.75;25309.75;1;ASK;;;;;
20251107;061949.140;25308.75;;25308.75;3;BID;;;;;
20251107;061949.140;25309.00;;25309.00;1;BID;;;;;
20251107;061949.140;;25310.25;25310.25;1;ASK;;;;;
20251107;061949.140;25309.25;;25309.25;1;BID;;;;;
20251107;061949.140;;25310.00;25310.00;1;ASK;;;;;
20251107;061949.140;25309.00;;25309.00;1;BID;;;;;
20251107;061949.140;;25309.75;25309.75;1;ASK;;;;;
20251107;061949.140;25308.75;;25308.75;3;BID;;;;;
20251107;061949.332;25308.75;;25308.75;1;BID;;;;;
20251107;061949.332;25308.75;;25308.75;2;BID;;;;;
20251107;061949.332;;25309.50;25309.50;1;ASK;;;;;
20251107;061949.332;25308.75;;25308.75;1;BID;;;;;
20251107;061949.332;25308.50;;25308.50;4;BID;;;;;
20251107;061949.332;25308.50;;25308.50;3;BID;;;;;
20251107;061949.332;25308.75;;25308.75;1;BID;;;;;
20251107;061949.332;;25309.75;25309.75;1;ASK;;;;;
20251107;061949.332;;25310.00;25310.00;1;ASK;;;;;
20251107;061949.332;25309.00;;25309.00;1;BID;;;;;
20251107;061949.356;;25309.75;25309.75;1;ASK;;;;;
20251107;061949.356;25308.75;;25308.75;1;BID;;;;;
20251107;061949.356;;25309.75;25309.75;2;ASK;;;;;
20251107;061949.368;;25309.50;25309.50;1;ASK;;;;;
20251107;061949.368;;25309.75;25309.75;1;ASK;;;;;
20251107;061949.388;25309.00;;25309.00;1;BID;;;;;
20251107;061949.388;;25310.00;25310.00;1;ASK;;;;;
20251107;061949.404;;25309.75;25309.75;1;ASK;;;;;
20251107;061949.404;;25309.50;25309.50;1;ASK;;;;;
20251107;061949.404;25308.75;;25308.75;1;BID;;;;;
20251107;061949.420;;25309.75;25309.75;1;ASK;;;;;
20251107;061949.420;25308.75;;25308.75;2;BID;;;;;
20251107;061949.420;25309.00;;25309.00;1;BID;;;;;
20251107;061949.452;25308.75;;25308.75;2;BID;;;;;
20251107;061949.452;;25309.50;25309.50;1;ASK;;;;;
20251107;061949.460;;25309.75;25309.75;1;ASK;;;;;
20251107;061949.460;25309.00;;25309.00;1;BID;;;;;
20251107;061949.460;;25310.00;25310.00;1;ASK;;;;;
20251107;061949.476;;25310.00;25310.00;2;ASK;;;;;
20251107;061949.476;;25309.75;25309.75;1;ASK;;;;;
20251107;061949.476;25308.75;;25308.75;2;BID;;;;;
20251107;061950.056;25308.75;;25308.75;1;BID;;;;;
20251107;061950.056;25308.75;;25308.75;1;BID;;;;;
20251107;061950.056;;25309.50;25309.50;1;ASK;;;;;
20251107;061950.056;25308.50;;25308.50;3;BID;;;;;
20251107;061950.056;;25309.50;25309.50;2;ASK;;;;;
20251107;061950.056;25308.50;;25308.50;2;BID;;;;;
20251107;061950.056;;25309.50;25309.50;1;ASK;;;;;
20251107;061950.056;25308.75;;25308.75;1;BID;;;;;
20251107;061950.056;;25309.50;25309.50;2;ASK;;;;;
20251107;061950.056;;25309.50;25309.50;1;ASK;;;;;
20251107;061950.056;25308.50;;25308.50;2;BID;;;;;
20251107;061950.188;25308.75;;25308.75;1;BID;;;;;
20251107;061950.428;25308.75;;25308.75;1;BID;;;;;
20251107;061950.428;25308.50;;25308.50;1;BID;;;;;
20251107;061950.428;25308.50;;25308.50;5;BID;;;;;
20251107;061950.428;25308.50;;25308.50;4;BID;;;;;
20251107;061950.428;25308.50;;25308.50;3;BID;;;;;
20251107;061950.428;25308.50;;25308.50;2;BID;;;;;
20251107;061950.432;25308.50;;25308.50;1;BID;;;;;
20251107;061951.600;25308.50;;25308.50;2;BID;;;;;
20251107;061951.600;25308.50;;25308.50;3;BID;;;;;
20251107;061951.600;25308.50;;25308.50;4;BID;;;;;
20251107;061951.676;25308.75;;25308.75;1;BID;;;;;
20251107;061951.676;25308.75;;25308.75;2;BID;;;;;
20251107;061951.676;25308.75;;25308.75;3;BID;;;;;
20251107;061951.680;25308.75;;25308.75;2;BID;;;;;
20251107;061951.900;25308.75;;25308.75;1;BID;;;;;
20251107;061951.900;25308.50;;25308.50;4;BID;;;;;
20251107;061951.900;25308.50;;25308.50;3;BID;;;;;
20251107;061951.900;25308.50;;25308.50;2;BID;;;;;
20251107;061951.900;25308.50;;25308.50;3;BID;;;;;
20251107;061952.028;25308.50;;25308.50;2;BID;;;;;
20251107;061952.028;;25309.25;25309.25;1;ASK;;;;;
20251107;061952.028;25308.50;;25308.50;1;BID;;;;;
20251107;061952.152;;25309.00;25309.00;1;ASK;;;;;
20251107;061952.152;;25309.25;25309.25;1;ASK;;;;;
20251107;061952.204;;25309.25;25309.25;2;ASK;;;;;
20251107;061952.228;;25309.00;25309.00;1;ASK;;;;;
20251107;061952.676;;25309.25;25309.25;2;ASK;;;;;
20251107;061952.912;;25309.00;25309.00;1;ASK;;;;;
20251107;061952.912;;25309.25;25309.25;2;ASK;;;;;
20251107;061952.936;;25309.25;25309.25;1;ASK;;;;;
20251107;061953.572;25308.50;;25308.50;2;BID;;;;;
20251107;061953.832;;25308.75;25308.75;1;ASK;;;;;
20251107;061953.832;;25308.75;25308.75;1;ASK;;;;;
20251107;061953.832;;25309.25;25309.25;1;ASK;;;;;
20251107;061953.832;25308.50;;25308.50;1;BID;;;;;
20251107;061954.096;;25309.00;25309.00;1;ASK;;;;;
20251107;061954.096;25308.50;;25308.50;1;BID;;;;;
20251107;061954.096;25308.25;;25308.25;5;BID;;;;;
20251107;061954.096;;25308.75;25308.75;1;ASK;;;;;
20251107;061954.096;25308.25;;25308.25;4;BID;;;;;
20251107;061954.096;25308.25;;25308.25;3;BID;;;;;
20251107;061954.096;25308.25;;25308.25;2;BID;;;;;
20251107;061954.096;25308.25;;25308.25;1;BID;;;;;
20251107;061954.096;25308.00;;25308.00;21;BID;;;;;
20251107;061954.096;;25309.00;25309.00;1;ASK;;;;;
20251107;061954.096;;25308.50;25308.50;1;ASK;;;;;
20251107;061954.096;;25309.00;25309.00;1;ASK;;;;;
20251107;061954.096;;25309.00;25309.00;2;ASK;;;;;
20251107;061954.096;;25309.00;25309.00;3;ASK;;;;;
20251107;061954.096;;25308.75;25308.75;1;ASK;;;;;
20251107;061954.096;;25308.50;25308.50;1;ASK;;;;;
20251107;061954.100;;25308.75;25308.75;1;ASK;;;;;
20251107;061954.148;;25308.75;25308.75;2;ASK;;;;;
20251107;061954.148;;25308.50;25308.50;1;ASK;;;;;
20251107;061954.148;25308.00;;25308.00;1;BID;;;;;
20251107;061954.148;25308.00;;25308.00;20;BID;;;;;
20251107;061954.148;25308.00;;25308.00;2;BID;;;;;
20251107;061954.148;25308.00;;25308.00;18;BID;;;;;
20251107;061954.148;;25308.25;25308.25;1;ASK;;;;;
20251107;061954.148;25308.00;;25308.00;17;BID;;;;;
20251107;061954.148;25308.00;;25308.00;1;BID;;;;;
20251107;061954.148;25307.50;;25307.50;3;BID;;;;;
20251107;061954.148;;25308.00;25308.00;22;ASK;;;;;
20251107;061954.148;;25308.00;25308.00;23;ASK;;;;;
20251107;061954.148;25307.50;;25307.50;2;BID;;;;;
20251107;061954.148;25307.50;;25307.50;1;BID;;;;;
20251107;061954.148;25307.50;;25307.50;1;BID;;;;;
20251107;061954.148;25307.25;;25307.25;2;BID;;;;;
20251107;061954.148;25307.25;;25307.25;1;BID;;;;;
20251107;061954.148;25307.25;;25307.25;1;BID;;;;;
20251107;061954.148;25307.00;;25307.00;3;BID;;;;;
20251107;061954.148;25307.00;;25307.00;2;BID;;;;;
20251107;061954.148;;25308.00;25308.00;24;ASK;;;;;
20251107;061954.148;;25307.50;25307.50;3;ASK;;;;;
20251107;061954.152;;25307.50;25307.50;4;ASK;;;;;
20251107;061954.152;25307.00;;25307.00;1;BID;;;;;
20251107;061954.152;25307.00;;25307.00;1;BID;;;;;
20251107;061954.152;25306.75;;25306.75;1;BID;;;;;
20251107;061954.152;25306.50;;25306.50;1;BID;;;;;
20251107;061954.152;;25307.50;25307.50;5;ASK;;;;;
20251107;061954.152;;25307.50;25307.50;6;ASK;;;;;
20251107;061954.152;;25307.25;25307.25;1;ASK;;;;;
20251107;061954.152;;25307.25;25307.25;2;ASK;;;;;
20251107;061954.152;;25307.00;25307.00;1;ASK;;;;;
20251107;061954.156;25306.25;;25306.25;2;BID;;;;;
20251107;061954.156;25306.25;;25306.25;1;BID;;;;;
20251107;061954.156;25306.00;;25306.00;1;BID;;;;;
20251107;061954.156;25306.00;;25306.00;2;BID;;;;;
20251107;061954.156;;25307.00;25307.00;2;ASK;;;;;
20251107;061954.156;;25306.75;25306.75;1;ASK;;;;;
20251107;061954.156;25306.00;;25306.00;1;BID;;;;;
20251107;061954.156;25305.75;;25305.75;1;BID;;;;;
20251107;061954.160;;25306.75;25306.75;1;ASK;;;;;
20251107;061954.160;;25307.00;25307.00;1;ASK;;;;;
20251107;061954.160;;25307.00;25307.00;2;ASK;;;;;
20251107;061954.160;;25307.00;25307.00;1;ASK;;;;;
20251107;061954.160;25305.75;;25305.75;2;BID;;;;;
20251107;061954.160;25305.75;;25305.75;3;BID;;;;;
20251107;061954.160;25306.00;;25306.00;1;BID;;;;;
20251107;061954.160;;25307.25;25307.25;5;ASK;;;;;
20251107;061954.160;;25307.25;25307.25;4;ASK;;;;;
20251107;061954.164;25306.00;;25306.00;2;BID;;;;;
20251107;061954.164;;25307.25;25307.25;3;ASK;;;;;
20251107;061954.164;25306.00;;25306.00;3;BID;;;;;
20251107;061954.164;25306.25;;25306.25;1;BID;;;;;
20251107;061954.164;25306.25;;25306.25;2;BID;;;;;
20251107;061954.164;25306.50;;25306.50;1;BID;;;;;
20251107;061954.164;;25307.25;25307.25;2;ASK;;;;;
20251107;061954.168;;25307.25;25307.25;1;ASK;;;;;
20251107;061954.168;25306.50;;25306.50;2;BID;;;;;
20251107;061954.168;;25307.50;25307.50;5;ASK;;;;;
20251107;061954.168;;25307.50;25307.50;4;ASK;;;;;
20251107;061954.168;;25307.50;25307.50;3;ASK;;;;;
20251107;061954.192;25306.75;;25306.75;1;BID;;;;;
20251107;061954.192;25307.00;;25307.00;1;BID;;;;;
20251107;061954.192;25306.75;;25306.75;2;BID;;;;;
20251107;061954.236;25306.75;;25306.75;1;BID;;;;;
20251107;061954.236;;25307.75;25307.75;2;ASK;;;;;
20251107;061954.236;;25307.75;25307.75;1;ASK;;;;;
20251107;061954.244;25307.00;;25307.00;1;BID;;;;;
20251107;061954.244;;25308.00;25308.00;22;ASK;;;;;
20251107;061954.244;;25307.75;25307.75;1;ASK;;;;;
20251107;061954.244;25307.00;;25307.00;1;BID;;;;;
20251107;061954.244;25306.75;;25306.75;1;BID;;;;;
20251107;061954.248;;25307.50;25307.50;1;ASK;;;;;
20251107;061954.248;25306.50;;25306.50;4;BID;;;;;
20251107;061954.248;25306.50;;25306.50;3;BID;;;;;
20251107;061954.248;25306.50;;25306.50;2;BID;;;;;
20251107;061954.248;25306.50;;25306.50;1;BID;;;;;
20251107;061954.248;25306.75;;25306.75;1;BID;;;;;
20251107;061954.268;25306.50;;25306.50;1;BID;;;;;
20251107;061954.288;25306.50;;25306.50;2;BID;;;;;
20251107;061954.288;25306.75;;25306.75;1;BID;;;;;
20251107;061954.288;;25307.75;25307.75;1;ASK;;;;;
20251107;061954.288;;25307.50;25307.50;1;ASK;;;;;
20251107;061954.364;;25307.75;25307.75;1;ASK;;;;;
20251107;061954.392;25306.75;;25306.75;2;BID;;;;;
20251107;061954.440;25307.00;;25307.00;1;BID;;;;;
20251107;061954.440;25307.00;;25307.00;2;BID;;;;;
20251107;061954.440;25307.00;;25307.00;3;BID;;;;;
20251107;061954.440;;25308.00;25308.00;23;ASK;;;;;
20251107;061954.440;;25308.00;25308.00;22;ASK;;;;;
20251107;061954.440;;25308.00;25308.00;23;ASK;;;;;
20251107;061954.440;25307.25;;25307.25;1;BID;;;;;
20251107;061954.440;25307.00;;25307.00;3;BID;;;;;
20251107;061954.440;25307.25;;25307.25;1;BID;;;;;
20251107;061954.440;25307.25;;25307.25;2;BID;;;;;
20251107;061954.460;;25308.00;25308.00;22;ASK;;;;;
20251107;061954.484;25307.50;;25307.50;1;BID;;;;;
20251107;061954.484;25307.50;;25307.50;2;BID;;;;;
20251107;061954.484;25307.50;;25307.50;3;BID;;;;;
20251107;061954.484;25307.50;;25307.50;2;BID;;;;;
20251107;061954.588;25307.50;;25307.50;1;BID;;;;;
20251107;061954.588;25307.50;;25307.50;1;BID;;;;;
20251107;061954.588;25307.25;;25307.25;2;BID;;;;;
20251107;061954.588;25307.25;;25307.25;1;BID;;;;;
20251107;061954.588;;25307.75;25307.75;1;ASK;;;;;
20251107;061954.588;25307.00;;25307.00;4;BID;;;;;
20251107;061954.588;25307.00;;25307.00;3;BID;;;;;
20251107;061954.588;;25308.00;25308.00;22;ASK;;;;;
20251107;061954.588;25307.25;;25307.25;1;BID;;;;;
20251107;061954.588;;25307.75;25307.75;1;ASK;;;;;
20251107;061954.588;25307.00;;25307.00;2;BID;;;;;
20251107;061954.588;25307.00;;25307.00;3;BID;;;;;
20251107;061954.588;25307.00;;25307.00;2;BID;;;;;
20251107;061954.588;;25308.00;25308.00;22;ASK;;;;;
20251107;061954.588;;25307.75;25307.75;1;ASK;;;;;
20251107;061954.680;;25308.00;25308.00;22;ASK;;;;;
20251107;061954.688;25307.25;;25307.25;1;BID;;;;;
20251107;061954.796;25307.00;;25307.00;2;BID;;;;;
20251107;061954.796;;25307.75;25307.75;1;ASK;;;;;
20251107;061954.952;25307.00;;25307.00;1;BID;;;;;
20251107;061954.952;25306.75;;25306.75;4;BID;;;;;
20251107;061954.952;25306.75;;25306.75;3;BID;;;;;
20251107;061954.956;25307.00;;25307.00;1;BID;;;;;
20251107;061954.956;;25308.00;25308.00;22;ASK;;;;;
20251107;061954.956;25307.00;;25307.00;2;BID;;;;;
20251107;061954.956;25307.25;;25307.25;1;BID;;;;;
20251107;061954.956;;25307.75;25307.75;1;ASK;;;;;
20251107;061954.956;25307.00;;25307.00;3;BID;;;;;
20251107;061954.956;25307.00;;25307.00;2;BID;;;;;
20251107;061954.956;25307.00;;25307.00;1;BID;;;;;
20251107;061954.956;25306.75;;25306.75;3;BID;;;;;
20251107;061954.960;25307.00;;25307.00;1;BID;;;;;
20251107;061954.964;25307.00;;25307.00;2;BID;;;;;
20251107;061954.964;;25308.00;25308.00;22;ASK;;;;;
20251107;061954.964;25307.25;;25307.25;1;BID;;;;;
20251107;061955.088;25307.00;;25307.00;2;BID;;;;;
20251107;061955.112;25307.25;;25307.25;1;BID;;;;;
20251107;061955.260;25307.25;;25307.25;2;BID;;;;;
20251107;061955.260;25307.50;;25307.50;1;BID;;;;;
20251107;061955.260;25307.25;;25307.25;1;BID;;;;;
20251107;061955.260;25307.25;;25307.25;2;BID;;;;;
20251107;061955.308;25307.25;;25307.25;3;BID;;;;;
20251107;061955.308;25307.50;;25307.50;1;BID;;;;;
20251107;061955.308;25307.50;;25307.50;2;BID;;;;;
20251107;061955.328;25307.50;;25307.50;1;BID;;;;;
20251107;061955.804;25307.50;;25307.50;2;BID;;;;;
20251107;061955.804;;25308.00;25308.00;2;ASK;;;;;
20251107;061955.804;;25308.00;25308.00;20;ASK;;;;;
20251107;061955.804;;25308.00;25308.00;1;ASK;;;;;
20251107;061955.804;;25308.00;25308.00;19;ASK;;;;;
20251107;061955.804;25307.75;;25307.75;1;BID;;;;;
20251107;061955.804;;25308.00;25308.00;1;ASK;;;;;
20251107;061955.804;;25308.00;25308.00;18;ASK;;;;;
20251107;061955.804;;25308.00;25308.00;4;ASK;;;;;
20251107;061955.804;;25308.00;25308.00;14;ASK;;;;;
20251107;061955.804;25307.75;;25307.75;2;BID;;;;;
20251107;061955.804;;25308.00;25308.00;6;ASK;;;;;
20251107;061955.804;;25308.00;25308.00;8;ASK;;;;;
20251107;061955.804;;25308.00;25308.00;1;ASK;;;;;
20251107;061955.804;;25308.00;25308.00;7;ASK;;;;;
20251107;061955.804;;25308.25;25308.25;1;ASK;;;;;
20251107;061955.804;25307.75;;25307.75;3;BID;;;;;
20251107;061955.804;25307.75;;25307.75;2;BID;;;;;
20251107;061955.804;25308.00;;25308.00;1;BID;;;;;
20251107;061955.804;25308.00;;25308.00;1;BID;;;;;
20251107;061955.804;25307.75;;25307.75;1;BID;;;;;
20251107;061955.804;25307.75;;25307.75;1;BID;;;;;
20251107;061955.804;;25309.00;25309.00;3;ASK;;;;;
20251107;061955.804;25307.75;;25307.75;1;BID;;;;;
20251107;061955.804;25307.50;;25307.50;1;BID;;;;;
20251107;061955.808;;25308.75;25308.75;1;ASK;;;;;
20251107;061955.808;25307.25;;25307.25;1;BID;;;;;
20251107;061955.808;25307.25;;25307.25;2;BID;;;;;
20251107;061955.808;;25308.75;25308.75;2;ASK;;;;;
20251107;061955.808;;25308.50;25308.50;1;ASK;;;;;
20251107;061955.808;;25308.50;25308.50;2;ASK;;;;;
20251107;061955.808;;25308.25;25308.25;1;ASK;;;;;
20251107;061955.808;;25308.25;25308.25;2;ASK;;;;;
20251107;061955.836;25307.25;;25307.25;3;BID;;;;;
20251107;061955.836;;25308.25;25308.25;1;ASK;;;;;
20251107;061955.836;25307.50;;25307.50;1;BID;;;;;
20251107;061955.836;;25308.50;25308.50;3;ASK;;;;;
20251107;061955.836;;25308.50;25308.50;2;ASK;;;;;
20251107;061956.032;25307.50;;25307.50;2;BID;;;;;
20251107;061956.032;25307.50;;25307.50;3;BID;;;;;
20251107;061956.032;;25308.50;25308.50;1;ASK;;;;;
20251107;061956.032;25307.50;;25307.50;4;BID;;;;;
20251107;061956.032;25307.50;;25307.50;3;BID;;;;;
20251107;061956.404;25307.50;;25307.50;1;BID;;;;;
20251107;061956.404;25307.50;;25307.50;2;BID;;;;;
20251107;061956.404;;25308.25;25308.25;1;ASK;;;;;
20251107;061956.404;25307.50;;25307.50;1;BID;;;;;
20251107;061956.404;;25308.25;25308.25;2;ASK;;;;;
20251107;061956.404;25307.00;;25307.00;2;BID;;;;;
20251107;061956.404;25307.00;;25307.00;1;BID;;;;;
20251107;061956.404;;25308.00;25308.00;1;ASK;;;;;
20251107;061956.408;25307.00;;25307.00;2;BID;;;;;
20251107;061956.408;25307.00;;25307.00;3;BID;;;;;
20251107;061956.452;;25308.25;25308.25;2;ASK;;;;;
20251107;061956.452;25307.00;;25307.00;4;BID;;;;;
20251107;061956.496;;25308.00;25308.00;1;ASK;;;;;
20251107;061956.496;25307.00;;25307.00;3;BID;;;;;
20251107;061956.704;25307.00;;25307.00;4;BID;;;;;
20251107;061956.704;25307.00;;25307.00;5;BID;;;;;
20251107;061956.708;;25308.25;25308.25;1;ASK;;;;;
20251107;061956.708;25307.25;;25307.25;1;BID;;;;;
20251107;061956.708;;25308.25;25308.25;2;ASK;;;;;
20251107;061956.708;;25308.25;25308.25;1;ASK;;;;;
20251107;061956.716;25307.25;;25307.25;2;BID;;;;;
20251107;061956.764;;25308.00;25308.00;1;ASK;;;;;
20251107;061956.764;25307.25;;25307.25;1;BID;;;;;
20251107;061956.764;25307.00;;25307.00;5;BID;;;;;
20251107;061956.764;25307.00;;25307.00;4;BID;;;;;
20251107;061957.000;25307.00;;25307.00;5;BID;;;;;
20251107;061957.616;;25308.25;25308.25;1;ASK;;;;;
20251107;061957.616;25307.00;;25307.00;4;BID;;;;;
20251107;061957.616;25307.25;;25307.25;1;BID;;;;;
20251107;061957.616;;25308.00;25308.00;1;ASK;;;;;
20251107;061957.616;;25308.25;25308.25;1;ASK;;;;;
20251107;061957.684;25307.25;;25307.25;2;BID;;;;;
20251107;061957.684;25307.25;;25307.25;1;BID;;;;;
20251107;061957.684;;25308.00;25308.00;1;ASK;;;;;
20251107;061957.684;;25308.25;25308.25;1;ASK;;;;;
20251107;061957.872;;25308.50;25308.50;3;ASK;;;;;
20251107;061957.872;;25308.50;25308.50;2;ASK;;;;;
20251107;061957.872;25307.25;;25307.25;2;BID;;;;;
20251107;061957.872;;25308.50;25308.50;1;ASK;;;;;
20251107;061957.872;25307.50;;25307.50;1;BID;;;;;
20251107;061957.876;25307.50;;25307.50;2;BID;;;;;
20251107;061957.876;;25308.75;25308.75;2;ASK;;;;;
20251107;061957.876;25307.50;;25307.50;3;BID;;;;;
20251107;061957.876;;25308.75;25308.75;1;ASK;;;;;
20251107;061957.876;;25309.00;25309.00;2;ASK;;;;;
20251107;061957.876;25307.75;;25307.75;1;BID;;;;;
20251107;061957.876;;25309.00;25309.00;1;ASK;;;;;
20251107;061957.876;;25309.50;25309.50;2;ASK;;;;;
20251107;061957.880;;25309.50;25309.50;3;ASK;;;;;
20251107;061957.880;25308.00;;25308.00;1;BID;;;;;
20251107;061957.880;;25309.50;25309.50;4;ASK;;;;;
20251107;061957.880;;25309.25;25309.25;1;ASK;;;;;
20251107;061957.880;;25309.25;25309.25;2;ASK;;;;;
20251107;061957.880;25307.75;;25307.75;1;BID;;;;;
20251107;061957.880;;25309.25;25309.25;3;ASK;;;;;
20251107;061957.880;;25309.00;25309.00;1;ASK;;;;;
20251107;061957.880;25307.75;;25307.75;2;BID;;;;;
20251107;061957.880;25307.75;;25307.75;3;BID;;;;;
20251107;061957.880;25307.75;;25307.75;4;BID;;;;;
20251107;061957.880;25307.75;;25307.75;5;BID;;;;;
20251107;061957.880;25308.00;;25308.00;1;BID;;;;;
20251107;061957.880;;25309.25;25309.25;3;ASK;;;;;
20251107;061957.880;;25309.25;25309.25;2;ASK;;;;;
20251107;061957.880;25308.00;;25308.00;2;BID;;;;;
20251107;061957.880;25308.00;;25308.00;3;BID;;;;;
20251107;061957.884;25308.00;;25308.00;4;BID;;;;;
20251107;061957.900;;25309.00;25309.00;1;ASK;;;;;
20251107;061957.900;25308.00;;25308.00;3;BID;;;;;
20251107;061957.900;25308.00;;25308.00;4;BID;;;;;
20251107;061958.288;25308.00;;25308.00;5;BID;;;;;
20251107;061958.288;25308.25;;25308.25;1;BID;;;;;
20251107;061958.288;;25309.25;25309.25;3;ASK;;;;;
20251107;061958.288;25308.25;;25308.25;2;BID;;;;;
20251107;061958.288;25308.25;;25308.25;3;BID;;;;;
20251107;061958.288;;25309.25;25309.25;2;ASK;;;;;
20251107;061958.288;25308.25;;25308.25;4;BID;;;;;
20251107;061958.288;;25309.25;25309.25;1;ASK;;;;;
20251107;061958.288;;25309.50;25309.50;1;ASK;;;;;
20251107;061958.288;;25309.75;25309.75;1;ASK;;;;;
20251107;061958.292;25308.25;;25308.25;5;BID;;;;;
20251107;061958.292;25308.50;;25308.50;1;BID;;;;;
20251107;061958.292;25308.50;;25308.50;2;BID;;;;;
20251107;061958.292;25308.50;;25308.50;3;BID;;;;;
20251107;061958.292;25308.50;;25308.50;4;BID;;;;;
20251107;061958.312;;25309.50;25309.50;1;ASK;;;;;
20251107;061958.312;25308.50;;25308.50;3;BID;;;;;
20251107;061958.316;;25309.25;25309.25;1;ASK;;;;;
20251107;061958.368;;25309.00;25309.00;1;ASK;;;;;
20251107;061958.368;25308.50;;25308.50;2;BID;;;;;
20251107;061958.368;25308.50;;25308.50;1;BID;;;;;
20251107;061958.368;;25309.25;25309.25;1;ASK;;;;;
20251107;061958.368;;25309.00;25309.00;1;ASK;;;;;
20251107;061958.368;;25308.75;25308.75;1;ASK;;;;;
20251107;061958.368;;25309.25;25309.25;1;ASK;;;;;
20251107;061958.368;25308.25;;25308.25;4;BID;;;;;
20251107;061958.372;25308.25;;25308.25;3;BID;;;;;
20251107;061958.372;25308.25;;25308.25;2;BID;;;;;
20251107;061958.468;25308.25;;25308.25;1;BID;;;;;
20251107;061958.468;25308.25;;25308.25;2;BID;;;;;
20251107;061958.468;;25309.00;25309.00;1;ASK;;;;;
20251107;061958.468;25308.25;;25308.25;1;BID;;;;;
20251107;061958.468;;25309.25;25309.25;1;ASK;;;;;
20251107;061958.604;;25309.00;25309.00;1;ASK;;;;;
20251107;061958.604;25308.00;;25308.00;5;BID;;;;;
20251107;061958.604;;25308.75;25308.75;1;ASK;;;;;
20251107;061958.604;25308.00;;25308.00;4;BID;;;;;
20251107;061958.604;25308.00;;25308.00;3;BID;;;;;
20251107;061958.604;25308.00;;25308.00;2;BID;;;;;
20251107;061958.604;25308.00;;25308.00;1;BID;;;;;
20251107;061958.604;25307.75;;25307.75;4;BID;;;;;
20251107;061958.684;;25309.00;25309.00;1;ASK;;;;;
20251107;061958.684;;25308.75;25308.75;1;ASK;;;;;
20251107;061958.944;;25309.00;25309.00;1;ASK;;;;;
20251107;061959.120;;25308.75;25308.75;1;ASK;;;;;
20251107;061959.132;;25309.00;25309.00;1;ASK;;;;;
20251107;061959.356;;25308.75;25308.75;1;ASK;;;;;
20251107;061959.848;25307.75;;25307.75;1;BID;;;;;
20251107;061959.848;25307.75;;25307.75;3;BID;;;;;
20251107;061959.848;;25308.50;25308.50;1;ASK;;;;;
20251107;061959.848;25307.75;;25307.75;2;BID;;;;;
20251107;061959.952;25307.75;;25307.75;1;BID;;;;;
20251107;062000.008;;25308.75;25308.75;2;ASK;;;;;
20251107;062000.008;;25308.75;25308.75;1;ASK;;;;;
20251107;062000.008;25307.75;;25307.75;2;BID;;;;;
20251107;062000.008;25307.75;;25307.75;3;BID;;;;;
20251107;062000.008;;25309.00;25309.00;2;ASK;;;;;
20251107;062000.008;;25309.00;25309.00;1;ASK;;;;;
20251107;062000.024;25307.75;;25307.75;1;BID;;;;;
20251107;062000.024;25307.75;;25307.75;1;BID;;;;;
20251107;062000.024;25307.75;;25307.75;1;BID;;;;;
20251107;062000.024;25307.50;;25307.50;1;BID;;;;;
20251107;062000.024;25307.50;;25307.50;3;BID;;;;;
20251107;062000.024;;25308.75;25308.75;1;ASK;;;;;
20251107;062000.024;25307.50;;25307.50;2;BID;;;;;
20251107;062000.024;;25308.75;25308.75;2;ASK;;;;;
20251107;062000.024;25307.50;;25307.50;1;BID;;;;;
20251107;062000.024;;25308.50;25308.50;1;ASK;;;;;
20251107;062000.024;;25308.25;25308.25;1;ASK;;;;;
20251107;062000.024;25307.00;;25307.00;4;BID;;;;;
20251107;062000.024;;25308.50;25308.50;1;ASK;;;;;
20251107;062000.024;25307.00;;25307.00;5;BID;;;;;
20251107;062000.024;25307.00;;25307.00;6;BID;;;;;
20251107;062000.024;25307.25;;25307.25;1;BID;;;;;
20251107;062000.028;;25308.75;25308.75;4;ASK;;;;;
20251107;062000.028;25307.25;;25307.25;2;BID;;;;;
20251107;062000.028;25307.25;;25307.25;3;BID;;;;;
20251107;062000.028;;25308.75;25308.75;3;ASK;;;;;
20251107;062000.028;25307.25;;25307.25;4;BID;;;;;
20251107;062000.060;25307.50;;25307.50;1;BID;;;;;
20251107;062000.060;;25308.50;25308.50;1;ASK;;;;;
20251107;062000.060;25307.50;;25307.50;2;BID;;;;;
20251107;062000.060;25307.50;;25307.50;3;BID;;;;;
20251107;062000.336;;25308.75;25308.75;3;ASK;;;;;
20251107;062000.336;;25308.75;25308.75;2;ASK;;;;;
20251107;062000.336;25307.75;;25307.75;1;BID;;;;;
20251107;062000.336;25307.50;;25307.50;3;BID;;;;;
20251107;062000.344;25307.50;;25307.50;4;BID;;;;;
20251107;062000.360;25307.50;;25307.50;5;BID;;;;;
20251107;062000.360;;25308.75;25308.75;1;ASK;;;;;
20251107;062000.360;;25309.00;25309.00;3;ASK;;;;;
20251107;062000.360;;25309.00;25309.00;2;ASK;;;;;
20251107;062000.360;25307.50;;25307.50;4;BID;;;;;
20251107;062000.360;25307.50;;25307.50;3;BID;;;;;
20251107;062000.360;25307.50;;25307.50;4;BID;;;;;
20251107;062000.372;25307.50;;25307.50;5;BID;;;;;
20251107;062000.396;;25308.75;25308.75;1;ASK;;;;;
20251107;062000.396;25307.50;;25307.50;4;BID;;;;;
20251107;062000.396;25307.50;;25307.50;5;BID;;;;;
20251107;062000.408;;25308.75;25308.75;1;ASK;;;;;
20251107;062000.408;;25309.00;25309.00;2;ASK;;;;;
20251107;062000.408;25307.50;;25307.50;6;BID;;;;;
20251107;062000.408;25307.75;;25307.75;1;BID;;;;;
20251107;062000.412;25307.75;;25307.75;2;BID;;;;;
20251107;062000.412;25307.75;;25307.75;3;BID;;;;;
20251107;062000.412;25307.75;;25307.75;2;BID;;;;;
20251107;062000.432;25308.00;;25308.00;1;BID;;;;;
20251107;062000.436;25308.00;;25308.00;2;BID;;;;;
20251107;062000.444;;25309.00;25309.00;3;ASK;;;;;
20251107;062000.448;25308.00;;25308.00;1;BID;;;;;
20251107;062000.448;25308.00;;25308.00;1;BID;;;;;
20251107;062000.448;;25308.75;25308.75;1;ASK;;;;;
20251107;062000.448;25307.75;;25307.75;3;BID;;;;;
20251107;062000.448;25307.75;;25307.75;2;BID;;;;;
20251107;062000.452;25307.75;;25307.75;1;BID;;;;;
20251107;062000.476;25307.50;;25307.50;6;BID;;;;;
20251107;062000.476;25307.50;;25307.50;5;BID;;;;;
20251107;062000.636;;25308.75;25308.75;2;ASK;;;;;
20251107;062000.684;;25308.50;25308.50;1;ASK;;;;;
20251107;062000.744;;25308.50;25308.50;2;ASK;;;;;
20251107;062000.744;25307.50;;25307.50;4;BID;;;;;
20251107;062000.744;;25308.50;25308.50;1;ASK;;;;;
20251107;062000.744;;25308.50;25308.50;1;ASK;;;;;
20251107;062000.744;25307.50;;25307.50;3;BID;;;;;
20251107;062000.744;25307.50;;25307.50;4;BID;;;;;
20251107;062000.752;25307.75;;25307.75;1;BID;;;;;
20251107;062000.756;25307.75;;25307.75;2;BID;;;;;
20251107;062001.124;;25308.50;25308.50;2;ASK;;;;;
20251107;062001.408;25307.75;;25307.75;1;BID;;;;;
20251107;062001.412;25307.50;;25307.50;4;BID;;;;;
20251107;062001.412;25307.50;;25307.50;3;BID;;;;;
20251107;062001.776;;25308.25;25308.25;1;ASK;;;;;
20251107;062001.776;;25308.25;25308.25;2;ASK;;;;;
20251107;062001.776;25307.50;;25307.50;2;BID;;;;;
20251107;062001.776;;25308.25;25308.25;1;ASK;;;;;
20251107;062002.552;;25308.25;25308.25;2;ASK;;;;;
20251107;062002.552;;25308.00;25308.00;1;ASK;;;;;
20251107;062002.552;;25308.00;25308.00;2;ASK;;;;;
20251107;062002.552;25307.50;;25307.50;1;BID;;;;;
20251107;062002.552;;25308.00;25308.00;3;ASK;;;;;
20251107;062002.552;;25308.00;25308.00;4;ASK;;;;;
20251107;062002.552;25307.50;;25307.50;1;BID;;;;;
20251107;062002.552;25307.25;;25307.25;1;BID;;;;;
20251107;062002.552;25307.00;;25307.00;4;BID;;;;;
20251107;062002.556;;25307.75;25307.75;1;ASK;;;;;
20251107;062002.556;;25308.00;25308.00;3;ASK;;;;;
20251107;062002.556;;25308.00;25308.00;2;ASK;;;;;
20251107;062002.556;25307.00;;25307.00;3;BID;;;;;
20251107;062002.556;25307.00;;25307.00;2;BID;;;;;
20251107;062002.560;;25307.75;25307.75;1;ASK;;;;;
20251107;062002.684;;25308.00;25308.00;2;ASK;;;;;
20251107;062002.684;;25307.75;25307.75;1;ASK;;;;;
20251107;062003.384;;25307.75;25307.75;2;ASK;;;;;
20251107;062003.384;;25307.75;25307.75;3;ASK;;;;;
20251107;062003.384;;25307.50;25307.50;1;ASK;;;;;
20251107;062003.384;25307.00;;25307.00;1;BID;;;;;
20251107;062003.384;25307.00;;25307.00;1;BID;;;;;
20251107;062003.384;25307.00;;25307.00;1;BID;;;;;
20251107;062003.384;25306.75;;25306.75;2;BID;;;;;
20251107;062003.384;;25307.50;25307.50;2;ASK;;;;;
20251107;062003.384;;25307.50;25307.50;3;ASK;;;;;
20251107;062003.384;;25307.50;25307.50;4;ASK;;;;;
20251107;062003.384;;25307.50;25307.50;5;ASK;;;;;
20251107;062003.384;;25307.25;25307.25;1;ASK;;;;;
20251107;062003.384;25306.75;;25306.75;1;BID;;;;;
20251107;062003.384;25306.50;;25306.50;1;BID;;;;;
20251107;062003.384;25306.25;;25306.25;2;BID;;;;;
20251107;062003.384;;25306.75;25306.75;1;ASK;;;;;
20251107;062003.384;25306.25;;25306.25;1;BID;;;;;
20251107;062003.384;25306.00;;25306.00;1;BID;;;;;
20251107;062003.416;25306.00;;25306.00;2;BID;;;;;
20251107;062003.444;;25307.25;25307.25;2;ASK;;;;;
20251107;062003.444;;25307.25;25307.25;1;ASK;;;;;
20251107;062003.444;;25307.00;25307.00;1;ASK;;;;;
20251107;062003.444;25306.25;;25306.25;1;BID;;;;;
20251107;062003.444;25306.00;;25306.00;2;BID;;;;;
20251107;062003.528;;25307.00;25307.00;2;ASK;;;;;
20251107;062003.528;;25306.75;25306.75;1;ASK;;;;;
20251107;062003.528;25306.00;;25306.00;3;BID;;;;;
20251107;062003.528;;25307.00;25307.00;2;ASK;;;;;
20251107;062003.536;;25307.00;25307.00;1;ASK;;;;;
20251107;062003.536;25306.00;;25306.00;4;BID;;;;;
20251107;062003.536;25306.25;;25306.25;1;BID;;;;;
20251107;062003.564;25306.00;;25306.00;3;BID;;;;;
20251107;062003.564;25306.00;;25306.00;2;BID;;;;;
20251107;062003.604;;25307.00;25307.00;1;ASK;;;;;
20251107;062003.604;;25307.25;25307.25;2;ASK;;;;;
20251107;062003.604;;25307.25;25307.25;1;ASK;;;;;
20251107;062003.604;25306.25;;25306.25;1;BID;;;;;
20251107;062003.612;25306.25;;25306.25;2;BID;;;;;
20251107;062003.624;25306.50;;25306.50;1;BID;;;;;
20251107;062003.624;;25307.50;25307.50;4;ASK;;;;;
20251107;062003.624;;25307.50;25307.50;3;ASK;;;;;
20251107;062003.688;;25307.50;25307.50;2;ASK;;;;;
20251107;062003.688;25306.75;;25306.75;1;BID;;;;;
20251107;062003.688;25306.50;;25306.50;1;BID;;;;;
20251107;062003.824;;25307.25;25307.25;1;ASK;;;;;
20251107;062003.824;;25307.25;25307.25;2;ASK;;;;;
20251107;062003.824;25306.25;;25306.25;2;BID;;;;;
20251107;062003.884;;25307.00;25307.00;1;ASK;;;;;
20251107;062003.904;;25307.25;25307.25;1;ASK;;;;;
20251107;062003.904;;25307.50;25307.50;1;ASK;;;;;
20251107;062003.904;;25307.50;25307.50;1;ASK;;;;;
20251107;062003.904;;25307.75;25307.75;1;ASK;;;;;
20251107;062003.904;25306.50;;25306.50;1;BID;;;;;
20251107;062003.904;;25308.00;25308.00;1;ASK;;;;;
20251107;062003.904;25306.50;;25306.50;2;BID;;;;;
20251107;062003.904;;25308.25;25308.25;1;ASK;;;;;
20251107;062003.908;25306.50;;25306.50;3;BID;;;;;
20251107;062003.908;25306.50;;25306.50;4;BID;;;;;
20251107;062003.908;25307.00;;25307.00;1;BID;;;;;
20251107;062003.908;25307.25;;25307.25;1;BID;;;;;
20251107;062003.908;;25308.50;25308.50;1;ASK;;;;;
20251107;062003.908;;25308.25;25308.25;1;ASK;;;;;
20251107;062003.908;25307.25;;25307.25;2;BID;;;;;
20251107;062003.908;25307.25;;25307.25;3;BID;;;;;
20251107;062003.908;25307.50;;25307.50;1;BID;;;;;
20251107;062003.908;25307.50;;25307.50;2;BID;;;;;
20251107;062003.908;25307.50;;25307.50;3;BID;;;;;
20251107;062003.908;25307.75;;25307.75;1;BID;;;;;
20251107;062003.912;25307.50;;25307.50;3;BID;;;;;
20251107;062003.912;;25308.50;25308.50;1;ASK;;;;;
20251107;062003.916;25307.50;;25307.50;2;BID;;;;;
20251107;062003.944;25307.75;;25307.75;1;BID;;;;;
20251107;062003.944;25307.50;;25307.50;2;BID;;;;;
20251107;062003.948;25307.50;;25307.50;3;BID;;;;;
20251107;062003.948;25307.75;;25307.75;1;BID;;;;;
20251107;062003.972;25307.75;;25307.75;2;BID;;;;;
20251107;062004.436;25308.00;;25308.00;1;BID;;;;;
20251107;062004.436;25308.00;;25308.00;2;BID;;;;;
20251107;062004.436;25308.00;;25308.00;1;BID;;;;;
20251107;062004.456;25308.00;;25308.00;1;BID;;;;;
20251107;062004.456;25307.75;;25307.75;4;BID;;;;;
20251107;062004.456;25307.75;;25307.75;3;BID;;;;;
20251107;062004.456;25307.75;;25307.75;2;BID;;;;;
20251107;062004.456;25307.75;;25307.75;1;BID;;;;;
20251107;062004.568;25307.75;;25307.75;1;BID;;;;;
20251107;062004.568;25307.50;;25307.50;1;BID;;;;;
20251107;062004.568;;25308.25;25308.25;1;ASK;;;;;
20251107;062004.568;;25308.50;25308.50;1;ASK;;;;;
20251107;062004.568;25307.75;;25307.75;1;BID;;;;;
20251107;062004.608;25307.50;;25307.50;1;BID;;;;;
20251107;062004.608;25307.75;;25307.75;1;BID;;;;;
20251107;062004.616;25307.50;;25307.50;1;BID;;;;;
20251107;062004.616;;25308.25;25308.25;1;ASK;;;;;
20251107;062004.956;;25308.50;25308.50;1;ASK;;;;;
20251107;062004.972;25307.50;;25307.50;2;BID;;;;;
20251107;062004.972;25307.75;;25307.75;1;BID;;;;;
20251107;062005.928;25308.00;;25308.00;1;BID;;;;;
20251107;062005.928;25307.75;;25307.75;1;BID;;;;;
20251107;062005.928;;25308.50;25308.50;1;ASK;;;;;
20251107;062005.928;;25308.75;25308.75;1;ASK;;;;;
20251107;062005.928;25308.00;;25308.00;1;BID;;;;;
20251107;062005.928;;25309.00;25309.00;2;ASK;;;;;
20251107;062005.928;25307.75;;25307.75;3;BID;;;;;
20251107;062005.928;;25309.00;25309.00;1;ASK;;;;;
20251107;062005.928;25308.00;;25308.00;1;BID;;;;;
20251107;062005.928;;25309.50;25309.50;1;ASK;;;;;
20251107;062005.928;25308.00;;25308.00;2;BID;;;;;
20251107;062005.928;25308.00;;25308.00;3;BID;;;;;
20251107;062005.928;25308.25;;25308.25;1;BID;;;;;
20251107;062005.928;;25309.75;25309.75;1;ASK;;;;;
20251107;062005.928;;25309.50;25309.50;1;ASK;;;;;
20251107;062005.928;25308.25;;25308.25;2;BID;;;;;
20251107;062005.928;25308.50;;25308.50;1;BID;;;;;
20251107;062005.928;;25309.50;25309.50;2;ASK;;;;;
20251107;062005.928;25308.25;;25308.25;2;BID;;;;;
20251107;062005.928;;25309.50;25309.50;1;ASK;;;;;
20251107;062005.928;;25309.25;25309.25;1;ASK;;;;;
20251107;062005.928;25308.25;;25308.25;1;BID;;;;;
20251107;062005.928;25308.50;;25308.50;1;BID;;;;;
20251107;062005.928;25308.25;;25308.25;1;BID;;;;;
20251107;062005.928;;25309.25;25309.25;2;ASK;;;;;
20251107;062005.932;;25309.00;25309.00;1;ASK;;;;;
20251107;062005.932;;25309.25;25309.25;2;ASK;;;;;
20251107;062005.932;;25309.00;25309.00;1;ASK;;;;;
20251107;062005.932;25308.00;;25308.00;1;BID;;;;;
20251107;062005.940;25308.00;;25308.00;2;BID;;;;;
20251107;062005.940;25308.25;;25308.25;1;BID;;;;;
20251107;062005.940;;25309.25;25309.25;2;ASK;;;;;
20251107;062005.940;;25309.00;25309.00;1;ASK;;;;;
20251107;062005.940;25308.00;;25308.00;1;BID;;;;;
20251107;062005.956;25308.25;;25308.25;1;BID;;;;;
20251107;062006.000;;25309.25;25309.25;2;ASK;;;;;
20251107;062006.020;;25309.00;25309.00;1;ASK;;;;;
20251107;062006.020;25308.00;;25308.00;1;BID;;;;;
20251107;062006.028;25308.00;;25308.00;2;BID;;;;;
20251107;062006.028;25308.25;;25308.25;1;BID;;;;;
20251107;062006.028;;25309.25;25309.25;2;ASK;;;;;
20251107;062006.244;25308.25;;25308.25;2;BID;;;;;
20251107;062006.244;25308.50;;25308.50;1;BID;;;;;
20251107;062006.244;;25309.25;25309.25;1;ASK;;;;;
20251107;062006.244;;25309.50;25309.50;2;ASK;;;;;
20251107;062006.244;;25309.50;25309.50;1;ASK;;;;;
20251107;062006.244;;25309.25;25309.25;1;ASK;;;;;
20251107;062006.244;25308.25;;25308.25;2;BID;;;;;
20251107;062006.244;25308.25;;25308.25;1;BID;;;;;
20251107;062006.248;;25309.25;25309.25;2;ASK;;;;;
20251107;062006.248;25308.00;;25308.00;3;BID;;;;;
20251107;062006.248;;25309.00;25309.00;1;ASK;;;;;
20251107;062006.248;25308.00;;25308.00;2;BID;;;;;
20251107;062006.248;;25309.00;25309.00;2;ASK;;;;;
20251107;062006.248;;25308.75;25308.75;1;ASK;;;;;
20251107;062006.248;25308.00;;25308.00;1;BID;;;;;
20251107;062006.248;25307.75;;25307.75;3;BID;;;;;
20251107;062006.248;25307.75;;25307.75;2;BID;;;;;
20251107;062006.392;25307.75;;25307.75;1;BID;;;;;
20251107;062006.392;;25308.50;25308.50;1;ASK;;;;;
20251107;062006.412;25308.00;;25308.00;1;BID;;;;;
20251107;062006.412;;25308.75;25308.75;1;ASK;;;;;
20251107;062006.412;;25309.00;25309.00;1;ASK;;;;;
20251107;062006.412;;25308.75;25308.75;1;ASK;;;;;
20251107;062006.860;25307.75;;25307.75;1;BID;;;;;
20251107;062006.860;;25308.50;25308.50;1;ASK;;;;;
20251107;062006.868;;25308.75;25308.75;1;ASK;;;;;
20251107;062006.868;25308.00;;25308.00;1;BID;;;;;
20251107;062006.984;;25309.00;25309.00;1;ASK;;;;;
20251107;062007.240;;25308.75;25308.75;1;ASK;;;;;
20251107;062007.292;25307.75;;25307.75;1;BID;;;;;
20251107;062007.300;25307.75;;25307.75;1;BID;;;;;
20251107;062007.300;25307.50;;25307.50;3;BID;;;;;
20251107;062007.300;;25308.50;25308.50;1;ASK;;;;;
20251107;062007.300;25307.50;;25307.50;2;BID;;;;;
20251107;062007.300;25307.50;;25307.50;3;BID;;;;;
20251107;062007.300;;25308.75;25308.75;2;ASK;;;;;
20251107;062007.300;25307.75;;25307.75;1;BID;;;;;
20251107;062007.348;;25308.50;25308.50;1;ASK;;;;;
20251107;062007.420;;25308.75;25308.75;2;ASK;;;;;
20251107;062007.832;;25308.75;25308.75;3;ASK;;;;;
20251107;062007.832;;25308.50;25308.50;1;ASK;;;;;
20251107;062007.832;25307.50;;25307.50;1;BID;;;;;
20251107;062007.832;;25308.25;25308.25;1;ASK;;;;;
20251107;062007.832;25307.25;;25307.25;1;BID;;;;;
20251107;062007.832;25307.00;;25307.00;3;BID;;;;;
20251107;062007.832;;25308.00;25308.00;1;ASK;;;;;
20251107;062007.832;25307.25;;25307.25;1;BID;;;;;
20251107;062007.836;;25308.25;25308.25;1;ASK;;;;;
20251107;062007.844;;25308.00;25308.00;1;ASK;;;;;
20251107;062007.844;;25307.75;25307.75;1;ASK;;;;;
20251107;062007.844;25307.00;;25307.00;4;BID;;;;;
20251107;062007.844;25307.00;;25307.00;3;BID;;;;;
20251107;062007.844;25307.00;;25307.00;2;BID;;;;;
20251107;062007.844;25307.00;;25307.00;1;BID;;;;;
20251107;062007.848;;25308.00;25308.00;2;ASK;;;;;
20251107;062007.848;25306.75;;25306.75;3;BID;;;;;
20251107;062007.848;25306.75;;25306.75;2;BID;;;;;
20251107;062007.848;25306.75;;25306.75;3;BID;;;;;
20251107;062007.848;25306.75;;25306.75;2;BID;;;;;
20251107;062007.848;;25307.75;25307.75;1;ASK;;;;;
20251107;062007.848;25306.75;;25306.75;1;BID;;;;;
20251107;062007.848;;25308.00;25308.00;2;ASK;;;;;
20251107;062007.848;25306.75;;25306.75;2;BID;;;;;
20251107;062007.856;;25308.00;25308.00;1;ASK;;;;;
20251107;062007.856;25306.75;;25306.75;3;BID;;;;;
20251107;062007.856;;25308.25;25308.25;1;ASK;;;;;
20251107;062007.856;;25308.25;25308.25;2;ASK;;;;;
20251107;062007.856;;25308.00;25308.00;1;ASK;;;;;
20251107;062007.856;;25307.75;25307.75;1;ASK;;;;;
20251107;062007.856;25306.75;;25306.75;2;BID;;;;;
20251107;062007.880;25307.00;;25307.00;1;BID;;;;;
20251107;062007.892;25306.75;;25306.75;2;BID;;;;;
20251107;062007.956;25306.75;;25306.75;1;BID;;;;;
20251107;062007.956;;25307.50;25307.50;1;ASK;;;;;
20251107;062008.164;25306.75;;25306.75;2;BID;;;;;
20251107;062008.164;;25308.00;25308.00;1;ASK;;;;;
20251107;062008.168;25306.75;;25306.75;1;BID;;;;;
20251107;062008.168;25307.00;;25307.00;1;BID;;;;;
20251107;062008.168;;25307.75;25307.75;1;ASK;;;;;
20251107;062008.188;25306.75;;25306.75;1;BID;;;;;
20251107;062008.204;25306.75;;25306.75;2;BID;;;;;
20251107;062008.428;;25308.00;25308.00;1;ASK;;;;;
20251107;062008.428;25307.00;;25307.00;1;BID;;;;;
20251107;062008.428;25307.00;;25307.00;2;BID;;;;;
20251107;062009.404;;25307.75;25307.75;1;ASK;;;;;
20251107;062009.404;25307.00;;25307.00;1;BID;;;;;
20251107;062009.404;25306.75;;25306.75;1;BID;;;;;
20251107;062009.404;;25307.50;25307.50;1;ASK;;;;;
20251107;062009.460;;25307.75;25307.75;1;ASK;;;;;
20251107;062009.800;25306.75;;25306.75;2;BID;;;;;
20251107;062010.348;;25308.00;25308.00;2;ASK;;;;;
20251107;062010.348;;25308.00;25308.00;1;ASK;;;;;
20251107;062010.348;25306.75;;25306.75;1;BID;;;;;
20251107;062010.348;25307.00;;25307.00;1;BID;;;;;
20251107;062010.712;25307.00;;25307.00;2;BID;;;;;
20251107;062010.712;25307.00;;25307.00;3;BID;;;;;
20251107;062010.712;;25308.25;25308.25;2;ASK;;;;;
20251107;062010.712;;25308.00;25308.00;1;ASK;;;;;
20251107;062010.712;25307.00;;25307.00;2;BID;;;;;
20251107;062010.712;25307.00;;25307.00;3;BID;;;;;
20251107;062010.712;25307.25;;25307.25;1;BID;;;;;
20251107;062010.712;;25308.25;25308.25;2;ASK;;;;;
20251107;062010.712;;25308.25;25308.25;1;ASK;;;;;
20251107;062010.712;25307.25;;25307.25;2;BID;;;;;
20251107;062010.712;25307.25;;25307.25;3;BID;;;;;
20251107;062010.712;;25308.50;25308.50;2;ASK;;;;;
20251107;062010.712;;25308.50;25308.50;1;ASK;;;;;
20251107;062010.712;;25308.75;25308.75;3;ASK;;;;;
20251107;062010.712;25307.25;;25307.25;4;BID;;;;;
20251107;062010.712;25307.25;;25307.25;5;BID;;;;;
20251107;062010.712;25307.50;;25307.50;1;BID;;;;;
20251107;062010.712;25307.50;;25307.50;2;BID;;;;;
20251107;062010.712;25307.50;;25307.50;3;BID;;;;;
20251107;062010.712;;25308.75;25308.75;2;ASK;;;;;
20251107;062010.712;25307.50;;25307.50;4;BID;;;;;
20251107;062011.168;25307.50;;25307.50;3;BID;;;;;
20251107;062011.168;;25308.50;25308.50;1;ASK;;;;;
20251107;062011.168;25307.50;;25307.50;2;BID;;;;;
20251107;062011.168;25307.50;;25307.50;1;BID;;;;;
20251107;062011.168;25307.50;;25307.50;2;BID;;;;;
20251107;062011.168;25307.50;;25307.50;1;BID;;;;;
20251107;062011.168;;25308.25;25308.25;1;ASK;;;;;
20251107;062011.172;25307.25;;25307.25;1;BID;;;;;
20251107;062011.172;25307.00;;25307.00;2;BID;;;;;
20251107;062011.172;;25308.00;25308.00;1;ASK;;;;;
20251107;062011.172;25307.00;;25307.00;1;BID;;;;;
20251107;062011.172;25306.75;;25306.75;2;BID;;;;;
20251107;062011.172;;25307.75;25307.75;1;ASK;;;;;
20251107;062011.172;25306.75;;25306.75;3;BID;;;;;
20251107;062011.172;;25308.00;25308.00;1;ASK;;;;;
20251107;062011.192;;25307.75;25307.75;1;ASK;;;;;
20251107;062011.192;25306.75;;25306.75;2;BID;;;;;
20251107;062011.252;25306.75;;25306.75;3;BID;;;;;
20251107;062011.252;;25308.00;25308.00;1;ASK;;;;;
20251107;062011.252;25306.75;;25306.75;2;BID;;;;;
20251107;062011.252;25307.00;;25307.00;1;BID;;;;;
20251107;062011.280;;25307.75;25307.75;1;ASK;;;;;
20251107;062011.280;25306.75;;25306.75;2;BID;;;;;
20251107;062011.612;25306.75;;25306.75;3;BID;;;;;
20251107;062011.612;25307.00;;25307.00;1;BID;;;;;
20251107;062011.644;;25308.00;25308.00;1;ASK;;;;;
20251107;062011.644;;25307.75;25307.75;1;ASK;;;;;
20251107;062011.644;25306.75;;25306.75;2;BID;;;;;
20251107;062011.716;25306.75;;25306.75;1;BID;;;;;
20251107;062011.716;25306.75;;25306.75;1;BID;;;;;
20251107;062011.716;;25307.50;25307.50;1;ASK;;;;;
20251107;062011.716;25307.00;;25307.00;1;BID;;;;;
20251107;062011.716;25306.50;;25306.50;3;BID;;;;;
20251107;062011.716;;25307.75;25307.75;1;ASK;;;;;
20251107;062011.716;25306.50;;25306.50;2;BID;;;;;
20251107;062011.716;25306.50;;25306.50;3;BID;;;;;
20251107;062011.720;;25307.75;25307.75;2;ASK;;;;;
20251107;062011.756;;25307.50;25307.50;1;ASK;;;;;
20251107;062011.756;25306.50;;25306.50;2;BID;;;;;
20251107;062011.760;;25307.75;25307.75;1;ASK;;;;;
20251107;062011.760;25306.50;;25306.50;3;BID;;;;;
20251107;062011.768;;25307.75;25307.75;2;ASK;;;;;
20251107;062011.768;;25307.50;25307.50;1;ASK;;;;;
20251107;062011.768;25306.50;;25306.50;2;BID;;;;;
20251107;062011.768;;25307.75;25307.75;1;ASK;;;;;
20251107;062011.816;;25307.50;25307.50;1;ASK;;;;;
20251107;062011.832;;25307.75;25307.75;1;ASK;;;;;
20251107;062011.868;;25307.50;25307.50;1;ASK;;;;;
20251107;062011.924;;25307.75;25307.75;1;ASK;;;;;
20251107;062011.976;;25307.50;25307.50;1;ASK;;;;;
20251107;062011.976;25306.50;;25306.50;1;BID;;;;;
20251107;062012.016;25306.50;;25306.50;2;BID;;;;;
20251107;062012.016;;25307.75;25307.75;1;ASK;;;;;
20251107;062012.016;25306.50;;25306.50;1;BID;;;;;
20251107;062012.020;25306.50;;25306.50;2;BID;;;;;
20251107;062012.084;;25307.50;25307.50;1;ASK;;;;;
20251107;062012.084;25306.50;;25306.50;1;BID;;;;;
20251107;062012.104;;25307.75;25307.75;1;ASK;;;;;
20251107;062012.176;;25307.50;25307.50;1;ASK;;;;;
20251107;062012.176;25306.50;;25306.50;2;BID;;;;;
20251107;062012.176;25306.50;;25306.50;1;BID;;;;;
20251107;062012.176;;25307.75;25307.75;1;ASK;;;;;
20251107;062012.188;25306.50;;25306.50;2;BID;;;;;
20251107;062012.280;25306.50;;25306.50;3;BID;;;;;
20251107;062012.536;;25307.50;25307.50;1;ASK;;;;;
20251107;062012.536;25306.50;;25306.50;2;BID;;;;;
20251107;062012.536;25306.50;;25306.50;1;BID;;;;;
20251107;062012.596;;25307.50;25307.50;2;ASK;;;;;
20251107;062012.596;;25307.25;25307.25;1;ASK;;;;;
20251107;062012.596;25306.25;;25306.25;4;BID;;;;;
20251107;062012.596;25306.25;;25306.25;3;BID;;;;;
20251107;062012.596;25306.25;;25306.25;2;BID;;;;;
20251107;062012.600;25306.25;;25306.25;1;BID;;;;;
20251107;062012.600;25306.00;;25306.00;1;BID;;;;;
20251107;062012.600;;25307.00;25307.00;1;ASK;;;;;
20251107;062012.600;;25307.00;25307.00;2;ASK;;;;;
20251107;062012.600;;25307.00;25307.00;1;ASK;;;;;
20251107;062012.600;25305.75;;25305.75;2;BID;;;;;
20251107;062012.600;25305.75;;25305.75;1;BID;;;;;
20251107;062012.600;;25306.75;25306.75;1;ASK;;;;;
20251107;062012.600;25305.50;;25305.50;4;BID;;;;;
20251107;062012.600;25305.50;;25305.50;3;BID;;;;;
20251107;062012.600;25305.50;;25305.50;2;BID;;;;;
20251107;062012.608;25305.50;;25305.50;3;BID;;;;;
20251107;062012.608;25305.50;;25305.50;4;BID;;;;;
20251107;062012.608;;25307.00;25307.00;1;ASK;;;;;
20251107;062012.608;25305.50;;25305.50;3;BID;;;;;
20251107;062012.608;;25306.75;25306.75;1;ASK;;;;;
20251107;062012.608;;25306.50;25306.50;1;ASK;;;;;
20251107;062012.612;;25306.75;25306.75;1;ASK;;;;;
20251107;062012.668;25305.50;;25305.50;2;BID;;;;;
20251107;062012.668;;25306.50;25306.50;1;ASK;;;;;
20251107;062012.712;25305.50;;25305.50;3;BID;;;;;
20251107;062012.712;;25306.75;25306.75;1;ASK;;;;;
20251107;062012.712;;25307.00;25307.00;1;ASK;;;;;
20251107;062012.712;25305.75;;25305.75;1;BID;;;;;
20251107;062012.716;;25306.75;25306.75;1;ASK;;;;;
20251107;062012.716;25305.50;;25305.50;3;BID;;;;;
20251107;062012.720;25305.50;;25305.50;4;BID;;;;;
20251107;062012.720;;25307.00;25307.00;1;ASK;;;;;
20251107;062012.736;;25306.75;25306.75;1;ASK;;;;;
20251107;062012.736;25305.50;;25305.50;3;BID;;;;;
20251107;062012.740;25305.50;;25305.50;4;BID;;;;;
20251107;062012.740;;25307.00;25307.00;1;ASK;;;;;
20251107;062012.740;25305.75;;25305.75;1;BID;;;;;
20251107;062012.740;25305.75;;25305.75;2;BID;;;;;
20251107;062012.772;25306.00;;25306.00;1;BID;;;;;
20251107;062012.772;;25307.25;25307.25;3;ASK;;;;;
20251107;062012.772;25306.00;;25306.00;2;BID;;;;;
20251107;062012.772;;25307.25;25307.25;2;ASK;;;;;
20251107;062012.772;25306.00;;25306.00;1;BID;;;;;
20251107;062012.776;;25307.00;25307.00;1;ASK;;;;;
20251107;062012.776;25306.00;;25306.00;2;BID;;;;;
20251107;062012.908;25306.00;;25306.00;3;BID;;;;;
20251107;062012.908;25306.00;;25306.00;4;BID;;;;;
20251107;062012.908;;25307.50;25307.50;1;ASK;;;;;
20251107;062012.908;25306.25;;25306.25;1;BID;;;;;
20251107;062012.916;25306.25;;25306.25;2;BID;;;;;
20251107;062012.916;;25307.75;25307.75;2;ASK;;;;;
20251107;062012.916;25306.25;;25306.25;3;BID;;;;;
20251107;062012.916;;25307.75;25307.75;1;ASK;;;;;
20251107;062012.916;;25307.50;25307.50;1;ASK;;;;;
20251107;062012.916;;25307.75;25307.75;1;ASK;;;;;
20251107;062012.920;;25307.50;25307.50;1;ASK;;;;;
20251107;062012.924;;25307.25;25307.25;1;ASK;;;;;
20251107;062012.924;25306.25;;25306.25;2;BID;;;;;
20251107;062012.924;;25307.00;25307.00;1;ASK;;;;;
20251107;062012.928;;25307.25;25307.25;1;ASK;;;;;
20251107;062012.944;;25307.75;25307.75;1;ASK;;;;;
20251107;062012.944;;25307.75;25307.75;2;ASK;;;;;
20251107;062012.944;;25307.50;25307.50;1;ASK;;;;;
20251107;062013.052;;25307.50;25307.50;1;ASK;;;;;
20251107;062013.052;;25307.75;25307.75;2;ASK;;;;;
20251107;062013.052;25306.50;;25306.50;1;BID;;;;;
20251107;062013.052;25306.50;;25306.50;2;BID;;;;;
20251107;062013.056;;25307.75;25307.75;1;ASK;;;;;
20251107;062013.056;25306.75;;25306.75;1;BID;;;;;
20251107;062013.080;25307.00;;25307.00;1;BID;;;;;
20251107;062013.092;25306.75;;25306.75;1;BID;;;;;
20251107;062013.560;;25307.75;25307.75;1;ASK;;;;;
20251107;062013.560;;25308.00;25308.00;2;ASK;;;;;
20251107;062013.560;25307.00;;25307.00;1;BID;;;;;
20251107;062013.560;;25308.00;25308.00;1;ASK;;;;;
20251107;062013.560;25307.00;;25307.00;2;BID;;;;;
20251107;062013.560;25307.00;;25307.00;1;BID;;;;;
20251107;062013.560;;25307.75;25307.75;1;ASK;;;;;
20251107;062013.560;25306.75;;25306.75;2;BID;;;;;
20251107;062013.564;25306.75;;25306.75;1;BID;;;;;
20251107;062013.584;;25307.50;25307.50;1;ASK;;;;;
20251107;062013.616;25307.00;;25307.00;1;BID;;;;;
20251107;062013.616;;25307.75;25307.75;1;ASK;;;;;
20251107;062013.616;;25308.00;25308.00;1;ASK;;;;;
20251107;062013.620;;25307.75;25307.75;1;ASK;;;;;
20251107;062013.620;;25308.00;25308.00;1;ASK;;;;;
20251107;062013.712;;25307.75;25307.75;1;ASK;;;;;
20251107;062013.712;25306.75;;25306.75;2;BID;;;;;
20251107;062013.720;25306.75;;25306.75;3;BID;;;;;
20251107;062013.720;25307.00;;25307.00;1;BID;;;;;
20251107;062013.720;25307.00;;25307.00;2;BID;;;;;
20251107;062013.720;;25308.00;25308.00;1;ASK;;;;;
20251107;062013.720;25307.25;;25307.25;1;BID;;;;;
20251107;062013.732;25307.00;;25307.00;3;BID;;;;;
20251107;062013.732;25307.00;;25307.00;2;BID;;;;;
20251107;062014.084;25307.00;;25307.00;1;BID;;;;;
20251107;062014.084;25307.00;;25307.00;1;BID;;;;;
20251107;062014.084;;25307.75;25307.75;1;ASK;;;;;
20251107;062014.084;25306.75;;25306.75;3;BID;;;;;
20251107;062014.084;25306.75;;25306.75;2;BID;;;;;
20251107;062014.088;25306.75;;25306.75;3;BID;;;;;
20251107;062014.088;25307.00;;25307.00;1;BID;;;;;
20251107;062014.268;25307.00;;25307.00;1;BID;;;;;
20251107;062014.268;25306.75;;25306.75;3;BID;;;;;
20251107;062014.268;;25307.50;25307.50;1;ASK;;;;;
20251107;062014.268;25306.75;;25306.75;2;BID;;;;;
20251107;062014.268;;25307.75;25307.75;1;ASK;;;;;
20251107;062014.268;25306.75;;25306.75;1;BID;;;;;
20251107;062014.268;;25307.75;25307.75;2;ASK;;;;;
20251107;062014.268;;25307.50;25307.50;1;ASK;;;;;
20251107;062014.476;;25307.75;25307.75;2;ASK;;;;;
20251107;062014.476;;25307.75;25307.75;1;ASK;;;;;
20251107;062014.476;;25308.00;25308.00;2;ASK;;;;;
20251107;062014.476;;25307.75;25307.75;1;ASK;;;;;
20251107;062014.480;25306.75;;25306.75;2;BID;;;;;
20251107;062014.488;;25308.00;25308.00;1;ASK;;;;;
20251107;062014.488;25306.75;;25306.75;3;BID;;;;;
20251107;062014.940;;25307.75;25307.75;1;ASK;;;;;
20251107;062014.940;;25307.75;25307.75;2;ASK;;;;;
20251107;062014.940;25306.75;;25306.75;2;BID;;;;;
20251107;062014.944;;25307.75;25307.75;1;ASK;;;;;
20251107;062014.948;25306.75;;25306.75;3;BID;;;;;
20251107;062014.948;;25308.00;25308.00;1;ASK;;;;;
20251107;062015.008;;25307.75;25307.75;1;ASK;;;;;
20251107;062015.008;25306.75;;25306.75;2;BID;;;;;
20251107;062015.024;;25308.00;25308.00;1;ASK;;;;;
20251107;062015.024;25306.75;;25306.75;1;BID;;;;;
20251107;062015.024;25306.75;;25306.75;2;BID;;;;;
20251107;062015.024;25306.75;;25306.75;1;BID;;;;;
20251107;062015.028;;25307.75;25307.75;1;ASK;;;;;
20251107;062015.456;;25308.00;25308.00;1;ASK;;;;;
20251107;062015.460;25306.75;;25306.75;2;BID;;;;;
20251107;062015.460;25307.00;;25307.00;1;BID;;;;;
20251107;062015.464;;25308.25;25308.25;1;ASK;;;;;
20251107;062015.464;25307.00;;25307.00;2;BID;;;;;
20251107;062015.464;25307.00;;25307.00;3;BID;;;;;
20251107;062015.464;;25308.50;25308.50;2;ASK;;;;;
20251107;062015.464;25307.25;;25307.25;1;BID;;;;;
20251107;062015.464;;25308.50;25308.50;1;ASK;;;;;
20251107;062015.464;25307.25;;25307.25;2;BID;;;;;
20251107;062015.464;25307.25;;25307.25;3;BID;;;;;
20251107;062015.464;25307.25;;25307.25;4;BID;;;;;
20251107;062015.464;;25308.75;25308.75;2;ASK;;;;;
20251107;062015.464;25307.50;;25307.50;1;BID;;;;;
20251107;062015.464;25307.50;;25307.50;2;BID;;;;;
20251107;062015.464;25307.50;;25307.50;3;BID;;;;;
20251107;062015.464;25307.50;;25307.50;4;BID;;;;;
20251107;062015.472;;25308.75;25308.75;1;ASK;;;;;
20251107;062015.472;;25308.75;25308.75;1;ASK;;;;;
20251107;062015.472;25307.75;;25307.75;1;BID;;;;;
20251107;062015.472;25307.75;;25307.75;2;BID;;;;;
20251107;062015.472;;25308.50;25308.50;1;ASK;;;;;
20251107;062015.472;25307.75;;25307.75;1;BID;;;;;
20251107;062015.472;25307.50;;25307.50;3;BID;;;;;
20251107;062015.472;25307.50;;25307.50;2;BID;;;;;
20251107;062015.472;25307.50;;25307.50;1;BID;;;;;
20251107;062015.472;25307.50;;25307.50;2;BID;;;;;
20251107;062015.476;25307.50;;25307.50;3;BID;;;;;
20251107;062015.476;25307.50;;25307.50;4;BID;;;;;
20251107;062015.476;25307.75;;25307.75;1;BID;;;;;
20251107;062015.476;;25308.75;25308.75;1;ASK;;;;;
20251107;062015.480;25307.75;;25307.75;2;BID;;;;;
20251107;062015.488;25308.00;;25308.00;1;BID;;;;;
20251107;062015.512;25308.00;;25308.00;2;BID;;;;;
20251107;062015.780;25308.25;;25308.25;1;BID;;;;;
20251107;062015.788;25308.25;;25308.25;2;BID;;;;;
20251107;062015.788;;25308.75;25308.75;1;ASK;;;;;
20251107;062015.788;;25309.25;25309.25;3;ASK;;;;;
20251107;062015.788;25308.50;;25308.50;1;BID;;;;;
20251107;062015.788;;25309.25;25309.25;2;ASK;;;;;
20251107;062015.788;;25309.25;25309.25;1;ASK;;;;;
20251107;062015.836;25308.25;;25308.25;1;BID;;;;;
20251107;062015.836;;25309.00;25309.00;1;ASK;;;;;
20251107;062015.836;25308.00;;25308.00;2;BID;;;;;
20251107;062015.836;25308.00;;25308.00;3;BID;;;;;
20251107;062015.836;25308.25;;25308.25;1;BID;;;;;
20251107;062015.836;;25309.25;25309.25;1;ASK;;;;;
20251107;062015.836;25308.50;;25308.50;1;BID;;;;;
20251107;062015.844;25308.25;;25308.25;1;BID;;;;;
20251107;062015.856;25308.25;;25308.25;2;BID;;;;;
20251107;062015.856;25308.50;;25308.50;1;BID;;;;;
20251107;062016.068;25308.25;;25308.25;2;BID;;;;;
20251107;062016.068;25308.25;;25308.25;1;BID;;;;;
20251107;062016.372;;25309.00;25309.00;1;ASK;;;;;
20251107;062016.372;25308.00;;25308.00;4;BID;;;;;
20251107;062016.372;25308.00;;25308.00;3;BID;;;;;
20251107;062016.372;25308.00;;25308.00;2;BID;;;;;
20251107;062016.372;25308.00;;25308.00;1;BID;;;;;
20251107;062016.372;25307.75;;25307.75;2;BID;;;;;
20251107;062016.372;;25309.00;25309.00;2;ASK;;;;;
20251107;062016.372;;25308.75;25308.75;1;ASK;;;;;
20251107;062016.372;25307.75;;25307.75;1;BID;;;;;
20251107;062016.380;25307.75;;25307.75;2;BID;;;;;
20251107;062016.380;25308.00;;25308.00;1;BID;;;;;
20251107;062016.380;;25309.00;25309.00;2;ASK;;;;;
20251107;062016.500;;25308.75;25308.75;1;ASK;;;;;
20251107;062016.748;25307.75;;25307.75;1;BID;;;;;
20251107;062016.768;25307.75;;25307.75;2;BID;;;;;
20251107;062016.768;25308.00;;25308.00;1;BID;;;;;
20251107;062016.768;;25309.00;25309.00;2;ASK;;;;;
20251107;062016.940;25308.25;;25308.25;1;BID;;;;;
20251107;062016.940;;25309.00;25309.00;1;ASK;;;;;
20251107;062016.940;;25309.25;25309.25;3;ASK;;;;;
20251107;062016.944;;25309.25;25309.25;2;ASK;;;;;
20251107;062017.276;;25309.00;25309.00;1;ASK;;;;;
20251107;062017.276;25308.00;;25308.00;1;BID;;;;;
20251107;062017.276;25308.00;;25308.00;2;BID;;;;;
20251107;062017.552;25308.00;;25308.00;3;BID;;;;;
20251107;062017.552;25308.25;;25308.25;1;BID;;;;;
20251107;062017.552;;25309.25;25309.25;2;ASK;;;;;
20251107;062017.552;25308.50;;25308.50;1;BID;;;;;
20251107;062017.552;;25309.25;25309.25;1;ASK;;;;;
20251107;062017.560;25308.25;;25308.25;1;BID;;;;;
20251107;062017.724;25308.25;;25308.25;2;BID;;;;;
20251107;062017.724;25308.50;;25308.50;1;BID;;;;;
20251107;062017.956;25308.25;;25308.25;2;BID;;;;;
20251107;062017.956;25308.25;;25308.25;1;BID;;;;;
20251107;062017.956;;25309.00;25309.00;1;ASK;;;;;
