Timestamp;Precio;Volumen;Lado;Bid;Ask
2025-10-09 06:00:04.268;25327;1;BID;25327;25327,5
2025-10-09 06:00:04.268;25327;1;BID;25327;25327,5
2025-10-09 06:00:04.268;25327;2;BID;25327;25327,5
2025-10-09 06:00:04.268;25327;1;BID;25327;25327,5
2025-10-09 06:00:04.268;25327;1;BID;25327;25327,5
2025-10-09 06:00:04.268;25327,25;1;ASK;25327;25327,5
2025-10-09 06:00:05.612;25327,5;1;BID;25327,5;25328
2025-10-09 06:00:09.500;25327,5;1;BID;25327,75;25328,25
2025-10-09 06:00:09.500;25327,75;1;BID;25327,75;25328,25
2025-10-09 06:00:09.500;25327,5;1;BID;25327,75;25328,25
2025-10-09 06:00:09.600;25328;1;ASK;25327,75;25328,25
2025-10-09 06:00:09.600;25328;1;ASK;25327,75;25328,25
2025-10-09 06:00:09.600;25328;1;ASK;25327,75;25328,25
2025-10-09 06:00:12.600;25328;1;ASK;25327,5;25328
2025-10-09 06:00:12.600;25328;1;ASK;25327,5;25328
2025-10-09 06:00:14.916;25328;1;ASK;25327,5;25328,25
2025-10-09 06:00:20.592;25327,75;1;ASK;25326,75;25327,5
2025-10-09 06:00:22.344;25327,5;1;ASK;25327;25327,75
2025-10-09 06:00:27.828;25328;2;BID;25328;25328,5
2025-10-09 06:00:27.828;25328,25;1;ASK;25328;25328,5
2025-10-09 06:00:27.828;25328,25;1;ASK;25328;25328,5
2025-10-09 06:00:27.828;25328,25;1;ASK;25328;25328,5
2025-10-09 06:00:33.256;25328,5;1;BID;25328,5;25329
2025-10-09 06:00:33.256;25328,5;1;BID;25328,5;25329
2025-10-09 06:00:33.256;25328,5;2;BID;25328,5;25329
2025-10-09 06:00:33.260;25328,5;1;BID;25328,5;25329
2025-10-09 06:00:33.596;25328,25;1;BID;25328,5;25329
2025-10-09 06:00:33.596;25328,25;1;BID;25328,5;25329
2025-10-09 06:00:33.596;25328,25;1;BID;25328,5;25329
2025-10-09 06:00:33.788;25328,25;1;BID;25328,5;25329
2025-10-09 06:00:33.788;25328,25;1;BID;25328,5;25329
2025-10-09 06:00:33.868;25328,25;2;BID;25328,5;25329
2025-10-09 06:00:34.276;25328,5;1;BID;25328,5;25329
2025-10-09 06:00:35.024;25329;1;ASK;25328,25;25329
2025-10-09 06:00:35.024;25329;2;ASK;25328,25;25329
2025-10-09 06:00:35.024;25329;1;ASK;25328,25;25329
2025-10-09 06:00:35.024;25329;1;ASK;25328,25;25329
2025-10-09 06:00:35.024;25329;1;ASK;25328,25;25329
2025-10-09 06:00:35.024;25329,25;1;ASK;25328,25;25329
2025-10-09 06:00:35.284;25328,5;1;BID;25328,25;25329
2025-10-09 06:00:35.288;25328,5;1;BID;25328,25;25329
2025-10-09 06:00:43.008;25329;1;ASK;25328,75;25329,25
2025-10-09 06:00:43.008;25329;1;ASK;25328,75;25329,25
2025-10-09 06:00:43.008;25329;1;ASK;25328,75;25329,25
2025-10-09 06:00:43.008;25329;1;ASK;25328,75;25329,25
2025-10-09 06:00:46.780;25329,25;1;ASK;25329;25329,25
2025-10-09 06:00:47.284;25329,25;1;ASK;25328,75;25329,25
2025-10-09 06:00:47.284;25329,25;1;ASK;25328,75;25329,25
2025-10-09 06:00:47.756;25329,25;1;ASK;25328,75;25329,25
2025-10-09 06:00:48.112;25329,25;1;ASK;25328,75;25329,25
2025-10-09 06:00:50.016;25328,75;1;ASK;25328;25328,75
2025-10-09 06:00:50.016;25328,75;1;ASK;25328;25328,75
2025-10-09 06:00:53.760;25328;1;BID;25328;25328,5
2025-10-09 06:00:53.760;25328;1;BID;25328;25328,5
2025-10-09 06:00:53.760;25327,75;1;BID;25328;25328,5
2025-10-09 06:00:53.760;25327,75;1;BID;25328;25328,5
2025-10-09 06:00:53.760;25327,75;1;BID;25328;25328,5
2025-10-09 06:00:58.984;25327,75;1;ASK;25327,5;25328
2025-10-09 06:00:59.004;25327,5;1;ASK;25326,25;25327
2025-10-09 06:00:59.724;25327;1;ASK;25326,25;25327
2025-10-09 06:00:59.724;25327;1;ASK;25326,25;25327
2025-10-09 06:00:59.724;25327;1;ASK;25326,25;25327
2025-10-09 06:00:59.724;25326,75;1;ASK;25326,25;25327
2025-10-09 06:00:59.724;25326,75;1;ASK;25326,25;25327
2025-10-09 06:00:59.724;25326,75;1;ASK;25326,25;25327
2025-10-09 06:00:59.724;25326,75;1;ASK;25326,25;25327
2025-10-09 06:00:59.724;25326,75;1;ASK;25326,25;25327
2025-10-09 06:00:59.724;25326,75;1;ASK;25326,25;25327
2025-10-09 06:00:59.724;25326,5;1;BID;25326,25;25327
2025-10-09 06:00:59.724;25326,5;1;BID;25326,25;25327
2025-10-09 06:00:59.724;25326,5;1;BID;25326,25;25327
2025-10-09 06:00:59.724;25326,25;1;BID;25326,25;25327
2025-10-09 06:00:59.724;25326,25;1;BID;25326,25;25327
2025-10-09 06:00:59.724;25326,25;1;BID;25326,25;25327
2025-10-09 06:00:59.724;25326,25;1;BID;25326,25;25327
2025-10-09 06:00:59.724;25326,25;1;BID;25326,25;25327
2025-10-09 06:00:59.724;25326,25;1;BID;25326,25;25327
2025-10-09 06:00:59.724;25326;1;BID;25326,25;25327
2025-10-09 06:00:59.724;25326;1;BID;25326,25;25327
2025-10-09 06:00:59.724;25326;1;BID;25326,25;25327
2025-10-09 06:00:59.724;25326;1;BID;25326,25;25327
2025-10-09 06:00:59.724;25325,75;1;BID;25326,25;25327
2025-10-09 06:00:59.724;25325,75;1;BID;25326,25;25327
2025-10-09 06:00:59.724;25325,75;1;BID;25326,25;25327
2025-10-09 06:00:59.724;25325,75;1;BID;25326,25;25327
2025-10-09 06:01:08.240;25327,25;1;ASK;25326,75;25327,5
2025-10-09 06:01:08.240;25327,5;1;ASK;25326,75;25327,5
2025-10-09 06:01:08.244;25327;1;BID;25326,75;25327,5
2025-10-09 06:01:10.736;25327,5;1;BID;25327,5;25328
2025-10-09 06:01:10.736;25327,75;1;ASK;25327,5;25328
2025-10-09 06:01:11.020;25327,5;1;ASK;25327;25327,75
2025-10-09 06:01:11.092;25327,5;1;ASK;25327;25327,75
2025-10-09 06:01:12.872;25327,25;1;BID;25327;25327,75
2025-10-09 06:01:12.872;25327,25;1;BID;25327;25327,75
2025-10-09 06:01:22.024;25327,5;1;ASK;25326,75;25327,5
2025-10-09 06:01:22.028;25327,25;1;ASK;25326,75;25327,5
2025-10-09 06:01:23.072;25327;1;ASK;25326,75;25327,25
2025-10-09 06:01:42.696;25326,25;1;ASK;25325,75;25326,25
2025-10-09 06:01:42.696;25326,25;1;ASK;25325,75;25326,25
2025-10-09 06:01:42.696;25326;1;ASK;25325,75;25326,25
2025-10-09 06:01:42.696;25326;1;ASK;25325,75;25326,25
2025-10-09 06:01:42.696;25326;1;ASK;25325,75;25326,25
2025-10-09 06:01:42.696;25325,75;1;BID;25325,75;25326,25
2025-10-09 06:01:42.696;25325,75;1;BID;25325,75;25326,25
2025-10-09 06:01:42.696;25325,75;1;BID;25325,75;25326,25
2025-10-09 06:01:42.696;25325,75;1;BID;25325,75;25326,25
2025-10-09 06:01:42.696;25325,75;1;BID;25325,75;25326,25
2025-10-09 06:01:42.732;25325,75;5;BID;25325,75;25326,25
2025-10-09 06:01:44.292;25326,25;1;ASK;25325,75;25326,25
2025-10-09 06:01:51.276;25326,25;1;BID;25326;25326,75
2025-10-09 06:01:55.064;25326,25;1;BID;25326;25326,75
2025-10-09 06:01:58.680;25326;1;BID;25326;25326,75
2025-10-09 06:01:58.680;25326;1;BID;25326;25326,75
2025-10-09 06:01:58.680;25326,25;1;BID;25326;25326,75
2025-10-09 06:02:14.532;25326,5;1;BID;25326,5;25327,25
2025-10-09 06:02:14.572;25326,75;1;BID;25326,5;25327,25
2025-10-09 06:02:22.860;25327;1;BID;25327;25327,75
2025-10-09 06:02:25.068;25327;1;ASK;25326,75;25327,25
2025-10-09 06:02:25.068;25327;1;ASK;25326,75;25327,25
2025-10-09 06:02:25.072;25326,75;1;BID;25326,75;25327,25
2025-10-09 06:02:25.072;25326,75;1;BID;25326,75;25327,25
2025-10-09 06:02:25.072;25326,75;1;BID;25326,75;25327,25
2025-10-09 06:02:25.072;25326,5;1;BID;25326,75;25327,25
2025-10-09 06:02:34.980;25326,75;1;BID;25326,5;25327,25
2025-10-09 06:02:43.932;25326,25;1;ASK;25325,5;25326
2025-10-09 06:02:43.932;25326;1;ASK;25325,5;25326
2025-10-09 06:02:46.236;25326;1;ASK;25325,5;25326
2025-10-09 06:02:47.800;25326;1;ASK;25325,5;25326
2025-10-09 06:02:54.172;25325,5;1;ASK;25325;25325,5
2025-10-09 06:02:54.172;25325,25;1;ASK;25325;25325,5
2025-10-09 06:02:54.172;25325,25;2;ASK;25325;25325,5
2025-10-09 06:02:54.172;25325,25;2;ASK;25325;25325,5
2025-10-09 06:02:55.644;25325;1;ASK;25324,5;25325,25
2025-10-09 06:02:55.644;25325;1;ASK;25324,5;25325,25
2025-10-09 06:02:55.644;25324,75;1;BID;25324,5;25325,25
2025-10-09 06:02:55.644;25324,75;1;BID;25324,5;25325,25
2025-10-09 06:02:56.644;25324,75;1;BID;25324,5;25325,25
2025-10-09 06:02:59.824;25325,25;1;ASK;25324,5;25325,25
2025-10-09 06:03:00.984;25325,25;1;ASK;25324,75;25325,5
2025-10-09 06:03:04.580;25324,75;1;BID;25324,5;25325,25
2025-10-09 06:03:04.600;25324,75;1;BID;25324,5;25325,25
2025-10-09 06:03:05.836;25325,25;1;ASK;25324,75;25325,5
2025-10-09 06:03:07.444;25324,75;1;BID;25324,5;25325,25
2025-10-09 06:03:09.352;25325,5;1;ASK;25325;25325,5
2025-10-09 06:03:09.788;25325,5;1;ASK;25325;25325,5
2025-10-09 06:03:10.448;25325,25;1;ASK;25324,25;25324,75
2025-10-09 06:03:10.704;25325,25;1;ASK;25324,25;25324,75
2025-10-09 06:03:10.708;25324,5;1;ASK;25324,25;25324,75
2025-10-09 06:03:10.708;25324,25;1;BID;25324,25;25324,75
2025-10-09 06:03:11.696;25324,25;1;BID;25324,25;25324,5
2025-10-09 06:03:13.744;25324,75;1;ASK;25324,5;25325
2025-10-09 06:03:14.228;25325;1;ASK;25324,5;25325,25
2025-10-09 06:03:21.096;25325,5;1;ASK;25325;25325,75
2025-10-09 06:03:29.236;25325,75;1;ASK;25325,5;25326
2025-10-09 06:03:29.236;25325,75;1;ASK;25325,5;25326
2025-10-09 06:03:29.236;25325,75;1;ASK;25325,5;25326
2025-10-09 06:03:29.236;25326;1;ASK;25325,5;25326
2025-10-09 06:03:30.236;25325,5;1;ASK;25325;25325,5
2025-10-09 06:03:30.236;25325,5;1;ASK;25325;25325,5
2025-10-09 06:03:34.560;25325;5;BID;25325,75;25326,25
2025-10-09 06:03:34.560;25325;1;BID;25325,75;25326,25
2025-10-09 06:03:34.560;25325;1;BID;25325,75;25326,25
2025-10-09 06:03:34.560;25325,25;1;BID;25325,75;25326,25
2025-10-09 06:03:34.572;25326;1;ASK;25325,75;25326,25
2025-10-09 06:03:34.576;25326,25;1;ASK;25325,75;25326,25
2025-10-09 06:03:34.576;25326,25;1;ASK;25325,75;25326,25
2025-10-09 06:03:34.584;25326;1;ASK;25325,75;25326,25
2025-10-09 06:03:42.600;25326;1;BID;25326;25326,75
2025-10-09 06:03:42.600;25326;1;BID;25326;25326,75
2025-10-09 06:03:42.604;25326;1;BID;25326;25326,75
2025-10-09 06:03:42.604;25326;1;BID;25326;25326,75
2025-10-09 06:03:42.980;25326,5;1;ASK;25326;25326,75
2025-10-09 06:03:44.240;25326,75;1;ASK;25326,25;25327
2025-10-09 06:03:46.024;25327;1;ASK;25326,75;25327,25
2025-10-09 06:03:47.252;25327,25;1;ASK;25326,5;25327,25
2025-10-09 06:03:47.976;25326,75;1;BID;25326,5;25327,25
2025-10-09 06:03:52.092;25327;1;ASK;25325,75;25326,5
2025-10-09 06:03:52.092;25326,5;1;ASK;25325,75;25326,5
2025-10-09 06:03:55.956;25325,5;1;ASK;25325,25;25325,75
2025-10-09 06:03:55.956;25325,5;1;ASK;25325,25;25325,75
2025-10-09 06:03:59.724;25325,75;1;ASK;25325,25;25326
2025-10-09 06:04:00.224;25326;1;ASK;25325,5;25326
2025-10-09 06:04:05.848;25325,75;1;BID;25325,5;25326,25
2025-10-09 06:04:08.288;25325,75;1;BID;25325,5;25326,25
2025-10-09 06:04:10.384;25325,5;1;BID;25325,5;25326,25
2025-10-09 06:04:15.340;25326,25;1;ASK;25326;25326,5
2025-10-09 06:04:15.340;25326,25;1;ASK;25326;25326,5
2025-10-09 06:04:19.720;25326,5;1;BID;25326,5;25326,75
2025-10-09 06:04:19.720;25326,5;1;BID;25326,5;25326,75
2025-10-09 06:04:22.276;25326,75;1;ASK;25326,25;25327
2025-10-09 06:04:22.388;25327;1;ASK;25326,25;25327
2025-10-09 06:04:22.388;25326,75;1;ASK;25326,25;25327
2025-10-09 06:04:25.384;25326,25;1;BID;25326,25;25327
2025-10-09 06:04:33.624;25326,75;1;ASK;25326,25;25327
2025-10-09 06:04:34.544;25326,25;1;BID;25326,5;25327
2025-10-09 06:04:34.544;25326,25;1;BID;25326,5;25327
2025-10-09 06:04:35.464;25327;1;ASK;25326,5;25327,25
2025-10-09 06:04:37.608;25327,25;1;BID;25327,25;25327,75
2025-10-09 06:04:37.608;25327,25;1;BID;25327,25;25327,75
2025-10-09 06:04:37.956;25327,5;1;ASK;25327,25;25327,75
2025-10-09 06:04:38.064;25327,25;1;BID;25327,5;25328
2025-10-09 06:04:38.072;25327,75;1;ASK;25327,5;25328
2025-10-09 06:04:38.076;25327,75;2;ASK;25327,5;25328
2025-10-09 06:04:39.056;25328;1;BID;25328;25328,75
2025-10-09 06:04:39.056;25328;1;BID;25328;25328,75
2025-10-09 06:04:39.056;25328;1;BID;25328;25328,75
2025-10-09 06:04:39.056;25328;1;BID;25328;25328,75
2025-10-09 06:04:39.056;25328;1;BID;25328;25328,75
2025-10-09 06:04:39.056;25328;1;BID;25328;25328,75
2025-10-09 06:04:39.056;25328;1;BID;25328;25328,75
2025-10-09 06:04:39.060;25327,75;1;BID;25328;25328,75
2025-10-09 06:04:39.064;25327,75;1;BID;25328;25328,75
2025-10-09 06:04:39.568;25328,25;1;BID;25328;25328,75
2025-10-09 06:04:39.776;25328,25;1;BID;25328;25328,75
2025-10-09 06:04:40.444;25328;1;BID;25328;25328,5
2025-10-09 06:04:44.860;25328,5;1;ASK;25328;25328,5
2025-10-09 06:04:52.500;25327,75;1;BID;25327,5;25328,25
2025-10-09 06:04:52.500;25327,75;1;BID;25327,5;25328,25
2025-10-09 06:04:58.128;25327,75;1;BID;25327,5;25328,25
2025-10-09 06:04:59.176;25327,5;1;BID;25327,25;25328
2025-10-09 06:05:05.608;25328;2;ASK;25327,5;25328,25
2025-10-09 06:05:05.608;25328;1;ASK;25327,5;25328,25
2025-10-09 06:05:05.608;25328,5;1;ASK;25327,5;25328,25
2025-10-09 06:05:10.516;25327,5;1;ASK;25327;25327,75
2025-10-09 06:05:11.064;25327,75;1;ASK;25327,25;25328
2025-10-09 06:05:13.676;25327,5;1;BID;25327,25;25328
2025-10-09 06:05:14.972;25328;1;ASK;25327,5;25328,5
2025-10-09 06:05:16.952;25327,5;1;BID;25327,5;25328,25
2025-10-09 06:05:33.744;25328;1;ASK;25327,5;25328
2025-10-09 06:05:33.744;25328;1;ASK;25327,5;25328
2025-10-09 06:05:38.856;25328;2;BID;25327,75;25328,5
2025-10-09 06:05:40.344;25328,25;1;BID;25328,25;25328,75
2025-10-09 06:05:40.836;25328,5;1;ASK;25328,25;25328,75
2025-10-09 06:05:45.792;25328,75;2;BID;25328,75;25329,25
2025-10-09 06:05:45.916;25329;1;ASK;25328,75;25329,25
2025-10-09 06:05:45.916;25329;1;ASK;25328,75;25329,25
2025-10-09 06:05:45.916;25329;1;ASK;25328,75;25329,25
2025-10-09 06:05:46.208;25328,75;1;ASK;25328,25;25328,75
2025-10-09 06:05:46.344;25328,5;1;ASK;25328,25;25328,75
2025-10-09 06:05:49.056;25328,75;2;ASK;25328,25;25328,5
2025-10-09 06:05:49.476;25328,75;1;ASK;25328,25;25328,5
2025-10-09 06:05:49.476;25328,5;1;ASK;25328,25;25328,5
2025-10-09 06:05:49.768;25328,25;1;BID;25328,25;25328,5
2025-10-09 06:05:49.768;25328,25;1;BID;25328,25;25328,5
2025-10-09 06:05:50.072;25328,5;1;ASK;25327,75;25328,25
2025-10-09 06:05:50.072;25328,5;2;ASK;25327,75;25328,25
2025-10-09 06:05:50.172;25329;1;ASK;25327,75;25328,25
2025-10-09 06:05:50.172;25329;2;ASK;25327,75;25328,25
2025-10-09 06:05:50.176;25329,25;1;ASK;25327,75;25328,25
2025-10-09 06:05:50.176;25329,75;1;ASK;25327,75;25328,25
2025-10-09 06:05:50.176;25330;1;ASK;25327,75;25328,25
2025-10-09 06:05:50.176;25330;1;ASK;25327,75;25328,25
2025-10-09 06:05:50.176;25330;1;ASK;25327,75;25328,25
2025-10-09 06:05:50.176;25330;1;ASK;25327,75;25328,25
2025-10-09 06:05:50.176;25328,75;1;ASK;25327,75;25328,25
2025-10-09 06:05:50.176;25328,5;1;ASK;25327,75;25328,25
2025-10-09 06:05:50.176;25328,5;1;ASK;25327,75;25328,25
2025-10-09 06:05:50.184;25328,25;1;ASK;25327,75;25328,25
2025-10-09 06:05:50.184;25328;1;ASK;25327,75;25328,25
2025-10-09 06:05:52.772;25328,25;2;ASK;25327,75;25328,5
2025-10-09 06:05:55.204;25327,75;1;BID;25327,75;25328,5
2025-10-09 06:05:55.204;25327,75;1;BID;25327,75;25328,5
2025-10-09 06:05:55.456;25328;1;BID;25327,75;25328,5
2025-10-09 06:05:55.456;25328;1;BID;25327,75;25328,5
2025-10-09 06:05:55.776;25327,75;1;BID;25327,75;25328,5
2025-10-09 06:06:02.052;25328,25;1;ASK;25327,75;25328,25
2025-10-09 06:06:04.140;25328,25;1;ASK;25327,75;25328,25
2025-10-09 06:06:07.020;25328,25;1;ASK;25327,5;25328,25
2025-10-09 06:06:07.756;25327,75;1;BID;25327,5;25328,25
2025-10-09 06:06:07.756;25327,75;1;BID;25327,5;25328,25
2025-10-09 06:06:07.756;25327,75;1;BID;25327,5;25328,25
2025-10-09 06:06:07.756;25327,75;1;BID;25327,5;25328,25
2025-10-09 06:06:08.660;25328,25;2;BID;25328;25329
2025-10-09 06:06:08.660;25328,5;1;ASK;25328;25329
2025-10-09 06:06:09.224;25329;2;ASK;25327,75;25328,5
2025-10-09 06:06:09.632;25328,5;1;ASK;25327,75;25328,5
2025-10-09 06:06:09.632;25328,25;1;ASK;25327,75;25328,5
2025-10-09 06:06:12.668;25328,5;1;ASK;25327,75;25328,5
2025-10-09 06:06:12.668;25328,5;1;ASK;25327,75;25328,5
2025-10-09 06:06:32.696;25328;1;ASK;25327,5;25328
2025-10-09 06:06:32.696;25328;1;ASK;25327,5;25328
2025-10-09 06:06:34.740;25327,5;1;ASK;25326,5;25327,25
2025-10-09 06:06:34.740;25327,5;1;ASK;25326,5;25327,25
2025-10-09 06:06:34.740;25327,25;1;ASK;25326,5;25327,25
2025-10-09 06:06:34.740;25327,25;1;ASK;25326,5;25327,25
2025-10-09 06:06:34.740;25327,25;1;ASK;25326,5;25327,25
2025-10-09 06:06:34.772;25327;1;ASK;25326,5;25327,25
2025-10-09 06:06:34.772;25327;1;ASK;25326,5;25327,25
2025-10-09 06:06:34.772;25327;1;ASK;25326,5;25327,25
2025-10-09 06:06:34.772;25326,75;1;BID;25326,5;25327,25
2025-10-09 06:06:34.776;25326,75;1;BID;25326,5;25327,25
2025-10-09 06:06:34.780;25327;1;ASK;25326,5;25327,25
2025-10-09 06:06:34.988;25326,5;1;BID;25326,5;25327,25
2025-10-09 06:06:36.124;25327,25;1;ASK;25326,25;25327
2025-10-09 06:06:36.124;25327,25;7;ASK;25326,25;25327
2025-10-09 06:06:36.208;25327;3;ASK;25326,25;25327
2025-10-09 06:06:37.560;25327;1;BID;25326,75;25327,75
2025-10-09 06:06:51.928;25327,75;1;BID;25327,75;25328,75
2025-10-09 06:06:51.932;25328;1;BID;25327,75;25328,75
2025-10-09 06:06:51.932;25328;1;BID;25327,75;25328,75
2025-10-09 06:06:54.968;25327,5;1;ASK;25326,75;25327,5
2025-10-09 06:06:54.968;25327,5;1;ASK;25326,75;25327,5
2025-10-09 06:06:54.968;25327,5;1;ASK;25326,75;25327,5
2025-10-09 06:07:01.220;25326,75;1;ASK;25326;25326,5
2025-10-09 06:07:03.184;25326,5;1;BID;25326,5;25327,25
2025-10-09 06:07:03.184;25326,75;1;BID;25326,5;25327,25
2025-10-09 06:07:13.516;25327;1;ASK;25326,25;25327
2025-10-09 06:07:16.024;25327;1;ASK;25326,5;25327,25
2025-10-09 06:07:31.612;25327,5;1;BID;25327,25;25328
2025-10-09 06:07:31.612;25327,75;1;ASK;25327,25;25328
2025-10-09 06:07:31.612;25327,75;1;ASK;25327,25;25328
2025-10-09 06:07:31.612;25328;1;ASK;25327,25;25328
2025-10-09 06:07:31.612;25328;1;ASK;25327,25;25328
2025-10-09 06:07:34.716;25328;1;ASK;25327,25;25328
2025-10-09 06:07:35.628;25328;1;ASK;25327,25;25328
2025-10-09 06:07:35.628;25328,25;1;ASK;25327,25;25328
2025-10-09 06:07:36.792;25327,25;1;BID;25327,25;25328
2025-10-09 06:07:43.284;25327,25;1;BID;25327,25;25328
2025-10-09 06:07:43.800;25328;1;ASK;25327,25;25328
2025-10-09 06:07:47.992;25327;1;ASK;25326,25;25327
2025-10-09 06:07:47.992;25327;1;ASK;25326,25;25327
2025-10-09 06:07:47.996;25326,75;1;ASK;25326,25;25327
2025-10-09 06:07:47.996;25326,75;1;ASK;25326,25;25327
2025-10-09 06:07:47.996;25326,75;1;ASK;25326,25;25327
2025-10-09 06:07:47.996;25326,75;1;ASK;25326,25;25327
2025-10-09 06:07:47.996;25326,75;1;ASK;25326,25;25327
2025-10-09 06:07:52.400;25326,75;1;ASK;25326,25;25327
2025-10-09 06:07:56.520;25326,25;2;ASK;25325,5;25326,25
2025-10-09 06:07:56.520;25326,25;1;ASK;25325,5;25326,25
2025-10-09 06:07:56.520;25326,25;1;ASK;25325,5;25326,25
2025-10-09 06:07:56.612;25326;1;ASK;25325,5;25326,25
2025-10-09 06:08:09.188;25325,75;1;BID;25325,75;25326,5
2025-10-09 06:08:10.652;25325,75;1;BID;25326;25326,75
2025-10-09 06:08:10.652;25325,75;1;BID;25326;25326,75
2025-10-09 06:08:13.200;25327;1;BID;25327,5;25328
2025-10-09 06:08:13.200;25327;1;BID;25327,5;25328
2025-10-09 06:08:13.204;25327,5;1;BID;25327,5;25328
2025-10-09 06:08:13.204;25327,5;1;BID;25327,5;25328
2025-10-09 06:08:13.204;25327,5;1;BID;25327,5;25328
2025-10-09 06:08:13.204;25327,5;1;BID;25327,5;25328
2025-10-09 06:08:13.204;25327,5;1;BID;25327,5;25328
2025-10-09 06:08:13.220;25327,5;1;BID;25327,5;25328
2025-10-09 06:08:13.220;25327,75;1;ASK;25327,5;25328
2025-10-09 06:08:13.860;25328;1;ASK;25327,5;25328
2025-10-09 06:08:13.860;25328;1;ASK;25327,5;25328
2025-10-09 06:08:13.860;25328;2;ASK;25327,5;25328
2025-10-09 06:08:13.860;25328;1;ASK;25327,5;25328
2025-10-09 06:08:13.860;25328;1;ASK;25327,5;25328
2025-10-09 06:08:17.064;25327,5;1;BID;25327,25;25328
2025-10-09 06:08:18.976;25327,25;1;BID;25327;25327,75
2025-10-09 06:08:18.976;25327,25;1;BID;25327;25327,75
2025-10-09 06:08:50.524;25328;1;BID;25327,75;25328,5
2025-10-09 06:09:11.312;25327,25;1;BID;25327;25327,75
2025-10-09 06:09:11.316;25327;1;BID;25327;25327,75
2025-10-09 06:09:11.316;25327;1;BID;25327;25327,75
2025-10-09 06:09:12.532;25327,5;1;ASK;25327;25327,75
2025-10-09 06:09:19.580;25328;1;ASK;25327,5;25328,25
2025-10-09 06:09:28.228;25328;1;ASK;25327,5;25328,25
2025-10-09 06:09:40.260;25328,25;1;ASK;25327,75;25328,5
2025-10-09 06:09:42.688;25328,5;3;ASK;25328,25;25328,75
2025-10-09 06:09:50.332;25328,25;1;ASK;25327,25;25328,25
2025-10-09 06:09:50.336;25328;1;ASK;25327,25;25328,25
2025-10-09 06:09:50.444;25327,5;1;BID;25327,25;25328,25
2025-10-09 06:09:51.188;25328;1;ASK;25327,5;25328,25
2025-10-09 06:09:54.504;25328;1;ASK;25327,5;25328,25
2025-10-09 06:09:56.640;25327,25;1;BID;25327,25;25328
2025-10-09 06:10:03.396;25327,75;1;BID;25327,75;25328,25
2025-10-09 06:10:06.508;25327,75;1;ASK;25327,5;25328
2025-10-09 06:10:08.324;25327,5;1;ASK;25327,25;25327,75
2025-10-09 06:10:08.508;25327,25;1;BID;25327,25;25327,75
2025-10-09 06:10:15.072;25327,75;1;ASK;25327,25;25328
2025-10-09 06:10:22.452;25327,5;1;ASK;25327;25327,5
2025-10-09 06:10:22.456;25327,25;1;ASK;25327;25327,5
2025-10-09 06:10:24.020;25326,75;1;BID;25326,75;25327,25
2025-10-09 06:10:26.024;25327;1;ASK;25326,75;25327,25
2025-10-09 06:10:35.472;25326,75;1;BID;25326,5;25327,25
2025-10-09 06:10:35.472;25327;1;ASK;25326,5;25327,25
2025-10-09 06:10:47.620;25326,75;1;BID;25326,5;25327,25
2025-10-09 06:10:48.632;25326,5;1;BID;25326,5;25327,25
2025-10-09 06:10:48.632;25326,5;1;BID;25326,5;25327,25
2025-10-09 06:10:57.100;25326,75;1;BID;25326,5;25327,25
2025-10-09 06:11:02.056;25327,25;1;ASK;25326,75;25327,25
2025-10-09 06:11:03.136;25326,75;1;BID;25326,5;25327,25
2025-10-09 06:11:03.780;25326,5;1;BID;25326,5;25327,25
2025-10-09 06:11:11.480;25326,5;1;BID;25326,5;25327,25
2025-10-09 06:11:15.984;25326,5;1;BID;25326,25;25327
2025-10-09 06:11:15.984;25326,5;1;BID;25326,25;25327
2025-10-09 06:11:15.984;25326,5;1;BID;25326,25;25327
2025-10-09 06:11:39.712;25327;1;BID;25327;25327,75
2025-10-09 06:11:49.648;25328,25;1;ASK;25327,75;25328,5
2025-10-09 06:11:58.744;25327,75;1;BID;25327,75;25328,25
2025-10-09 06:12:04.056;25327,75;1;ASK;25327,25;25328
2025-10-09 06:12:04.216;25327,75;1;ASK;25327,25;25328
2025-10-09 06:12:08.464;25327,25;1;BID;25327,5;25328,25
2025-10-09 06:12:08.468;25327,5;1;BID;25327,5;25328,25
2025-10-09 06:12:08.468;25327,75;1;BID;25327,5;25328,25
2025-10-09 06:12:15.800;25328,5;1;BID;25328,5;25329
2025-10-09 06:12:17.964;25328,75;1;ASK;25328;25329
2025-10-09 06:12:17.964;25328,75;1;ASK;25328;25329
2025-10-09 06:12:17.964;25329;1;ASK;25328;25329
2025-10-09 06:12:17.964;25329;1;ASK;25328;25329
2025-10-09 06:12:17.964;25329;1;ASK;25328;25329
2025-10-09 06:12:20.964;25328,75;1;ASK;25328,25;25329
2025-10-09 06:12:20.964;25328,75;2;ASK;25328,25;25329
2025-10-09 06:12:20.964;25329;1;ASK;25328,25;25329
2025-10-09 06:12:20.964;25329;1;ASK;25328,25;25329
2025-10-09 06:12:22.936;25328,75;1;ASK;25328,25;25328,75
2025-10-09 06:12:28.256;25328,25;1;ASK;25328;25328,5
2025-10-09 06:12:42.264;25328,25;1;ASK;25327,75;25328,25
2025-10-09 06:12:45.744;25328,5;2;ASK;25328;25328,5
2025-10-09 06:13:23.748;25328,25;1;ASK;25327,75;25328,5
2025-10-09 06:13:24.772;25327,75;1;ASK;25327,25;25328
2025-10-09 06:13:24.772;25327,75;1;ASK;25327,25;25328
2025-10-09 06:13:24.772;25327,75;2;ASK;25327,25;25328
2025-10-09 06:13:24.772;25327,75;1;ASK;25327,25;25328
2025-10-09 06:13:51.536;25327,5;1;BID;25327,25;25328
2025-10-09 06:14:00.996;25327;1;ASK;25326,75;25327,25
2025-10-09 06:14:01.664;25327,25;1;ASK;25326,75;25327,5
2025-10-09 06:14:01.664;25327,25;1;ASK;25326,75;25327,5
2025-10-09 06:14:04.116;25327;1;ASK;25326,25;25326,75
2025-10-09 06:14:07.408;25326,75;1;ASK;25326,25;25326,75
2025-10-09 06:14:08.564;25326,25;1;BID;25326,25;25327
2025-10-09 06:14:08.564;25326,25;1;BID;25326,25;25327
2025-10-09 06:14:08.564;25326;1;BID;25326,25;25327
2025-10-09 06:14:08.564;25326;1;BID;25326,25;25327
2025-10-09 06:14:08.564;25326;1;BID;25326,25;25327
2025-10-09 06:14:08.580;25326,5;1;BID;25326,25;25327
2025-10-09 06:14:08.580;25326,75;1;ASK;25326,25;25327
2025-10-09 06:14:12.316;25326,25;1;ASK;25325;25325,5
2025-10-09 06:14:12.316;25326,25;1;ASK;25325;25325,5
2025-10-09 06:14:12.316;25326;1;ASK;25325;25325,5
2025-10-09 06:14:12.316;25326;1;ASK;25325;25325,5
2025-10-09 06:14:12.316;25326;1;ASK;25325;25325,5
2025-10-09 06:14:12.316;25326;1;ASK;25325;25325,5
2025-10-09 06:14:12.316;25326;1;ASK;25325;25325,5
2025-10-09 06:14:12.316;25326;1;ASK;25325;25325,5
2025-10-09 06:14:12.320;25326;1;ASK;25325;25325,5
2025-10-09 06:14:12.320;25326;1;ASK;25325;25325,5
2025-10-09 06:14:12.320;25326;1;ASK;25325;25325,5
2025-10-09 06:14:12.320;25326;1;ASK;25325;25325,5
2025-10-09 06:14:12.320;25326;4;ASK;25325;25325,5
2025-10-09 06:14:12.320;25326;1;ASK;25325;25325,5
2025-10-09 06:14:12.320;25326;1;ASK;25325;25325,5
2025-10-09 06:14:12.320;25326;1;ASK;25325;25325,5
2025-10-09 06:14:12.320;25326;1;ASK;25325;25325,5
2025-10-09 06:14:12.320;25326;1;ASK;25325;25325,5
2025-10-09 06:14:12.320;25325,75;1;ASK;25325;25325,5
2025-10-09 06:14:12.320;25325,75;1;ASK;25325;25325,5
2025-10-09 06:14:12.320;25326;1;ASK;25325;25325,5
2025-10-09 06:14:12.320;25325,25;1;ASK;25325;25325,5
2025-10-09 06:14:12.320;25325,25;1;ASK;25325;25325,5
2025-10-09 06:14:12.324;25325,25;1;ASK;25325;25325,5
2025-10-09 06:14:12.324;25325;1;BID;25325;25325,5
2025-10-09 06:14:12.324;25325;1;BID;25325;25325,5
2025-10-09 06:14:12.324;25325;1;BID;25325;25325,5
2025-10-09 06:14:12.328;25325;1;BID;25325;25325,5
2025-10-09 06:14:12.328;25325;1;BID;25325;25325,5
2025-10-09 06:14:12.328;25325;1;BID;25325;25325,5
2025-10-09 06:14:12.328;25325;1;BID;25325;25325,5
2025-10-09 06:14:12.328;25325,25;1;ASK;25325;25325,5
2025-10-09 06:14:12.328;25325;1;BID;25325;25325,5
2025-10-09 06:14:12.328;25325;1;BID;25325;25325,5
2025-10-09 06:14:12.344;25325;1;BID;25325;25325,5
2025-10-09 06:14:13.328;25325,75;1;ASK;25325;25325,75
2025-10-09 06:14:15.128;25325,75;2;BID;25326,25;25326,75
2025-10-09 06:14:15.128;25325,75;1;BID;25326,25;25326,75
2025-10-09 06:14:15.128;25325,75;1;BID;25326,25;25326,75
2025-10-09 06:14:15.132;25326;1;BID;25326,25;25326,75
2025-10-09 06:14:15.136;25326,25;1;BID;25326,25;25326,75
2025-10-09 06:14:17.060;25326,25;1;BID;25326;25326,75
2025-10-09 06:14:17.060;25326;1;BID;25326;25326,75
2025-10-09 06:14:18.256;25326,75;1;BID;25326,5;25327,25
2025-10-09 06:14:18.256;25326,75;1;BID;25326,5;25327,25
2025-10-09 06:14:18.480;25326,75;1;BID;25326,5;25327,25
2025-10-09 06:14:23.576;25326,25;1;BID;25326,5;25327,25
2025-10-09 06:14:23.576;25326,25;1;BID;25326,5;25327,25
2025-10-09 06:14:25.960;25327;1;ASK;25326,5;25327,25
2025-10-09 06:14:25.960;25327,25;1;ASK;25326,5;25327,25
2025-10-09 06:14:27.712;25327,25;1;BID;25327;25327,75
2025-10-09 06:14:35.620;25327,75;1;BID;25327,5;25328,5
2025-10-09 06:14:35.620;25328;1;ASK;25327,5;25328,5
2025-10-09 06:14:38.860;25328,5;1;ASK;25327,75;25328,5
2025-10-09 06:14:38.860;25328,5;1;ASK;25327,75;25328,5
2025-10-09 06:14:39.256;25328,5;1;ASK;25327,75;25328,25
2025-10-09 06:14:42.660;25328;1;ASK;25327,5;25328
2025-10-09 06:14:51.276;25327,5;1;ASK;25326,75;25327,5
2025-10-09 06:14:51.276;25327,75;1;ASK;25326,75;25327,5
2025-10-09 06:14:53.944;25327,5;1;ASK;25327;25327,5
2025-10-09 06:14:54.348;25327,5;1;ASK;25327,25;25327,75
2025-10-09 06:15:02.912;25327,5;1;ASK;25326,75;25327,5
2025-10-09 06:15:02.912;25327,5;1;ASK;25326,75;25327,5
2025-10-09 06:15:09.460;25327;1;BID;25327,25;25327,75
2025-10-09 06:15:09.460;25327,25;1;BID;25327,25;25327,75
2025-10-09 06:15:13.032;25328;1;ASK;25327,25;25328
2025-10-09 06:15:13.032;25328;1;ASK;25327,25;25328
2025-10-09 06:15:21.428;25328,25;1;BID;25328,25;25329
2025-10-09 06:15:21.428;25328,5;1;BID;25328,25;25329
2025-10-09 06:15:21.436;25328,5;2;BID;25328,25;25329
2025-10-09 06:15:21.440;25328,5;1;BID;25328,25;25329
2025-10-09 06:15:21.440;25328,5;1;BID;25328,25;25329
2025-10-09 06:15:21.440;25328,5;1;BID;25328,25;25329
2025-10-09 06:15:21.440;25328,5;1;BID;25328,25;25329
2025-10-09 06:15:21.440;25328,75;2;ASK;25328,25;25329
2025-10-09 06:15:23.936;25328,25;1;BID;25328,25;25328,75
2025-10-09 06:15:27.052;25328,5;1;ASK;25327,5;25328
2025-10-09 06:15:27.052;25328,5;1;ASK;25327,5;25328
2025-10-09 06:15:27.076;25328,75;1;ASK;25327,5;25328
2025-10-09 06:15:27.516;25328,5;2;ASK;25327,5;25328
2025-10-09 06:15:27.516;25328;1;ASK;25327,5;25328
2025-10-09 06:15:37.400;25328,25;1;ASK;25327,75;25328,5
2025-10-09 06:15:37.400;25328,25;1;ASK;25327,75;25328,5
2025-10-09 06:15:46.420;25328,25;1;ASK;25327,75;25328,5
2025-10-09 06:15:46.420;25328,5;1;ASK;25327,75;25328,5
2025-10-09 06:15:55.020;25328,25;1;ASK;25327,5;25328
2025-10-09 06:15:55.020;25328,5;1;ASK;25327,5;25328
2025-10-09 06:15:55.020;25327,75;1;ASK;25327,5;25328
2025-10-09 06:15:56.396;25327,5;1;ASK;25327;25327,5
2025-10-09 06:15:56.396;25327,25;1;ASK;25327;25327,5
2025-10-09 06:15:58.080;25327;1;BID;25326,75;25327,5
2025-10-09 06:15:58.080;25326,75;1;BID;25326,75;25327,5
2025-10-09 06:15:58.080;25326,75;1;BID;25326,75;25327,5
2025-10-09 06:15:58.080;25326,5;1;BID;25326,75;25327,5
2025-10-09 06:15:58.080;25326,5;1;BID;25326,75;25327,5
2025-10-09 06:15:59.136;25326,75;1;ASK;25326;25326,75
2025-10-09 06:15:59.852;25326,75;1;ASK;25326;25326,75
2025-10-09 06:15:59.868;25326,25;1;BID;25326;25326,75
2025-10-09 06:16:01.044;25326;1;BID;25326,25;25327
2025-10-09 06:16:01.044;25326;1;BID;25326,25;25327
2025-10-09 06:16:01.044;25325,75;1;BID;25326,25;25327
2025-10-09 06:16:01.044;25325,75;1;BID;25326,25;25327
2025-10-09 06:16:01.044;25325,75;1;BID;25326,25;25327
2025-10-09 06:16:01.048;25326,5;1;BID;25326,25;25327
2025-10-09 06:16:03.480;25327;1;ASK;25326,5;25327
2025-10-09 06:16:03.480;25327;1;ASK;25326,5;25327
2025-10-09 06:16:03.948;25326,75;1;ASK;25326,5;25327
2025-10-09 06:16:03.948;25326,5;1;BID;25326,5;25327
2025-10-09 06:16:08.488;25326,5;1;BID;25326,25;25327
2025-10-09 06:16:12.804;25327,75;1;BID;25327,5;25328,25
2025-10-09 06:16:12.804;25328;1;ASK;25327,5;25328,25
2025-10-09 06:16:20.964;25328,25;1;ASK;25327,75;25328,5
2025-10-09 06:16:20.964;25328,25;1;ASK;25327,75;25328,5
2025-10-09 06:16:30.964;25328,25;1;ASK;25327,5;25328,5
2025-10-09 06:16:30.964;25328,25;1;ASK;25327,5;25328,5
2025-10-09 06:16:39.924;25328,5;2;ASK;25328;25328,75
2025-10-09 06:16:43.028;25328,25;2;BID;25328,25;25328,75
2025-10-09 06:16:43.028;25328,25;2;BID;25328,25;25328,75
2025-10-09 06:16:43.028;25328,5;2;ASK;25328,25;25328,75
2025-10-09 06:16:43.028;25328,25;1;BID;25328,25;25328,75
2025-10-09 06:16:43.028;25328,5;1;ASK;25328,25;25328,75
2025-10-09 06:16:43.028;25328,5;1;ASK;25328,25;25328,75
2025-10-09 06:16:46.420;25328,5;1;BID;25328,5;25329
2025-10-09 06:16:48.884;25328,5;1;BID;25328,5;25329
2025-10-09 06:16:49.496;25329;1;BID;25329;25329,5
2025-10-09 06:16:49.496;25329;1;BID;25329;25329,5
2025-10-09 06:16:51.320;25329,5;1;ASK;25328,5;25329,25
2025-10-09 06:16:51.320;25329,5;1;ASK;25328,5;25329,25
2025-10-09 06:17:02.864;25328,75;1;BID;25328,5;25329,25
2025-10-09 06:17:02.864;25328,5;1;BID;25328,5;25329,25
2025-10-09 06:17:05.148;25328,5;1;BID;25328,5;25329,25
2025-10-09 06:17:10.268;25329,5;1;ASK;25328,75;25329,5
2025-10-09 06:17:10.268;25329,5;1;ASK;25328,75;25329,5
2025-10-09 06:17:14.220;25329,5;1;ASK;25328,75;25329,5
2025-10-09 06:17:18.356;25329;1;BID;25328,75;25329,5
2025-10-09 06:17:21.716;25328,75;1;BID;25328,75;25329,25
2025-10-09 06:17:22.612;25329,25;1;ASK;25329;25329,5
2025-10-09 06:17:22.612;25329;1;BID;25329;25329,5
2025-10-09 06:17:24.040;25329,5;1;ASK;25329;25329,5
2025-10-09 06:17:24.652;25329,5;1;ASK;25329;25329,5
2025-10-09 06:17:24.652;25329,5;1;ASK;25329;25329,5
2025-10-09 06:17:27.228;25329;1;ASK;25328,75;25329,25
2025-10-09 06:17:27.228;25329;1;ASK;25328,75;25329,25
2025-10-09 06:17:30.808;25328,75;1;BID;25329;25329,5
2025-10-09 06:17:34.832;25329,25;1;ASK;25328,75;25329,5
2025-10-09 06:17:37.000;25329,5;2;ASK;25329,25;25329,75
2025-10-09 06:17:37.048;25329,5;1;ASK;25329,25;25329,75
2025-10-09 06:17:39.436;25329,25;1;ASK;25328,5;25329,25
2025-10-09 06:17:45.564;25329;1;ASK;25328,75;25329,25
2025-10-09 06:17:51.496;25329,5;1;ASK;25329,25;25329,75
2025-10-09 06:17:51.504;25329,75;1;ASK;25329,25;25329,75
2025-10-09 06:17:51.504;25329,75;1;ASK;25329,25;25329,75
2025-10-09 06:17:52.560;25329,75;1;ASK;25329,5;25330
2025-10-09 06:17:52.560;25329,75;2;ASK;25329,5;25330
2025-10-09 06:17:56.156;25330;3;BID;25329,75;25330,5
2025-10-09 06:17:56.156;25330;1;BID;25329,75;25330,5
2025-10-09 06:17:56.156;25330;2;BID;25329,75;25330,5
2025-10-09 06:17:56.156;25330;1;BID;25329,75;25330,5
2025-10-09 06:17:56.156;25330;7;BID;25329,75;25330,5
2025-10-09 06:17:56.156;25330;7;BID;25329,75;25330,5
2025-10-09 06:17:56.156;25330;7;BID;25329,75;25330,5
2025-10-09 06:17:56.156;25330;1;BID;25329,75;25330,5
2025-10-09 06:17:56.156;25330,25;2;ASK;25329,75;25330,5
2025-10-09 06:17:56.156;25330,25;2;ASK;25329,75;25330,5
2025-10-09 06:17:56.156;25330,5;1;ASK;25329,75;25330,5
2025-10-09 06:17:56.156;25330,5;1;ASK;25329,75;25330,5
2025-10-09 06:17:56.156;25330,5;1;ASK;25329,75;25330,5
2025-10-09 06:17:56.156;25330,5;1;ASK;25329,75;25330,5
2025-10-09 06:17:56.156;25330,5;1;ASK;25329,75;25330,5
2025-10-09 06:17:56.156;25330,75;1;ASK;25329,75;25330,5
2025-10-09 06:17:56.156;25330,75;1;ASK;25329,75;25330,5
2025-10-09 06:17:56.156;25330,75;1;ASK;25329,75;25330,5
2025-10-09 06:17:56.156;25330,75;1;ASK;25329,75;25330,5
2025-10-09 06:17:56.160;25330,25;3;ASK;25329,75;25330,5
2025-10-09 06:17:56.160;25329,75;1;BID;25329,75;25330,5
2025-10-09 06:17:56.160;25329,75;1;BID;25329,75;25330,5
2025-10-09 06:17:56.160;25329,5;1;BID;25329,75;25330,5
2025-10-09 06:17:56.160;25329,75;1;BID;25329,75;25330,5
2025-10-09 06:17:56.160;25330,25;1;ASK;25329,75;25330,5
2025-10-09 06:17:56.164;25329,75;1;BID;25329,75;25330,5
2025-10-09 06:17:56.192;25330;1;BID;25329,75;25330,5
2025-10-09 06:17:56.240;25330,25;1;ASK;25329,75;25330,5
2025-10-09 06:17:56.848;25330,5;1;ASK;25329,75;25330,5
2025-10-09 06:17:58.700;25330,75;1;ASK;25330,25;25331
2025-10-09 06:17:59.452;25331;1;ASK;25330;25330,5
2025-10-09 06:17:59.788;25331;1;ASK;25330;25330,5
2025-10-09 06:17:59.820;25330,75;1;ASK;25330;25330,5
2025-10-09 06:17:59.824;25330,5;1;ASK;25330;25330,5
2025-10-09 06:17:59.960;25330,5;1;ASK;25330;25330,5
2025-10-09 06:18:00.036;25330,5;1;BID;25330,25;25331
2025-10-09 06:18:02.064;25330,75;1;ASK;25330,25;25331
2025-10-09 06:18:02.064;25330,75;1;ASK;25330,25;25331
2025-10-09 06:18:02.064;25330,75;1;ASK;25330,25;25331
2025-10-09 06:18:02.064;25331;1;ASK;25330,25;25331
2025-10-09 06:18:02.064;25331;1;ASK;25330,25;25331
2025-10-09 06:18:02.064;25331;1;ASK;25330,25;25331
2025-10-09 06:18:02.064;25331;1;ASK;25330,25;25331
2025-10-09 06:18:02.064;25331,25;1;ASK;25330,25;25331
2025-10-09 06:18:02.064;25331,25;1;ASK;25330,25;25331
2025-10-09 06:18:02.064;25331,25;1;ASK;25330,25;25331
2025-10-09 06:18:02.064;25331,5;1;ASK;25330,25;25331
2025-10-09 06:18:02.064;25331,5;1;ASK;25330,25;25331
2025-10-09 06:18:02.064;25331,5;1;ASK;25330,25;25331
2025-10-09 06:18:09.652;25330,75;1;ASK;25330,25;25331
2025-10-09 06:18:09.652;25330,75;1;ASK;25330,25;25331
2025-10-09 06:18:12.440;25330,25;1;BID;25330;25330,75
2025-10-09 06:18:16.920;25330,25;1;BID;25330,75;25331,5
2025-10-09 06:18:16.924;25330,75;1;BID;25330,75;25331,5
2025-10-09 06:18:16.924;25331;1;BID;25330,75;25331,5
2025-10-09 06:18:16.924;25331;1;BID;25330,75;25331,5
2025-10-09 06:18:19.512;25331,5;1;ASK;25331;25331,5
2025-10-09 06:18:20.348;25331;1;BID;25331;25331,5
2025-10-09 06:18:20.348;25331;1;BID;25331;25331,5
2025-10-09 06:18:36.016;25331,5;1;BID;25332;25332,5
2025-10-09 06:18:36.016;25331,5;1;BID;25332;25332,5
2025-10-09 06:18:36.016;25331,5;1;BID;25332;25332,5
2025-10-09 06:18:36.644;25331,75;1;BID;25332;25332,5
2025-10-09 06:18:36.736;25332;1;BID;25332;25332,5
2025-10-09 06:18:36.736;25332;1;BID;25332;25332,5
2025-10-09 06:18:36.760;25332;1;BID;25332;25332,5
2025-10-09 06:18:36.760;25332;1;BID;25332;25332,5
2025-10-09 06:18:42.872;25331,75;1;BID;25331,75;25332,5
2025-10-09 06:18:51.672;25332,25;1;BID;25332,25;25333
2025-10-09 06:18:51.672;25332,5;1;BID;25332,25;25333
2025-10-09 06:18:51.672;25332,5;1;BID;25332,25;25333
2025-10-09 06:19:00.376;25333;1;ASK;25332,75;25333,25
2025-10-09 06:19:00.376;25333;1;ASK;25332,75;25333,25
2025-10-09 06:19:00.376;25333;1;ASK;25332,75;25333,25
2025-10-09 06:19:01.380;25333,25;1;BID;25333;25333,75
2025-10-09 06:19:01.380;25333,25;1;BID;25333;25333,75
2025-10-09 06:19:01.380;25333,5;1;ASK;25333;25333,75
2025-10-09 06:19:01.380;25333,5;1;ASK;25333;25333,75
2025-10-09 06:19:01.380;25333,75;1;ASK;25333;25333,75
2025-10-09 06:19:01.380;25333,75;1;ASK;25333;25333,75
2025-10-09 06:19:04.176;25333,25;1;BID;25333,25;25334
2025-10-09 06:19:04.176;25333,25;1;BID;25333,25;25334
2025-10-09 06:19:05.584;25334;1;ASK;25333,75;25334,25
2025-10-09 06:19:05.584;25334,25;1;ASK;25333,75;25334,25
2025-10-09 06:19:06.536;25333,75;1;BID;25333,5;25334,25
2025-10-09 06:19:06.540;25333,75;1;BID;25333,5;25334,25
2025-10-09 06:19:07.300;25334,25;1;ASK;25334;25334,5
2025-10-09 06:19:07.772;25334,25;1;ASK;25334;25334,5
2025-10-09 06:19:07.772;25334,5;1;ASK;25334;25334,5
2025-10-09 06:19:07.772;25334,5;1;ASK;25334;25334,5
2025-10-09 06:19:08.772;25334;1;BID;25334;25334,5
2025-10-09 06:19:17.460;25334;1;BID;25334;25334,5
2025-10-09 06:19:18.168;25334,5;1;BID;25334,5;25335
2025-10-09 06:19:18.168;25334,5;1;BID;25334,5;25335
2025-10-09 06:19:18.168;25334,5;1;BID;25334,5;25335
2025-10-09 06:19:18.168;25334,5;1;BID;25334,5;25335
2025-10-09 06:19:23.232;25335;1;BID;25335;25335,75
2025-10-09 06:19:23.232;25335;1;BID;25335;25335,75
2025-10-09 06:19:23.232;25335;1;BID;25335;25335,75
2025-10-09 06:19:23.236;25335,25;1;BID;25335;25335,75
2025-10-09 06:19:23.236;25335,75;1;ASK;25335;25335,75
2025-10-09 06:19:23.236;25335,75;1;ASK;25335;25335,75
2025-10-09 06:19:23.236;25336;1;ASK;25335;25335,75
2025-10-09 06:19:23.236;25336;1;ASK;25335;25335,75
2025-10-09 06:19:23.236;25336;1;ASK;25335;25335,75
2025-10-09 06:19:23.236;25336;1;ASK;25335;25335,75
2025-10-09 06:19:23.236;25336;1;ASK;25335;25335,75
2025-10-09 06:19:23.544;25335,25;1;BID;25335;25335,75
2025-10-09 06:19:24.060;25335;1;BID;25335,25;25335,75
2025-10-09 06:19:24.592;25335,75;1;ASK;25335,25;25335,75
2025-10-09 06:19:25.108;25335,75;1;ASK;25335,25;25336
2025-10-09 06:19:25.108;25336;1;ASK;25335,25;25336
2025-10-09 06:19:25.296;25335,75;1;ASK;25335,25;25336
2025-10-09 06:19:30.292;25336;1;ASK;25335,5;25336
2025-10-09 06:19:30.292;25336;1;ASK;25335,5;25336
2025-10-09 06:19:31.496;25335,25;1;BID;25335,5;25336,25
2025-10-09 06:19:33.064;25336,25;1;ASK;25335,75;25336,5
2025-10-09 06:19:33.928;25336,25;1;ASK;25335,75;25336,5
2025-10-09 06:19:34.392;25336,5;1;ASK;25336,25;25336,75
2025-10-09 06:19:36.124;25336,75;2;ASK;25335,75;25336,25
2025-10-09 06:19:36.128;25336,25;1;ASK;25335,75;25336,25
2025-10-09 06:19:46.116;25336;1;BID;25336;25336,75
2025-10-09 06:19:47.200;25336;1;BID;25336;25336,5
2025-10-09 06:19:52.444;25336,5;1;ASK;25336;25336,75
2025-10-09 06:19:59.048;25336,75;1;ASK;25336,25;25337
2025-10-09 06:19:59.048;25337;1;ASK;25336,25;25337
2025-10-09 06:19:59.048;25337;1;ASK;25336,25;25337
2025-10-09 06:19:59.048;25337;1;ASK;25336,25;25337
2025-10-09 06:19:59.048;25337;1;ASK;25336,25;25337
2025-10-09 06:19:59.048;25337,25;1;ASK;25336,25;25337
2025-10-09 06:19:59.048;25337,25;1;ASK;25336,25;25337
2025-10-09 06:19:59.048;25337,25;1;ASK;25336,25;25337
2025-10-09 06:19:59.048;25337,25;1;ASK;25336,25;25337
2025-10-09 06:19:59.048;25337,5;1;ASK;25336,25;25337
2025-10-09 06:20:00.224;25337;1;ASK;25336,5;25337,25
2025-10-09 06:20:00.272;25337,25;1;ASK;25336,5;25337,25
2025-10-09 06:20:00.272;25337,25;1;ASK;25336,5;25337,25
2025-10-09 06:20:00.272;25337,5;1;ASK;25336,5;25337,25
2025-10-09 06:20:00.272;25336,75;1;BID;25336,5;25337,25
2025-10-09 06:20:00.272;25336,5;1;BID;25336,5;25337,25
2025-10-09 06:20:00.276;25336,5;1;BID;25336,5;25337,25
2025-10-09 06:20:00.444;25337;1;ASK;25336,5;25337,25
2025-10-09 06:20:00.444;25337,25;1;ASK;25336,5;25337,25
2025-10-09 06:20:01.144;25337,25;1;ASK;25336,25;25337
2025-10-09 06:20:01.808;25336,5;1;BID;25336,25;25337
2025-10-09 06:20:01.808;25336,5;1;BID;25336,25;25337
2025-10-09 06:20:01.808;25336,25;1;BID;25336,25;25337
2025-10-09 06:20:05.104;25335,5;1;BID;25335,25;25336
2025-10-09 06:20:07.144;25335,25;1;ASK;25334;25334,5
2025-10-09 06:20:07.148;25335;1;ASK;25334;25334,5
2025-10-09 06:20:07.148;25334,75;1;ASK;25334;25334,5
2025-10-09 06:20:07.148;25334,75;1;ASK;25334;25334,5
2025-10-09 06:20:07.148;25334,5;1;ASK;25334;25334,5
2025-10-09 06:20:07.148;25334,5;1;ASK;25334;25334,5
2025-10-09 06:20:07.148;25334,5;1;ASK;25334;25334,5
2025-10-09 06:20:07.148;25334,5;1;ASK;25334;25334,5
2025-10-09 06:20:07.424;25334;1;BID;25334;25334,5
2025-10-09 06:20:09.204;25334,25;1;ASK;25333,25;25334
2025-10-09 06:20:09.204;25334;1;ASK;25333,25;25334
2025-10-09 06:20:09.204;25334;1;ASK;25333,25;25334
2025-10-09 06:20:09.840;25333,75;1;ASK;25333,25;25334
2025-10-09 06:20:09.840;25333,5;1;BID;25333,25;25334
2025-10-09 06:20:13.440;25333,75;1;ASK;25332,75;25333,75
2025-10-09 06:20:17.240;25333,25;1;BID;25333,25;25333,75
2025-10-09 06:20:18.128;25333,25;1;ASK;25333;25333,5
2025-10-09 06:20:18.132;25333,25;1;ASK;25333;25333,5
2025-10-09 06:20:24.788;25333;1;ASK;25332,75;25333,25
2025-10-09 06:20:28.104;25333,25;1;ASK;25332,75;25333,25
2025-10-09 06:20:28.104;25333,25;1;ASK;25332,75;25333,25
2025-10-09 06:20:35.820;25332,75;1;BID;25333;25333,5
2025-10-09 06:20:35.820;25333,25;1;ASK;25333;25333,5
2025-10-09 06:20:35.824;25333,25;1;ASK;25333;25333,5
2025-10-09 06:20:39.400;25333,5;1;ASK;25332,75;25333,25
2025-10-09 06:20:39.412;25333,25;1;ASK;25332,75;25333,25
2025-10-09 06:20:53.372;25334;2;ASK;25333,25;25334
2025-10-09 06:20:54.712;25334;1;ASK;25333,5;25334,25
2025-10-09 06:20:55.020;25334,25;1;ASK;25333,5;25334,25
2025-10-09 06:20:55.288;25333,5;1;BID;25333,5;25334,25
2025-10-09 06:20:57.340;25333,75;1;BID;25333,75;25334,25
2025-10-09 06:20:58.884;25334,25;1;ASK;25333,5;25334,25
2025-10-09 06:21:00.896;25334,25;1;ASK;25333,75;25334,25
2025-10-09 06:21:00.896;25334,25;1;ASK;25333,75;25334,25
2025-10-09 06:21:01.288;25333,5;1;BID;25333,25;25334
2025-10-09 06:21:01.288;25333,5;1;BID;25333,25;25334
2025-10-09 06:21:01.288;25333,5;1;BID;25333,25;25334
2025-10-09 06:21:02.660;25333,75;1;ASK;25333,25;25334
2025-10-09 06:21:04.540;25333;1;BID;25332,75;25333,5
2025-10-09 06:21:04.540;25333;1;BID;25332,75;25333,5
2025-10-09 06:21:04.560;25333;1;BID;25332,75;25333,5
2025-10-09 06:21:04.560;25333;1;BID;25332,75;25333,5
2025-10-09 06:21:06.132;25332,75;3;BID;25332,5;25333,25
2025-10-09 06:21:06.744;25333,25;1;ASK;25332,5;25333,25
2025-10-09 06:21:07.376;25332,5;2;BID;25332,5;25333,25
2025-10-09 06:21:07.396;25332,5;1;BID;25332,5;25333,25
2025-10-09 06:21:07.396;25332,25;1;BID;25332,5;25333,25
2025-10-09 06:21:07.420;25333;1;ASK;25332,5;25333,25
2025-10-09 06:21:07.420;25333;1;ASK;25332,5;25333,25
2025-10-09 06:21:09.888;25333,25;1;BID;25333,25;25334
2025-10-09 06:21:09.888;25333,25;1;BID;25333,25;25334
2025-10-09 06:21:11.024;25333,5;1;ASK;25332,75;25333,5
2025-10-09 06:21:11.024;25333,5;1;ASK;25332,75;25333,5
2025-10-09 06:21:11.044;25333,25;1;ASK;25332,75;25333,5
2025-10-09 06:21:11.044;25333;1;BID;25332,75;25333,5
2025-10-09 06:21:11.192;25333;1;BID;25332,75;25333,5
2025-10-09 06:21:11.192;25332,75;1;BID;25332,75;25333,5
2025-10-09 06:21:11.192;25332,75;1;BID;25332,75;25333,5
2025-10-09 06:21:11.192;25332,75;1;BID;25332,75;25333,5
2025-10-09 06:21:11.192;25332,75;1;BID;25332,75;25333,5
2025-10-09 06:21:11.192;25332,5;1;BID;25332,75;25333,5
2025-10-09 06:21:11.192;25332,5;1;BID;25332,75;25333,5
2025-10-09 06:21:11.192;25332,5;1;BID;25332,75;25333,5
2025-10-09 06:21:11.192;25332,25;1;BID;25332,75;25333,5
2025-10-09 06:21:11.192;25332,25;1;BID;25332,75;25333,5
2025-10-09 06:21:11.192;25332,25;1;BID;25332,75;25333,5
2025-10-09 06:21:11.192;25332,25;1;BID;25332,75;25333,5
2025-10-09 06:21:11.192;25332,25;1;BID;25332,75;25333,5
2025-10-09 06:21:11.192;25332;1;BID;25332,75;25333,5
2025-10-09 06:21:11.192;25332;1;BID;25332,75;25333,5
2025-10-09 06:21:11.192;25332;1;BID;25332,75;25333,5
2025-10-09 06:21:11.192;25332;1;BID;25332,75;25333,5
2025-10-09 06:21:11.192;25332;1;BID;25332,75;25333,5
2025-10-09 06:21:11.192;25331,75;1;BID;25332,75;25333,5
2025-10-09 06:21:11.192;25331,75;1;BID;25332,75;25333,5
2025-10-09 06:21:11.192;25331,75;1;BID;25332,75;25333,5
2025-10-09 06:21:11.192;25331,5;1;BID;25332,75;25333,5
2025-10-09 06:21:11.192;25331,5;1;BID;25332,75;25333,5
2025-10-09 06:21:11.192;25331,5;1;BID;25332,75;25333,5
2025-10-09 06:21:11.192;25331,25;1;BID;25332,75;25333,5
2025-10-09 06:21:11.200;25332;1;BID;25332,75;25333,5
2025-10-09 06:21:11.360;25332,5;1;BID;25332,75;25333,5
2025-10-09 06:21:18.356;25333,25;1;BID;25333,25;25334
2025-10-09 06:21:19.108;25334;1;BID;25334;25334,5
2025-10-09 06:21:19.108;25334;1;BID;25334;25334,5
2025-10-09 06:21:19.108;25334,25;1;ASK;25334;25334,5
2025-10-09 06:21:19.108;25334,25;1;ASK;25334;25334,5
2025-10-09 06:21:19.108;25334,25;1;ASK;25334;25334,5
2025-10-09 06:21:22.084;25334,5;1;ASK;25334;25334,75
2025-10-09 06:21:22.084;25334,5;1;ASK;25334;25334,75
2025-10-09 06:21:24.684;25334,75;1;ASK;25334,25;25335
2025-10-09 06:21:24.684;25334,75;1;ASK;25334,25;25335
2025-10-09 06:21:26.316;25335;1;ASK;25334,25;25335
2025-10-09 06:21:26.648;25335;1;ASK;25334,25;25335
2025-10-09 06:21:30.716;25334,5;1;BID;25334,5;25335
2025-10-09 06:21:32.060;25335;1;ASK;25334,5;25335,25
2025-10-09 06:21:32.060;25335;1;ASK;25334,5;25335,25
2025-10-09 06:21:33.828;25334,5;1;BID;25334,5;25335
2025-10-09 06:21:39.600;25334;1;ASK;25333,5;25334,25
2025-10-09 06:21:49.056;25333,25;1;ASK;25332,5;25333,25
2025-10-09 06:21:49.828;25333;1;ASK;25332,5;25333,25
2025-10-09 06:21:52.548;25332,5;1;BID;25332,5;25333
2025-10-09 06:21:54.432;25333;1;ASK;25332,75;25333,25
2025-10-09 06:21:54.448;25333;1;ASK;25332,75;25333,25
2025-10-09 06:21:58.864;25333,25;1;BID;25333,25;25333,75
2025-10-09 06:21:59.008;25333,25;1;ASK;25332,75;25333,5
2025-10-09 06:22:00.424;25333,5;1;ASK;25332,5;25333,25
2025-10-09 06:22:00.424;25333;1;ASK;25332,5;25333,25
2025-10-09 06:22:03.608;25333;1;BID;25332,75;25333,5
2025-10-09 06:22:09.736;25334;1;ASK;25333,5;25334,25
2025-10-09 06:22:09.736;25334;1;ASK;25333,5;25334,25
2025-10-09 06:22:09.740;25334,25;1;ASK;25333,5;25334,25
2025-10-09 06:22:12.936;25334,5;1;BID;25334,25;25335
2025-10-09 06:22:14.644;25335;1;ASK;25334,5;25335,25
2025-10-09 06:22:14.644;25335,25;1;ASK;25334,5;25335,25
2025-10-09 06:22:14.644;25335,25;1;ASK;25334,5;25335,25
2025-10-09 06:22:14.644;25335,5;1;ASK;25334,5;25335,25
2025-10-09 06:22:14.644;25335,5;1;ASK;25334,5;25335,25
2025-10-09 06:22:14.644;25335,5;1;ASK;25334,5;25335,25
2025-10-09 06:22:14.644;25335,5;1;ASK;25334,5;25335,25
2025-10-09 06:22:24.928;25335;1;ASK;25334,5;25335,25
2025-10-09 06:22:26.868;25334,25;1;BID;25334,25;25335
2025-10-09 06:22:26.868;25334,25;1;BID;25334,25;25335
2025-10-09 06:22:27.740;25334,25;1;BID;25334;25334,75
2025-10-09 06:22:27.740;25334;1;BID;25334;25334,75
2025-10-09 06:22:33.848;25334,25;1;ASK;25333,25;25334
2025-10-09 06:22:33.848;25334,25;1;ASK;25333,25;25334
2025-10-09 06:22:33.892;25334;1;ASK;25333,25;25334
2025-10-09 06:22:33.892;25334;1;ASK;25333,25;25334
2025-10-09 06:22:33.892;25334;1;ASK;25333,25;25334
2025-10-09 06:22:33.892;25333,75;1;ASK;25333,25;25334
2025-10-09 06:22:33.892;25333,75;1;ASK;25333,25;25334
2025-10-09 06:22:41.772;25333,25;1;BID;25333;25333,75
2025-10-09 06:22:41.772;25333,25;1;BID;25333;25333,75
2025-10-09 06:22:51.624;25333,5;1;BID;25333,5;25334,25
2025-10-09 06:22:51.624;25333,5;1;BID;25333,5;25334,25
2025-10-09 06:22:55.396;25334,25;1;ASK;25333,75;25334,5
2025-10-09 06:22:55.888;25334;1;BID;25333,75;25334,5
2025-10-09 06:22:57.504;25334,5;1;BID;25334,25;25335
2025-10-09 06:23:07.096;25334,5;1;ASK;25334;25334,75
2025-10-09 06:23:07.096;25334,25;2;BID;25334;25334,75
2025-10-09 06:23:19.900;25334,25;1;ASK;25334;25334,5
2025-10-09 06:23:49.272;25334,5;1;ASK;25334;25334,75
2025-10-09 06:23:51.480;25334;1;BID;25333,75;25334,5
2025-10-09 06:23:51.480;25334,25;1;ASK;25333,75;25334,5
2025-10-09 06:23:54.476;25334,25;1;BID;25334;25334,75
2025-10-09 06:23:55.008;25334;1;BID;25333,75;25334,5
2025-10-09 06:23:58.504;25333,5;1;BID;25333,25;25334
2025-10-09 06:24:06.212;25333,25;1;ASK;25332,5;25333,25
2025-10-09 06:24:06.212;25333,25;1;ASK;25332,5;25333,25
2025-10-09 06:24:06.212;25333,25;1;ASK;25332,5;25333,25
2025-10-09 06:24:06.212;25333;1;ASK;25332,5;25333,25
2025-10-09 06:24:08.764;25333,25;1;BID;25333,25;25334
2025-10-09 06:24:08.764;25333,25;1;BID;25333,25;25334
2025-10-09 06:24:08.764;25333;1;BID;25333,25;25334
2025-10-09 06:24:08.872;25333,75;1;ASK;25333,25;25334
2025-10-09 06:24:08.872;25333,75;1;ASK;25333,25;25334
2025-10-09 06:24:11.324;25333,5;1;BID;25333,5;25334,25
2025-10-09 06:24:14.064;25333,5;1;BID;25333,5;25334,25
2025-10-09 06:24:17.500;25334,25;1;ASK;25333,75;25334,5
2025-10-09 06:24:22.332;25334,75;1;ASK;25334;25334,75
2025-10-09 06:24:25.536;25334,75;1;BID;25335,75;25336,5
2025-10-09 06:24:25.540;25335,25;1;BID;25335,75;25336,5
2025-10-09 06:24:25.540;25335,25;1;BID;25335,75;25336,5
2025-10-09 06:24:25.544;25335,5;1;BID;25335,75;25336,5
2025-10-09 06:24:25.544;25335,75;1;BID;25335,75;25336,5
2025-10-09 06:24:25.544;25336;1;BID;25335,75;25336,5
2025-10-09 06:24:27.616;25335,75;1;BID;25336;25336,75
2025-10-09 06:24:27.624;25336;1;BID;25336;25336,75
2025-10-09 06:24:30.040;25336;1;BID;25336;25336,75
2025-10-09 06:24:30.040;25336;1;BID;25336;25336,75
2025-10-09 06:24:35.588;25337;1;ASK;25335,75;25336,5
2025-10-09 06:24:35.588;25337;1;ASK;25335,75;25336,5
2025-10-09 06:24:35.604;25336,25;1;ASK;25335,75;25336,5
2025-10-09 06:24:35.752;25336,5;1;ASK;25335,75;25336,5
2025-10-09 06:24:36.396;25336;1;BID;25335,75;25336,5
2025-10-09 06:24:39.024;25337;1;ASK;25336,75;25337,25
2025-10-09 06:24:40.272;25336,75;1;BID;25336,75;25337,5
2025-10-09 06:24:40.272;25336,75;1;BID;25336,75;25337,5
2025-10-09 06:24:40.272;25336,75;1;BID;25336,75;25337,5
2025-10-09 06:24:40.464;25337;5;BID;25336,75;25337,5
2025-10-09 06:24:40.464;25337,25;2;ASK;25336,75;25337,5
2025-10-09 06:24:40.476;25337;1;BID;25336,75;25337,5
2025-10-09 06:24:40.480;25336,75;1;BID;25336,75;25337,5
2025-10-09 06:24:40.480;25336,75;1;BID;25336,75;25337,5
2025-10-09 06:24:40.480;25336,75;1;BID;25336,75;25337,5
2025-10-09 06:24:49.012;25337,5;1;ASK;25336,75;25337,5
2025-10-09 06:24:49.028;25337;1;BID;25336,75;25337,5
2025-10-09 06:25:00.028;25337,75;1;BID;25338,25;25339
2025-10-09 06:25:00.032;25338;1;BID;25338,25;25339
2025-10-09 06:25:00.040;25338,25;1;BID;25338,25;25339
2025-10-09 06:25:00.396;25338,5;1;BID;25338,25;25339
2025-10-09 06:25:00.400;25338,75;1;ASK;25338,25;25339
2025-10-09 06:25:02.480;25338,5;1;ASK;25338;25338,5
2025-10-09 06:25:02.480;25338,25;1;ASK;25338;25338,5
2025-10-09 06:25:02.480;25338,25;1;ASK;25338;25338,5
2025-10-09 06:25:02.480;25338,25;1;ASK;25338;25338,5
2025-10-09 06:25:02.480;25338;1;BID;25338;25338,5
2025-10-09 06:25:02.480;25338;1;BID;25338;25338,5
2025-10-09 06:25:02.480;25338;1;BID;25338;25338,5
2025-10-09 06:25:02.480;25337,75;1;BID;25338;25338,5
2025-10-09 06:25:02.760;25338;1;BID;25338;25338,5
2025-10-09 06:25:03.072;25338;1;BID;25337,75;25338,5
2025-10-09 06:25:03.072;25337,75;1;BID;25337,75;25338,5
2025-10-09 06:25:03.072;25337,5;1;BID;25337,75;25338,5
2025-10-09 06:25:03.072;25337,5;1;BID;25337,75;25338,5
2025-10-09 06:25:05.592;25338;1;BID;25337,75;25338,5
2025-10-09 06:25:07.336;25338,25;1;BID;25338;25338,75
2025-10-09 06:25:09.068;25338;1;BID;25337,75;25338,5
2025-10-09 06:25:15.428;25338,5;1;BID;25338,75;25339,25
2025-10-09 06:25:15.756;25338,75;1;BID;25338,75;25339,25
2025-10-09 06:25:15.756;25339;1;ASK;25338,75;25339,25
2025-10-09 06:25:15.756;25339;1;ASK;25338,75;25339,25
2025-10-09 06:25:15.756;25339;1;ASK;25338,75;25339,25
2025-10-09 06:25:15.760;25338,5;1;BID;25338,75;25339,25
2025-10-09 06:25:16.148;25339,25;1;ASK;25338,75;25339,5
2025-10-09 06:25:17.032;25339,5;1;ASK;25339;25339,5
2025-10-09 06:25:17.032;25339,5;1;ASK;25339;25339,5
2025-10-09 06:25:17.032;25339,75;1;ASK;25339;25339,5
2025-10-09 06:25:18.084;25339,5;1;ASK;25339;25339,75
2025-10-09 06:25:18.084;25339,75;1;ASK;25339;25339,75
2025-10-09 06:25:18.084;25339,75;1;ASK;25339;25339,75
2025-10-09 06:25:18.084;25340;1;ASK;25339;25339,75
2025-10-09 06:25:18.084;25340;1;ASK;25339;25339,75
2025-10-09 06:25:18.084;25340;1;ASK;25339;25339,75
2025-10-09 06:25:18.416;25339,75;1;ASK;25339;25339,75
2025-10-09 06:25:22.108;25339,5;1;ASK;25338,75;25339,5
2025-10-09 06:25:22.112;25339,5;2;ASK;25338,75;25339,5
2025-10-09 06:25:24.456;25339,5;1;ASK;25339;25339,5
2025-10-09 06:25:26.392;25339,5;1;ASK;25338,75;25339,25
2025-10-09 06:25:26.536;25339;1;ASK;25338,75;25339,25
2025-10-09 06:25:27.868;25338,75;1;ASK;25338,25;25339
2025-10-09 06:25:27.868;25338,75;1;ASK;25338,25;25339
2025-10-09 06:25:27.868;25338,75;1;ASK;25338,25;25339
2025-10-09 06:25:27.868;25338,75;1;ASK;25338,25;25339
2025-10-09 06:25:27.868;25338,75;1;ASK;25338,25;25339
2025-10-09 06:25:33.464;25338,5;1;ASK;25338;25338,5
2025-10-09 06:25:33.528;25338,25;1;ASK;25338;25338,5
2025-10-09 06:25:35.644;25338,25;1;ASK;25338;25338,5
2025-10-09 06:25:37.036;25338;1;BID;25338;25338,5
2025-10-09 06:25:39.460;25338;1;BID;25337,75;25338,5
2025-10-09 06:25:39.460;25337,75;1;BID;25337,75;25338,5
2025-10-09 06:25:45.972;25338,5;1;ASK;25338;25338,75
2025-10-09 06:25:49.360;25338,25;1;BID;25338,5;25338,75
2025-10-09 06:25:50.804;25338,75;1;BID;25338,5;25339,25
2025-10-09 06:25:50.804;25338,75;1;BID;25338,5;25339,25
2025-10-09 06:25:55.088;25338,5;1;ASK;25338,25;25338,75
2025-10-09 06:25:56.832;25338,25;4;ASK;25338;25338,5
2025-10-09 06:25:59.380;25339;1;ASK;25338,5;25339
2025-10-09 06:25:59.380;25339,25;1;ASK;25338,5;25339
2025-10-09 06:26:03.532;25338,75;1;ASK;25338,5;25339
2025-10-09 06:26:03.532;25338,25;1;BID;25338,5;25339
2025-10-09 06:26:07.056;25339;1;ASK;25338,5;25339
2025-10-09 06:26:07.056;25339;1;ASK;25338,5;25339
2025-10-09 06:26:07.388;25338,5;1;BID;25338,5;25339
2025-10-09 06:26:08.480;25338,5;1;BID;25338,25;25339
2025-10-09 06:26:14.732;25338,25;1;BID;25338,5;25339
2025-10-09 06:26:22.112;25339,25;1;ASK;25338,5;25339,25
2025-10-09 06:26:22.520;25338,75;1;BID;25338,5;25339,25
2025-10-09 06:26:27.460;25338,5;1;ASK;25338;25338,75
2025-10-09 06:26:27.976;25338,75;2;ASK;25338;25338,75
2025-10-09 06:26:27.980;25338,25;1;BID;25338;25338,75
2025-10-09 06:26:37.068;25338;1;BID;25337,75;25338,5
2025-10-09 06:26:38.316;25338,5;1;BID;25338,75;25339,25
2025-10-09 06:26:38.316;25338,75;1;BID;25338,75;25339,25
2025-10-09 06:26:38.316;25338,75;1;BID;25338,75;25339,25
2025-10-09 06:26:38.316;25338,75;1;BID;25338,75;25339,25
2025-10-09 06:26:38.316;25339;1;ASK;25338,75;25339,25
2025-10-09 06:26:38.332;25338,5;1;BID;25338,75;25339,25
2025-10-09 06:26:38.332;25338,75;1;BID;25338,75;25339,25
2025-10-09 06:26:38.332;25338,75;1;BID;25338,75;25339,25
2025-10-09 06:26:39.564;25339,25;1;BID;25339,25;25339,75
2025-10-09 06:26:39.564;25339,25;1;BID;25339,25;25339,75
2025-10-09 06:26:39.564;25339,5;1;ASK;25339,25;25339,75
2025-10-09 06:26:45.324;25339,75;1;ASK;25339,25;25339,75
2025-10-09 06:26:45.324;25340;1;ASK;25339,25;25339,75
2025-10-09 06:26:45.324;25340;3;ASK;25339,25;25339,75
2025-10-09 06:26:45.344;25339,5;1;ASK;25339,25;25339,75
2025-10-09 06:26:48.960;25339,75;1;BID;25339,75;25340,5
2025-10-09 06:26:48.964;25340;1;BID;25339,75;25340,5
2025-10-09 06:26:48.964;25340;1;BID;25339,75;25340,5
2025-10-09 06:26:48.964;25340;4;BID;25339,75;25340,5
2025-10-09 06:26:48.964;25340;8;BID;25339,75;25340,5
2025-10-09 06:26:48.964;25340;3;BID;25339,75;25340,5
2025-10-09 06:26:48.964;25340;4;BID;25339,75;25340,5
2025-10-09 06:26:48.964;25340;1;BID;25339,75;25340,5
2025-10-09 06:26:48.964;25340;2;BID;25339,75;25340,5
2025-10-09 06:26:48.968;25340;1;BID;25339,75;25340,5
2025-10-09 06:26:48.968;25339,75;1;BID;25339,75;25340,5
2025-10-09 06:26:48.972;25340;1;BID;25339,75;25340,5
2025-10-09 06:26:48.972;25340;1;BID;25339,75;25340,5
2025-10-09 06:26:48.972;25340,25;1;ASK;25339,75;25340,5
2025-10-09 06:26:49.000;25340,25;1;ASK;25339,75;25340,5
2025-10-09 06:26:50.552;25340,75;1;ASK;25340;25340,75
2025-10-09 06:26:50.592;25340,75;1;ASK;25340;25340,75
2025-10-09 06:26:52.648;25340;1;ASK;25339,5;25340,25
2025-10-09 06:26:54.976;25340;1;ASK;25339,5;25340
2025-10-09 06:27:20.008;25339,75;1;ASK;25339,5;25340
2025-10-09 06:27:20.008;25339,75;1;ASK;25339,5;25340
2025-10-09 06:27:28.616;25339,75;1;ASK;25339,25;25340
2025-10-09 06:27:28.616;25339,5;1;BID;25339,25;25340
2025-10-09 06:27:35.552;25339,25;1;BID;25339;25339,75
2025-10-09 06:27:35.552;25339,25;1;BID;25339;25339,75
2025-10-09 06:27:48.884;25339,25;1;ASK;25338,5;25339,25
2025-10-09 06:27:48.884;25339;1;ASK;25338,5;25339,25
2025-10-09 06:27:48.884;25339;1;ASK;25338,5;25339,25
2025-10-09 06:27:52.216;25339,25;1;ASK;25338,75;25339,75
2025-10-09 06:27:52.216;25339,25;1;ASK;25338,75;25339,75
2025-10-09 06:27:52.216;25339,5;3;ASK;25338,75;25339,75
2025-10-09 06:27:52.220;25339,5;1;ASK;25338,75;25339,75
2025-10-09 06:27:53.292;25339,5;1;ASK;25339;25339,75
2025-10-09 06:27:56.108;25339;1;ASK;25338,25;25339
2025-10-09 06:27:56.108;25338,75;1;ASK;25338,25;25339
2025-10-09 06:27:56.108;25338,75;1;ASK;25338,25;25339
2025-10-09 06:27:58.748;25338,25;1;ASK;25337,75;25338,5
2025-10-09 06:27:58.768;25338;1;BID;25337,75;25338,5
2025-10-09 06:27:58.768;25338;3;BID;25337,75;25338,5
2025-10-09 06:28:13.800;25337,25;1;ASK;25336;25336,75
2025-10-09 06:28:13.800;25337;1;ASK;25336;25336,75
2025-10-09 06:28:13.800;25337;1;ASK;25336;25336,75
2025-10-09 06:28:13.800;25336,75;1;ASK;25336;25336,75
2025-10-09 06:28:13.800;25336,75;1;ASK;25336;25336,75
2025-10-09 06:28:13.800;25336,75;1;ASK;25336;25336,75
2025-10-09 06:28:13.800;25336,75;1;ASK;25336;25336,75
2025-10-09 06:28:13.800;25336,5;1;ASK;25336;25336,75
2025-10-09 06:28:13.800;25336,5;1;ASK;25336;25336,75
2025-10-09 06:28:13.800;25336,5;1;ASK;25336;25336,75
2025-10-09 06:28:13.800;25336,25;1;BID;25336;25336,75
2025-10-09 06:28:13.800;25336,25;1;BID;25336;25336,75
2025-10-09 06:28:13.800;25336,25;1;BID;25336;25336,75
2025-10-09 06:28:13.800;25336;1;BID;25336;25336,75
2025-10-09 06:28:13.800;25336;1;BID;25336;25336,75
2025-10-09 06:28:13.800;25336;1;BID;25336;25336,75
2025-10-09 06:28:13.800;25336;1;BID;25336;25336,75
2025-10-09 06:28:13.800;25336;1;BID;25336;25336,75
2025-10-09 06:28:13.800;25336;2;BID;25336;25336,75
2025-10-09 06:28:13.800;25336;1;BID;25336;25336,75
2025-10-09 06:28:13.800;25335,75;1;BID;25336;25336,75
2025-10-09 06:28:13.800;25335,75;1;BID;25336;25336,75
2025-10-09 06:28:13.800;25335,75;1;BID;25336;25336,75
2025-10-09 06:28:13.800;25335,75;1;BID;25336;25336,75
2025-10-09 06:28:13.800;25335,75;1;BID;25336;25336,75
2025-10-09 06:28:21.140;25336,75;1;ASK;25336,25;25337
2025-10-09 06:28:21.140;25336,5;1;BID;25336,25;25337
2025-10-09 06:28:21.144;25336,5;1;BID;25336,25;25337
2025-10-09 06:28:23.984;25336,25;1;BID;25336,25;25337
2025-10-09 06:28:26.164;25336,25;1;BID;25336;25336,75
2025-10-09 06:28:27.104;25336;1;ASK;25335,75;25336,25
2025-10-09 06:28:27.104;25336;1;ASK;25335,75;25336,25
2025-10-09 06:28:27.104;25336;1;ASK;25335,75;25336,25
2025-10-09 06:28:27.104;25336;1;ASK;25335,75;25336,25
2025-10-09 06:28:27.972;25336;1;ASK;25335,75;25336,25
2025-10-09 06:28:27.972;25336;1;ASK;25335,75;25336,25
2025-10-09 06:28:30.832;25335,75;1;BID;25335,75;25336,25
2025-10-09 06:28:51.972;25336;1;BID;25336;25336,75
2025-10-09 06:28:51.972;25335,75;1;BID;25336;25336,75
2025-10-09 06:28:51.972;25335,75;1;BID;25336;25336,75
2025-10-09 06:28:52.932;25336,25;1;ASK;25335,75;25336,5
2025-10-09 06:28:52.932;25336,25;1;ASK;25335,75;25336,5
2025-10-09 06:28:54.200;25335,75;4;ASK;25335;25335,75
2025-10-09 06:28:54.200;25335,5;1;ASK;25335;25335,75
2025-10-09 06:28:54.476;25335,25;1;BID;25335;25335,75
2025-10-09 06:28:54.476;25335;1;BID;25335;25335,75
2025-10-09 06:29:00.868;25335,25;1;ASK;25334,5;25335,25
2025-10-09 06:29:00.868;25335;1;ASK;25334,5;25335,25
2025-10-09 06:29:00.868;25335;1;ASK;25334,5;25335,25
2025-10-09 06:29:00.868;25335;1;ASK;25334,5;25335,25
2025-10-09 06:29:00.872;25334,75;1;BID;25334,5;25335,25
2025-10-09 06:29:00.872;25334,75;1;BID;25334,5;25335,25
2025-10-09 06:29:00.872;25334,5;1;BID;25334,5;25335,25
2025-10-09 06:29:00.872;25335;1;ASK;25334,5;25335,25
2025-10-09 06:29:00.872;25335;1;ASK;25334,5;25335,25
2025-10-09 06:29:08.952;25335,5;1;ASK;25335;25335,5
2025-10-09 06:29:09.904;25335,25;1;ASK;25334,75;25335,75
2025-10-09 06:29:09.904;25335;1;BID;25334,75;25335,75
2025-10-09 06:29:09.904;25335;1;BID;25334,75;25335,75
2025-10-09 06:29:09.904;25334,75;1;BID;25334,75;25335,75
2025-10-09 06:29:09.904;25334,75;1;BID;25334,75;25335,75
2025-10-09 06:29:09.904;25334,75;1;BID;25334,75;25335,75
2025-10-09 06:29:17.504;25334,5;1;BID;25334,5;25335,25
2025-10-09 06:29:17.536;25334,5;1;BID;25334,5;25335,25
2025-10-09 06:29:20.080;25334,5;1;BID;25334,25;25335
2025-10-09 06:29:25.136;25335;1;BID;25334,75;25335,5
2025-10-09 06:29:30.200;25335,25;1;ASK;25334,75;25335,5
2025-10-09 06:29:30.200;25335,25;1;ASK;25334,75;25335,5
2025-10-09 06:29:34.392;25335,5;1;BID;25335,25;25336
2025-10-09 06:29:34.788;25335,5;1;BID;25335,25;25336
2025-10-09 06:29:34.788;25335,75;1;ASK;25335,25;25336
2025-10-09 06:29:34.788;25335,75;1;ASK;25335,25;25336
2025-10-09 06:29:37.052;25336;1;BID;25335,75;25336,5
2025-10-09 06:29:37.060;25336,25;1;ASK;25335,75;25336,5
2025-10-09 06:29:37.060;25336,5;1;ASK;25335,75;25336,5
2025-10-09 06:29:37.064;25336,5;1;ASK;25335,75;25336,5
2025-10-09 06:29:40.040;25336,5;1;ASK;25336;25336,75
2025-10-09 06:29:40.040;25336,75;1;ASK;25336;25336,75
2025-10-09 06:29:56.192;25336,5;1;ASK;25335,75;25336,5
2025-10-09 06:29:57.000;25336;1;BID;25335,75;25336,5
2025-10-09 06:29:58.252;25335,75;1;ASK;25335;25335,75
2025-10-09 06:30:00.384;25335,25;1;ASK;25334,75;25335,25
2025-10-09 06:30:03.612;25334,25;1;ASK;25333,75;25334,25
2025-10-09 06:30:03.612;25334,25;1;ASK;25333,75;25334,25
2025-10-09 06:30:03.916;25334;1;ASK;25333,75;25334,25
2025-10-09 06:30:03.916;25334;1;ASK;25333,75;25334,25
2025-10-09 06:30:03.916;25334;1;ASK;25333,75;25334,25
2025-10-09 06:30:04.056;25333,75;1;BID;25333,5;25334,25
2025-10-09 06:30:08.608;25333,5;1;ASK;25332,75;25333,25
2025-10-09 06:30:08.608;25333,5;1;ASK;25332,75;25333,25
2025-10-09 06:30:08.628;25333,25;2;ASK;25332,75;25333,25
2025-10-09 06:30:08.628;25333,25;1;ASK;25332,75;25333,25
2025-10-09 06:30:09.244;25332,75;1;BID;25332,5;25333,25
2025-10-09 06:30:14.480;25332,25;1;BID;25332;25332,75
2025-10-09 06:30:14.480;25332;1;BID;25332;25332,75
2025-10-09 06:30:14.480;25332;1;BID;25332;25332,75
2025-10-09 06:30:14.480;25331,75;1;BID;25332;25332,75
2025-10-09 06:30:14.480;25331,75;1;BID;25332;25332,75
2025-10-09 06:30:15.444;25332,75;1;ASK;25332,5;25333
2025-10-09 06:30:16.572;25332,5;1;BID;25332,25;25333
2025-10-09 06:30:16.632;25333;1;ASK;25332,25;25333
2025-10-09 06:30:17.844;25332,5;1;ASK;25332;25332,5
2025-10-09 06:30:17.844;25332,25;1;ASK;25332;25332,5
2025-10-09 06:30:21.548;25332,25;1;ASK;25331,75;25332,5
2025-10-09 06:30:29.160;25332;1;ASK;25331,75;25332,25
2025-10-09 06:30:30.700;25332,5;1;BID;25332,25;25333
2025-10-09 06:30:31.784;25333;1;ASK;25332,5;25333
2025-10-09 06:30:36.880;25332,25;1;BID;25332,25;25332,75
2025-10-09 06:30:36.880;25332,25;1;BID;25332,25;25332,75
2025-10-09 06:30:40.672;25332;1;ASK;25331,5;25332,25
2025-10-09 06:30:44.404;25332,25;1;ASK;25332;25332,5
2025-10-09 06:30:47.308;25332;1;ASK;25331,75;25332,25
2025-10-09 06:30:52.452;25331,75;1;BID;25331,75;25332,25
2025-10-09 06:30:52.452;25331,5;1;BID;25331,75;25332,25
2025-10-09 06:30:52.452;25331,5;2;BID;25331,75;25332,25
2025-10-09 06:30:59.892;25331,75;1;ASK;25331,5;25332
2025-10-09 06:30:59.892;25331,75;1;ASK;25331,5;25332
2025-10-09 06:30:59.900;25331,75;1;ASK;25331,5;25332
2025-10-09 06:30:59.900;25331,75;1;ASK;25331,5;25332
2025-10-09 06:30:59.904;25331,75;1;ASK;25331,5;25332
2025-10-09 06:30:59.904;25331,5;5;BID;25331,5;25332
2025-10-09 06:30:59.904;25331,75;1;ASK;25331,5;25332
