index;timestamp;price;type;direction;confirmed
3;2025-10-09 06:05:00;25324,25;VALLE;down;True
19;2025-10-09 06:21:00;25337,5;PICO;up;True
21;2025-10-09 06:24:00;25331,25;VALLE;down;True
26;2025-10-09 06:28:00;25340,75;PICO;up;True
36;2025-10-09 06:41:00;25328,25;VALLE;down;True
57;2025-10-09 07:01:00;25342,25;PICO;up;True
61;2025-10-09 07:02:00;25336,0;VALLE;down;True
72;2025-10-09 07:13:00;25351,25;PICO;up;True
73;2025-10-09 07:25:00;25344,0;VALLE;down;True
89;2025-10-09 07:29:00;25360,0;PICO;up;True
89;2025-10-09 07:30:00;25348,75;VALLE;down;True
90;2025-10-09 07:31:00;25364,75;PICO;up;True
91;2025-10-09 07:32:00;25357,75;VALLE;down;True
93;2025-10-09 07:33:00;25364,0;PICO;up;True
95;2025-10-09 07:36:00;25354,0;VALLE;down;True
99;2025-10-09 07:40:00;25362,5;PICO;up;True
105;2025-10-09 07:45:00;25345,0;VALLE;down;True
105;2025-10-09 07:46:00;25352,75;PICO;up;True
109;2025-10-09 07:51:00;25341,0;VALLE;down;True
120;2025-10-09 08:00:00;25358,0;PICO;up;True
120;2025-10-09 08:03:00;25352,25;VALLE;down;True
125;2025-10-09 08:05:00;25364,25;PICO;up;True
125;2025-10-09 08:06:00;25358,75;VALLE;down;True
127;2025-10-09 08:11:00;25365,75;PICO;up;True
132;2025-10-09 08:13:00;25358,0;VALLE;down;True
137;2025-10-09 08:19:00;25367,75;PICO;up;True
141;2025-10-09 08:21:00;25351,25;VALLE;down;True
141;2025-10-09 08:22:00;25358,25;PICO;up;True
143;2025-10-09 08:24:00;25350,75;VALLE;down;True
144;2025-10-09 08:26:00;25358,0;PICO;up;True
147;2025-10-09 08:30:00;25346,75;VALLE;down;True
151;2025-10-09 08:31:00;25359,25;PICO;up;True
151;2025-10-09 08:32:00;25352,0;VALLE;down;True
152;2025-10-09 08:33:00;25358,75;PICO;up;True
155;2025-10-09 08:36:00;25346,75;VALLE;down;True
159;2025-10-09 08:40:00;25356,75;PICO;up;True
160;2025-10-09 08:41:00;25351,25;VALLE;down;True
162;2025-10-09 08:43:00;25359,5;PICO;up;True
169;2025-10-09 08:49:00;25338,5;VALLE;down;True
169;2025-10-09 08:50:00;25345,25;PICO;up;True
170;2025-10-09 08:52:00;25334,75;VALLE;down;True
172;2025-10-09 08:53:00;25340,0;PICO;up;True
176;2025-10-09 08:56:00;25326,25;VALLE;down;True
177;2025-10-09 08:57:00;25338,0;PICO;up;True
178;2025-10-09 08:59:00;25331,5;VALLE;down;True
180;2025-10-09 09:00:00;25342,0;PICO;up;True
180;2025-10-09 09:01:00;25332,5;VALLE;down;True
182;2025-10-09 09:02:00;25343,0;PICO;up;True
182;2025-10-09 09:03:00;25337,75;VALLE;down;True
184;2025-10-09 09:05:00;25347,75;PICO;up;True
186;2025-10-09 09:06:00;25338,5;VALLE;down;True
186;2025-10-09 09:07:00;25346,25;PICO;up;True
187;2025-10-09 09:08:00;25340,0;VALLE;down;True
190;2025-10-09 09:10:00;25346,75;PICO;up;True
190;2025-10-09 09:11:00;25340,5;VALLE;down;True
191;2025-10-09 09:12:00;25349,25;PICO;up;True
193;2025-10-09 09:13:00;25341,75;VALLE;down;True
194;2025-10-09 09:15:00;25348,75;PICO;up;True
195;2025-10-09 09:16:00;25340,0;VALLE;down;True
196;2025-10-09 09:17:00;25346,25;PICO;up;True
197;2025-10-09 09:18:00;25339,0;VALLE;down;True
201;2025-10-09 09:23:00;25347,25;PICO;up;True
204;2025-10-09 09:24:00;25336,0;VALLE;down;True
206;2025-10-09 09:26:00;25346,0;PICO;up;True
208;2025-10-09 09:28:00;25333,25;VALLE;down;True
208;2025-10-09 09:29:00;25339,0;PICO;up;True
210;2025-10-09 09:30:00;25330,75;VALLE;down;True
210;2025-10-09 09:31:00;25336,25;PICO;up;True
211;2025-10-09 09:32:00;25328,25;VALLE;down;True
212;2025-10-09 09:33:00;25335,0;PICO;up;True
213;2025-10-09 09:34:00;25323,0;VALLE;down;True
222;2025-10-09 09:42:00;25338,75;PICO;up;True
223;2025-10-09 09:43:00;25329,5;VALLE;down;True
225;2025-10-09 09:45:00;25343,0;PICO;up;True
225;2025-10-09 09:46:00;25336,0;VALLE;down;True
227;2025-10-09 09:47:00;25346,0;PICO;up;True
229;2025-10-09 09:51:00;25335,25;VALLE;down;True
233;2025-10-09 09:56:00;25343,75;PICO;up;True
240;2025-10-09 10:02:00;25335,75;VALLE;down;True
242;2025-10-09 10:03:00;25342,5;PICO;up;True
243;2025-10-09 10:04:00;25335,75;VALLE;down;True
244;2025-10-09 10:05:00;25344,0;PICO;up;True
247;2025-10-09 10:07:00;25336,5;VALLE;down;True
248;2025-10-09 10:10:00;25342,0;PICO;up;True
254;2025-10-09 10:14:00;25317,5;VALLE;down;True
254;2025-10-09 10:15:00;25326,25;PICO;up;True
256;2025-10-09 10:17:00;25311,75;VALLE;down;True
257;2025-10-09 10:18:00;25320,5;PICO;up;True
258;2025-10-09 10:19:00;25315,25;VALLE;down;True
261;2025-10-09 10:21:00;25332,0;PICO;up;True
261;2025-10-09 10:22:00;25326,5;VALLE;down;True
262;2025-10-09 10:23:00;25334,75;PICO;up;True
267;2025-10-09 10:27:00;25319,0;VALLE;down;True
268;2025-10-09 10:30:00;25329,25;PICO;up;True
277;2025-10-09 10:38:00;25309,75;VALLE;down;True
279;2025-10-09 10:40:00;25318,0;PICO;up;True
281;2025-10-09 10:41:00;25302,25;VALLE;down;True
281;2025-10-09 10:42:00;25309,5;PICO;up;True
283;2025-10-09 10:43:00;25298,75;VALLE;down;True
283;2025-10-09 10:44:00;25305,25;PICO;up;True
284;2025-10-09 10:45:00;25299,5;VALLE;down;True
285;2025-10-09 10:46:00;25306,0;PICO;up;True
286;2025-10-09 10:47:00;25299,5;VALLE;down;True
289;2025-10-09 10:49:00;25315,5;PICO;up;True
290;2025-10-09 10:52:00;25298,0;VALLE;down;True
292;2025-10-09 10:54:00;25306,75;PICO;up;True
294;2025-10-09 10:55:00;25294,25;VALLE;down;True
295;2025-10-09 10:56:00;25305,75;PICO;up;True
298;2025-10-09 10:58:00;25295,0;VALLE;down;True
299;2025-10-09 10:59:00;25301,0;PICO;up;True
299;2025-10-09 11:00:00;25295,5;VALLE;down;True
300;2025-10-09 11:03:00;25302,5;PICO;up;True
304;2025-10-09 11:05:00;25295,25;VALLE;down;True
306;2025-10-09 11:06:00;25309,5;PICO;up;True
306;2025-10-09 11:07:00;25299,5;VALLE;down;True
308;2025-10-09 11:09:00;25313,25;PICO;up;True
309;2025-10-09 11:11:00;25307,75;VALLE;down;True
312;2025-10-09 11:12:00;25321,75;PICO;up;True
312;2025-10-09 11:13:00;25315,0;VALLE;down;True
315;2025-10-09 11:15:00;25326,75;PICO;up;True
316;2025-10-09 11:16:00;25317,75;VALLE;down;True
316;2025-10-09 11:17:00;25324,75;PICO;up;True
321;2025-10-09 11:22:00;25315,5;VALLE;down;True
322;2025-10-09 11:23:00;25321,0;PICO;up;True
324;2025-10-09 11:26:00;25314,0;VALLE;down;True
333;2025-10-09 11:33:00;25327,75;PICO;up;True
333;2025-10-09 11:34:00;25321,25;VALLE;down;True
335;2025-10-09 11:36:00;25339,25;PICO;up;True
338;2025-10-09 11:39:00;25328,75;VALLE;down;True
340;2025-10-09 11:40:00;25335,0;PICO;up;True
342;2025-10-09 11:43:00;25327,0;VALLE;down;True
344;2025-10-09 11:45:00;25333,0;PICO;up;True
350;2025-10-09 11:52:00;25322,5;VALLE;down;True
353;2025-10-09 11:54:00;25328,25;PICO;up;True
355;2025-10-09 11:55:00;25321,25;VALLE;down;True
357;2025-10-09 11:59:00;25329,0;PICO;up;True
360;2025-10-09 12:00:00;25317,25;VALLE;down;True
361;2025-10-09 12:01:00;25325,25;PICO;up;True
362;2025-10-09 12:02:00;25310,75;VALLE;down;True
364;2025-10-09 12:07:00;25328,25;PICO;up;True
368;2025-10-09 12:08:00;25320,5;VALLE;down;True
369;2025-10-09 12:10:00;25327,75;PICO;up;True
371;2025-10-09 12:12:00;25321,75;VALLE;down;True
375;2025-10-09 12:17:00;25332,75;PICO;up;True
378;2025-10-09 12:21:00;25325,5;VALLE;down;True
381;2025-10-09 12:23:00;25331,0;PICO;up;True
385;2025-10-09 12:25:00;25317,0;VALLE;down;True
385;2025-10-09 12:26:00;25322,25;PICO;up;True
389;2025-10-09 12:29:00;25308,5;VALLE;down;True
389;2025-10-09 12:30:00;25315,75;PICO;up;True
390;2025-10-09 12:31:00;25306,0;VALLE;down;True
392;2025-10-09 12:33:00;25316,5;PICO;up;True
393;2025-10-09 12:36:00;25303,5;VALLE;down;True
397;2025-10-09 12:37:00;25313,75;PICO;up;True
398;2025-10-09 12:39:00;25307,75;VALLE;down;True
402;2025-10-09 12:43:00;25315,25;PICO;up;True
408;2025-10-09 12:48:00;25305,5;VALLE;down;True
420;2025-10-09 13:00:00;25323,25;PICO;up;True
420;2025-10-09 13:01:00;25316,5;VALLE;down;True
421;2025-10-09 13:05:00;25327,75;PICO;up;True
425;2025-10-09 13:06:00;25321,5;VALLE;down;True
426;2025-10-09 13:07:00;25329,75;PICO;up;True
427;2025-10-09 13:08:00;25319,5;VALLE;down;True
429;2025-10-09 13:10:00;25329,75;PICO;up;True
436;2025-10-09 13:17:00;25318,5;VALLE;down;True
437;2025-10-09 13:19:00;25325,25;PICO;up;True
439;2025-10-09 13:20:00;25319,75;VALLE;down;True
450;2025-10-09 13:30:00;25341,25;PICO;up;True
451;2025-10-09 13:31:00;25333,25;VALLE;down;True
452;2025-10-09 13:32:00;25341,0;PICO;up;True
454;2025-10-09 13:34:00;25331,0;VALLE;down;True
454;2025-10-09 13:35:00;25338,0;PICO;up;True
455;2025-10-09 13:37:00;25325,75;VALLE;down;True
458;2025-10-09 13:42:00;25333,75;PICO;up;True
466;2025-10-09 13:47:00;25317,5;VALLE;down;True
469;2025-10-09 13:51:00;25328,75;PICO;up;True
471;2025-10-09 13:53:00;25322,0;VALLE;down;True
473;2025-10-09 13:54:00;25327,5;PICO;up;True
478;2025-10-09 13:58:00;25316,0;VALLE;down;True
478;2025-10-09 13:59:00;25321,25;PICO;up;True
479;2025-10-09 14:00:00;25311,75;VALLE;down;True
480;2025-10-09 14:01:00;25325,75;PICO;up;True
481;2025-10-09 14:02:00;25318,0;VALLE;down;True
482;2025-10-09 14:03:00;25327,0;PICO;up;True
484;2025-10-09 14:04:00;25315,5;VALLE;down;True
484;2025-10-09 14:05:00;25326,0;PICO;up;True
486;2025-10-09 14:06:00;25317,0;VALLE;down;True
487;2025-10-09 14:08:00;25324,0;PICO;up;True
494;2025-10-09 14:15:00;25310,5;VALLE;down;True
499;2025-10-09 14:20:00;25321,75;PICO;up;True
500;2025-10-09 14:22:00;25314,75;VALLE;down;True
507;2025-10-09 14:28:00;25324,75;PICO;up;True
508;2025-10-09 14:29:00;25318,25;VALLE;down;True
510;2025-10-09 14:30:00;25332,75;PICO;up;True
510;2025-10-09 14:31:00;25318,0;VALLE;down;True
511;2025-10-09 14:32:00;25328,75;PICO;up;True
512;2025-10-09 14:33:00;25316,5;VALLE;down;True
513;2025-10-09 14:35:00;25327,5;PICO;up;True
515;2025-10-09 14:36:00;25318,25;VALLE;down;True
517;2025-10-09 14:38:00;25329,75;PICO;up;True
518;2025-10-09 14:40:00;25324,0;VALLE;down;True
520;2025-10-09 14:41:00;25329,25;PICO;up;True
522;2025-10-09 14:43:00;25318,75;VALLE;down;True
524;2025-10-09 14:45:00;25329,5;PICO;up;True
529;2025-10-09 14:50:00;25317,25;VALLE;down;True
531;2025-10-09 14:51:00;25329,0;PICO;up;True
531;2025-10-09 14:52:00;25323,75;VALLE;down;True
540;2025-10-09 15:01:00;25334,5;PICO;up;True
542;2025-10-09 15:05:00;25325,0;VALLE;down;True
545;2025-10-09 15:06:00;25331,0;PICO;up;True
547;2025-10-09 15:07:00;25318,75;VALLE;down;True
547;2025-10-09 15:09:00;25326,75;PICO;up;True
551;2025-10-09 15:11:00;25315,0;VALLE;down;True
551;2025-10-09 15:13:00;25321,25;PICO;up;True
554;2025-10-09 15:15:00;25314,25;VALLE;down;True
557;2025-10-09 15:17:00;25325,75;PICO;up;True
557;2025-10-09 15:18:00;25319,0;VALLE;down;True
558;2025-10-09 15:19:00;25329,75;PICO;up;True
560;2025-10-09 15:22:00;25322,75;VALLE;down;True
564;2025-10-09 15:24:00;25334,0;PICO;up;True
565;2025-10-09 15:25:00;25325,0;VALLE;down;True
565;2025-10-09 15:26:00;25334,0;PICO;up;True
567;2025-10-09 15:27:00;25317,0;VALLE;down;True
568;2025-10-09 15:28:00;25331,0;PICO;up;True
568;2025-10-09 15:29:00;25321,25;VALLE;down;True
569;2025-10-09 15:30:00;25337,75;PICO;up;True
570;2025-10-09 15:31:00;25307,5;VALLE;down;True
571;2025-10-09 15:32:00;25334,75;PICO;up;True
573;2025-10-09 15:33:00;25297,0;VALLE;down;True
573;2025-10-09 15:34:00;25316,0;PICO;up;True
575;2025-10-09 15:35:00;25292,5;VALLE;down;True
576;2025-10-09 15:36:00;25315,0;PICO;up;True
577;2025-10-09 15:37:00;25295,5;VALLE;down;True
577;2025-10-09 15:38:00;25315,25;PICO;up;True
578;2025-10-09 15:39:00;25290,5;VALLE;down;True
579;2025-10-09 15:40:00;25306,0;PICO;up;True
581;2025-10-09 15:41:00;25271,5;VALLE;down;True
581;2025-10-09 15:42:00;25292,25;PICO;up;True
582;2025-10-09 15:43:00;25258,75;VALLE;down;True
584;2025-10-09 15:44:00;25281,75;PICO;up;True
585;2025-10-09 15:45:00;25253,75;VALLE;down;True
585;2025-10-09 15:46:00;25277,0;PICO;up;True
586;2025-10-09 15:47:00;25254,75;VALLE;down;True
588;2025-10-09 15:48:00;25295,25;PICO;up;True
588;2025-10-09 15:49:00;25272,75;VALLE;down;True
590;2025-10-09 15:50:00;25309,5;PICO;up;True
591;2025-10-09 15:51:00;25278,25;VALLE;down;True
591;2025-10-09 15:52:00;25316,75;PICO;up;True
593;2025-10-09 15:53:00;25265,0;VALLE;down;True
593;2025-10-09 15:54:00;25288,25;PICO;up;True
595;2025-10-09 15:55:00;25251,5;VALLE;down;True
596;2025-10-09 15:56:00;25275,5;PICO;up;True
596;2025-10-09 15:57:00;25254,75;VALLE;down;True
598;2025-10-09 15:58:00;25294,25;PICO;up;True
599;2025-10-09 15:59:00;25276,0;VALLE;down;True
599;2025-10-09 16:00:00;25291,5;PICO;up;True
600;2025-10-09 16:01:00;25264,0;VALLE;down;True
601;2025-10-09 16:02:00;25277,5;PICO;up;True
602;2025-10-09 16:03:00;25261,25;VALLE;down;True
604;2025-10-09 16:04:00;25286,0;PICO;up;True
605;2025-10-09 16:05:00;25272,75;VALLE;down;True
606;2025-10-09 16:06:00;25286,25;PICO;up;True
606;2025-10-09 16:07:00;25276,25;VALLE;down;True
607;2025-10-09 16:08:00;25288,75;PICO;up;True
609;2025-10-09 16:09:00;25262,0;VALLE;down;True
610;2025-10-09 16:10:00;25279,25;PICO;up;True
611;2025-10-09 16:11:00;25267,25;VALLE;down;True
612;2025-10-09 16:12:00;25278,0;PICO;up;True
612;2025-10-09 16:13:00;25265,5;VALLE;down;True
614;2025-10-09 16:14:00;25277,5;PICO;up;True
615;2025-10-09 16:15:00;25258,0;VALLE;down;True
616;2025-10-09 16:16:00;25274,75;PICO;up;True
617;2025-10-09 16:17:00;25257,0;VALLE;down;True
618;2025-10-09 16:18:00;25273,25;PICO;up;True
618;2025-10-09 16:19:00;25259,75;VALLE;down;True
619;2025-10-09 16:20:00;25275,75;PICO;up;True
621;2025-10-09 16:21:00;25244,25;VALLE;down;True
621;2025-10-09 16:22:00;25264,5;PICO;up;True
622;2025-10-09 16:23:00;25253,5;VALLE;down;True
624;2025-10-09 16:24:00;25276,75;PICO;up;True
625;2025-10-09 16:25:00;25260,75;VALLE;down;True
625;2025-10-09 16:26:00;25274,0;PICO;up;True
627;2025-10-09 16:27:00;25251,5;VALLE;down;True
628;2025-10-09 16:28:00;25261,75;PICO;up;True
629;2025-10-09 16:29:00;25247,0;VALLE;down;True
629;2025-10-09 16:30:00;25261,0;PICO;up;True
631;2025-10-09 16:31:00;25226,0;VALLE;down;True
631;2025-10-09 16:32:00;25248,0;PICO;up;True
632;2025-10-09 16:33:00;25226,25;VALLE;down;True
633;2025-10-09 16:34:00;25246,75;PICO;up;True
635;2025-10-09 16:35:00;25215,0;VALLE;down;True
635;2025-10-09 16:36:00;25229,25;PICO;up;True
636;2025-10-09 16:37:00;25216,5;VALLE;down;True
637;2025-10-09 16:38:00;25233,0;PICO;up;True
639;2025-10-09 16:39:00;25209,0;VALLE;down;True
640;2025-10-09 16:40:00;25229,25;PICO;up;True
641;2025-10-09 16:41:00;25210,0;VALLE;down;True
641;2025-10-09 16:42:00;25233,0;PICO;up;True
643;2025-10-09 16:43:00;25204,0;VALLE;down;True
644;2025-10-09 16:44:00;25215,25;PICO;up;True
645;2025-10-09 16:45:00;25193,5;VALLE;down;True
646;2025-10-09 16:46:00;25220,5;PICO;up;True
646;2025-10-09 16:47:00;25197,75;VALLE;down;True
647;2025-10-09 16:48:00;25220,0;PICO;up;True
648;2025-10-09 16:49:00;25207,0;VALLE;down;True
650;2025-10-09 16:50:00;25238,75;PICO;up;True
650;2025-10-09 16:51:00;25228,75;VALLE;down;True
652;2025-10-09 16:52:00;25243,25;PICO;up;True
653;2025-10-09 16:53:00;25233,0;VALLE;down;True
653;2025-10-09 16:54:00;25243,5;PICO;up;True
654;2025-10-09 16:55:00;25235,25;VALLE;down;True
656;2025-10-09 16:56:00;25246,5;PICO;up;True
656;2025-10-09 16:57:00;25239,5;VALLE;down;True
658;2025-10-09 16:58:00;25260,0;PICO;up;True
659;2025-10-09 16:59:00;25246,25;VALLE;down;True
660;2025-10-09 17:00:00;25267,0;PICO;up;True
660;2025-10-09 17:01:00;25251,5;VALLE;down;True
661;2025-10-09 17:02:00;25266,75;PICO;up;True
662;2025-10-09 17:03:00;25241,75;VALLE;down;True
664;2025-10-09 17:04:00;25260,0;PICO;up;True
664;2025-10-09 17:05:00;25253,75;VALLE;down;True
665;2025-10-09 17:06:00;25265,0;PICO;up;True
667;2025-10-09 17:07:00;25244,5;VALLE;down;True
667;2025-10-09 17:08:00;25260,25;PICO;up;True
668;2025-10-09 17:09:00;25245,0;VALLE;down;True
670;2025-10-09 17:10:00;25266,5;PICO;up;True
671;2025-10-09 17:11:00;25249,5;VALLE;down;True
672;2025-10-09 17:12:00;25260,25;PICO;up;True
672;2025-10-09 17:13:00;25253,5;VALLE;down;True
673;2025-10-09 17:14:00;25260,25;PICO;up;True
674;2025-10-09 17:15:00;25254,75;VALLE;down;True
676;2025-10-09 17:16:00;25273,75;PICO;up;True
677;2025-10-09 17:17:00;25260,0;VALLE;down;True
677;2025-10-09 17:18:00;25268,75;PICO;up;True
678;2025-10-09 17:19:00;25253,25;VALLE;down;True
679;2025-10-09 17:20:00;25264,5;PICO;up;True
681;2025-10-09 17:21:00;25242,75;VALLE;down;True
681;2025-10-09 17:22:00;25258,5;PICO;up;True
683;2025-10-09 17:23:00;25234,25;VALLE;down;True
683;2025-10-09 17:24:00;25253,75;PICO;up;True
684;2025-10-09 17:25:00;25230,0;VALLE;down;True
685;2025-10-09 17:26:00;25240,75;PICO;up;True
687;2025-10-09 17:27:00;25226,0;VALLE;down;True
688;2025-10-09 17:28:00;25235,5;PICO;up;True
689;2025-10-09 17:29:00;25222,75;VALLE;down;True
689;2025-10-09 17:30:00;25232,5;PICO;up;True
691;2025-10-09 17:31:00;25219,0;VALLE;down;True
691;2025-10-09 17:32:00;25229,5;PICO;up;True
693;2025-10-09 17:33:00;25217,25;VALLE;down;True
693;2025-10-09 17:34:00;25228,25;PICO;up;True
695;2025-10-09 17:35:00;25197,75;VALLE;down;True
696;2025-10-09 17:36:00;25219,25;PICO;up;True
696;2025-10-09 17:37:00;25205,75;VALLE;down;True
698;2025-10-09 17:38:00;25235,75;PICO;up;True
698;2025-10-09 17:39:00;25221,25;VALLE;down;True
699;2025-10-09 17:40:00;25232,0;PICO;up;True
701;2025-10-09 17:41:00;25210,5;VALLE;down;True
702;2025-10-09 17:42:00;25219,75;PICO;up;True
702;2025-10-09 17:43:00;25209,5;VALLE;down;True
704;2025-10-09 17:44:00;25220,5;PICO;up;True
704;2025-10-09 17:45:00;25213,75;VALLE;down;True
706;2025-10-09 17:46:00;25230,75;PICO;up;True
706;2025-10-09 17:47:00;25215,5;VALLE;down;True
708;2025-10-09 17:48:00;25235,0;PICO;up;True
708;2025-10-09 17:49:00;25225,75;VALLE;down;True
710;2025-10-09 17:50:00;25255,75;PICO;up;True
710;2025-10-09 17:51:00;25246,75;VALLE;down;True
712;2025-10-09 17:52:00;25264,5;PICO;up;True
712;2025-10-09 17:53:00;25255,25;VALLE;down;True
714;2025-10-09 17:54:00;25265,5;PICO;up;True
714;2025-10-09 17:55:00;25257,25;VALLE;down;True
715;2025-10-09 17:56:00;25269,75;PICO;up;True
717;2025-10-09 17:57:00;25261,0;VALLE;down;True
718;2025-10-09 17:58:00;25274,5;PICO;up;True
719;2025-10-09 17:59:00;25262,75;VALLE;down;True
720;2025-10-09 18:00:00;25272,0;PICO;up;True
720;2025-10-09 18:01:00;25263,25;VALLE;down;True
721;2025-10-09 18:02:00;25271,75;PICO;up;True
722;2025-10-09 18:03:00;25259,0;VALLE;down;True
724;2025-10-09 18:04:00;25270,75;PICO;up;True
724;2025-10-09 18:05:00;25265,0;VALLE;down;True
726;2025-10-09 18:07:00;25272,25;PICO;up;True
727;2025-10-09 18:08:00;25254,25;VALLE;down;True
729;2025-10-09 18:09:00;25270,0;PICO;up;True
730;2025-10-09 18:10:00;25261,0;VALLE;down;True
730;2025-10-09 18:11:00;25267,75;PICO;up;True
731;2025-10-09 18:12:00;25260,25;VALLE;down;True
733;2025-10-09 18:13:00;25274,0;PICO;up;True
734;2025-10-09 18:14:00;25261,5;VALLE;down;True
734;2025-10-09 18:15:00;25267,0;PICO;up;True
735;2025-10-09 18:16:00;25258,25;VALLE;down;True
737;2025-10-09 18:17:00;25269,75;PICO;up;True
737;2025-10-09 18:18:00;25261,25;VALLE;down;True
739;2025-10-09 18:19:00;25273,25;PICO;up;True
740;2025-10-09 18:20:00;25249,0;VALLE;down;True
740;2025-10-09 18:21:00;25261,75;PICO;up;True
742;2025-10-09 18:22:00;25235,75;VALLE;down;True
743;2025-10-09 18:23:00;25251,25;PICO;up;True
743;2025-10-09 18:24:00;25234,75;VALLE;down;True
745;2025-10-09 18:25:00;25262,5;PICO;up;True
745;2025-10-09 18:26:00;25245,75;VALLE;down;True
747;2025-10-09 18:27:00;25260,25;PICO;up;True
747;2025-10-09 18:28:00;25249,0;VALLE;down;True
748;2025-10-09 18:29:00;25264,75;PICO;up;True
749;2025-10-09 18:30:00;25250,5;VALLE;down;True
751;2025-10-09 18:32:00;25257,25;PICO;up;True
752;2025-10-09 18:33:00;25247,75;VALLE;down;True
754;2025-10-09 18:35:00;25260,25;PICO;up;True
755;2025-10-09 18:36:00;25249,75;VALLE;down;True
757;2025-10-09 18:37:00;25261,5;PICO;up;True
758;2025-10-09 18:38:00;25248,0;VALLE;down;True
758;2025-10-09 18:39:00;25257,75;PICO;up;True
760;2025-10-09 18:40:00;25235,25;VALLE;down;True
760;2025-10-09 18:41:00;25251,75;PICO;up;True
762;2025-10-09 18:42:00;25217,0;VALLE;down;True
763;2025-10-09 18:43:00;25244,75;PICO;up;True
763;2025-10-09 18:44:00;25226,0;VALLE;down;True
765;2025-10-09 18:45:00;25254,75;PICO;up;True
765;2025-10-09 18:46:00;25237,5;VALLE;down;True
767;2025-10-09 18:47:00;25254,0;PICO;up;True
767;2025-10-09 18:48:00;25241,75;VALLE;down;True
769;2025-10-09 18:49:00;25259,75;PICO;up;True
770;2025-10-09 18:50:00;25247,75;VALLE;down;True
770;2025-10-09 18:51:00;25260,25;PICO;up;True
772;2025-10-09 18:52:00;25242,0;VALLE;down;True
772;2025-10-09 18:53:00;25251,25;PICO;up;True
774;2025-10-09 18:54:00;25221,25;VALLE;down;True
774;2025-10-09 18:55:00;25244,5;PICO;up;True
776;2025-10-09 18:56:00;25221,5;VALLE;down;True
776;2025-10-09 18:57:00;25229,75;PICO;up;True
778;2025-10-09 18:58:00;25196,5;VALLE;down;True
778;2025-10-09 18:59:00;25212,75;PICO;up;True
779;2025-10-09 19:00:00;25196,0;VALLE;down;True
781;2025-10-09 19:01:00;25219,5;PICO;up;True
782;2025-10-09 19:02:00;25203,75;VALLE;down;True
782;2025-10-09 19:03:00;25219,0;PICO;up;True
783;2025-10-09 19:04:00;25194,0;VALLE;down;True
785;2025-10-09 19:05:00;25213,75;PICO;up;True
785;2025-10-09 19:06:00;25191,75;VALLE;down;True
787;2025-10-09 19:07:00;25217,75;PICO;up;True
787;2025-10-09 19:08:00;25207,25;VALLE;down;True
789;2025-10-09 19:09:00;25233,75;PICO;up;True
790;2025-10-09 19:10:00;25208,75;VALLE;down;True
790;2025-10-09 19:11:00;25226,25;PICO;up;True
792;2025-10-09 19:12:00;25203,25;VALLE;down;True
793;2025-10-09 19:13:00;25213,5;PICO;up;True
794;2025-10-09 19:14:00;25191,75;VALLE;down;True
795;2025-10-09 19:15:00;25207,25;PICO;up;True
796;2025-10-09 19:16:00;25185,75;VALLE;down;True
796;2025-10-09 19:17:00;25199,5;PICO;up;True
798;2025-10-09 19:18:00;25174,25;VALLE;down;True
799;2025-10-09 19:19:00;25196,75;PICO;up;True
799;2025-10-09 19:20:00;25184,5;VALLE;down;True
801;2025-10-09 19:21:00;25213,75;PICO;up;True
801;2025-10-09 19:22:00;25191,25;VALLE;down;True
803;2025-10-09 19:23:00;25204,75;PICO;up;True
804;2025-10-09 19:24:00;25187,25;VALLE;down;True
804;2025-10-09 19:25:00;25199,0;PICO;up;True
806;2025-10-09 19:26:00;25180,25;VALLE;down;True
806;2025-10-09 19:27:00;25193,0;PICO;up;True
807;2025-10-09 19:28:00;25175,25;VALLE;down;True
809;2025-10-09 19:29:00;25185,75;PICO;up;True
810;2025-10-09 19:30:00;25162,25;VALLE;down;True
811;2025-10-09 19:31:00;25187,75;PICO;up;True
811;2025-10-09 19:32:00;25171,5;VALLE;down;True
812;2025-10-09 19:33:00;25184,75;PICO;up;True
813;2025-10-09 19:34:00;25172,5;VALLE;down;True
814;2025-10-09 19:35:00;25180,5;PICO;up;True
815;2025-10-09 19:36:00;25160,75;VALLE;down;True
817;2025-10-09 19:37:00;25195,0;PICO;up;True
817;2025-10-09 19:38:00;25178,5;VALLE;down;True
819;2025-10-09 19:39:00;25203,5;PICO;up;True
819;2025-10-09 19:40:00;25197,0;VALLE;down;True
820;2025-10-09 19:41:00;25212,25;PICO;up;True
822;2025-10-09 19:42:00;25194,0;VALLE;down;True
822;2025-10-09 19:43:00;25204,25;PICO;up;True
823;2025-10-09 19:44:00;25187,5;VALLE;down;True
825;2025-10-09 19:45:00;25203,25;PICO;up;True
826;2025-10-09 19:46:00;25192,0;VALLE;down;True
827;2025-10-09 19:47:00;25206,25;PICO;up;True
827;2025-10-09 19:48:00;25196,5;VALLE;down;True
829;2025-10-09 19:49:00;25211,75;PICO;up;True
829;2025-10-09 19:50:00;25202,25;VALLE;down;True
831;2025-10-09 19:51:00;25218,0;PICO;up;True
832;2025-10-09 19:52:00;25197,5;VALLE;down;True
832;2025-10-09 19:53:00;25207,25;PICO;up;True
833;2025-10-09 19:54:00;25198,5;VALLE;down;True
834;2025-10-09 19:55:00;25209,75;PICO;up;True
835;2025-10-09 19:56:00;25200,0;VALLE;down;True
836;2025-10-09 19:57:00;25212,25;PICO;up;True
837;2025-10-09 19:58:00;25203,75;VALLE;down;True
839;2025-10-09 19:59:00;25218,25;PICO;up;True
840;2025-10-09 20:00:00;25203,25;VALLE;down;True
840;2025-10-09 20:01:00;25219,0;PICO;up;True
842;2025-10-09 20:02:00;25201,25;VALLE;down;True
842;2025-10-09 20:03:00;25212,25;PICO;up;True
844;2025-10-09 20:04:00;25194,5;VALLE;down;True
844;2025-10-09 20:05:00;25202,75;PICO;up;True
846;2025-10-09 20:06:00;25182,5;VALLE;down;True
846;2025-10-09 20:07:00;25198,25;PICO;up;True
847;2025-10-09 20:08:00;25186,25;VALLE;down;True
849;2025-10-09 20:09:00;25200,25;PICO;up;True
849;2025-10-09 20:10:00;25191,75;VALLE;down;True
851;2025-10-09 20:11:00;25209,5;PICO;up;True
851;2025-10-09 20:12:00;25198,75;VALLE;down;True
853;2025-10-09 20:13:00;25213,5;PICO;up;True
854;2025-10-09 20:14:00;25202,5;VALLE;down;True
855;2025-10-09 20:15:00;25213,5;PICO;up;True
855;2025-10-09 20:16:00;25203,75;VALLE;down;True
856;2025-10-09 20:17:00;25230,0;PICO;up;True
858;2025-10-09 20:18:00;25220,75;VALLE;down;True
858;2025-10-09 20:19:00;25228,5;PICO;up;True
859;2025-10-09 20:20:00;25218,25;VALLE;down;True
860;2025-10-09 20:21:00;25224,25;PICO;up;True
861;2025-10-09 20:22:00;25211,75;VALLE;down;True
863;2025-10-09 20:23:00;25225,75;PICO;up;True
863;2025-10-09 20:24:00;25218,0;VALLE;down;True
865;2025-10-09 20:25:00;25231,0;PICO;up;True
865;2025-10-09 20:26:00;25225,0;VALLE;down;True
866;2025-10-09 20:27:00;25234,5;PICO;up;True
868;2025-10-09 20:28:00;25215,75;VALLE;down;True
868;2025-10-09 20:29:00;25225,0;PICO;up;True
870;2025-10-09 20:30:00;25209,0;VALLE;down;True
871;2025-10-09 20:31:00;25220,25;PICO;up;True
872;2025-10-09 20:32:00;25211,5;VALLE;down;True
872;2025-10-09 20:33:00;25218,0;PICO;up;True
873;2025-10-09 20:34:00;25204,75;VALLE;down;True
875;2025-10-09 20:35:00;25216,25;PICO;up;True
875;2025-10-09 20:36:00;25209,0;VALLE;down;True
877;2025-10-09 20:37:00;25218,5;PICO;up;True
877;2025-10-09 20:38:00;25209,0;VALLE;down;True
878;2025-10-09 20:39:00;25218,25;PICO;up;True
880;2025-10-09 20:40:00;25212,0;VALLE;down;True
881;2025-10-09 20:41:00;25223,75;PICO;up;True
882;2025-10-09 20:42:00;25211,5;VALLE;down;True
882;2025-10-09 20:43:00;25219,25;PICO;up;True
883;2025-10-09 20:44:00;25213,75;VALLE;down;True
884;2025-10-09 20:45:00;25221,75;PICO;up;True
886;2025-10-09 20:46:00;25214,0;VALLE;down;True
887;2025-10-09 20:47:00;25226,5;PICO;up;True
887;2025-10-09 20:48:00;25217,0;VALLE;down;True
888;2025-10-09 20:49:00;25228,25;PICO;up;True
890;2025-10-09 20:50:00;25215,0;VALLE;down;True
891;2025-10-09 20:51:00;25228,25;PICO;up;True
892;2025-10-09 20:52:00;25212,25;VALLE;down;True
893;2025-10-09 20:53:00;25220,5;PICO;up;True
893;2025-10-09 20:54:00;25213,5;VALLE;down;True
895;2025-10-09 20:55:00;25225,75;PICO;up;True
895;2025-10-09 20:56:00;25217,0;VALLE;down;True
897;2025-10-09 20:57:00;25242,5;PICO;up;True
898;2025-10-09 20:58:00;25235,25;VALLE;down;True
898;2025-10-09 20:59:00;25244,0;PICO;up;True
900;2025-10-09 21:00:00;25233,25;VALLE;down;True
900;2025-10-09 21:01:00;25240,5;PICO;up;True
901;2025-10-09 21:02:00;25234,25;VALLE;down;True
903;2025-10-09 21:03:00;25246,75;PICO;up;True
903;2025-10-09 21:04:00;25236,25;VALLE;down;True
904;2025-10-09 21:05:00;25247,0;PICO;up;True
905;2025-10-09 21:06:00;25239,0;VALLE;down;True
906;2025-10-09 21:07:00;25247,75;PICO;up;True
907;2025-10-09 21:08:00;25242,5;VALLE;down;True
909;2025-10-09 21:09:00;25252,0;PICO;up;True
909;2025-10-09 21:10:00;25246,0;VALLE;down;True
910;2025-10-09 21:11:00;25253,75;PICO;up;True
911;2025-10-09 21:12:00;25246,0;VALLE;down;True
912;2025-10-09 21:13:00;25260,5;PICO;up;True
913;2025-10-09 21:14:00;25245,0;VALLE;down;True
914;2025-10-09 21:15:00;25251,0;PICO;up;True
915;2025-10-09 21:16:00;25239,5;VALLE;down;True
917;2025-10-09 21:17:00;25252,5;PICO;up;True
917;2025-10-09 21:18:00;25246,25;VALLE;down;True
920;2025-10-09 21:20:00;25262,75;PICO;up;True
920;2025-10-09 21:21:00;25256,75;VALLE;down;True
921;2025-10-09 21:22:00;25267,5;PICO;up;True
922;2025-10-09 21:23:00;25260,0;VALLE;down;True
924;2025-10-09 21:24:00;25267,5;PICO;up;True
924;2025-10-09 21:25:00;25262,0;VALLE;down;True
926;2025-10-09 21:26:00;25269,25;PICO;up;True
926;2025-10-09 21:27:00;25260,5;VALLE;down;True
927;2025-10-09 21:28:00;25270,75;PICO;up;True
929;2025-10-09 21:30:00;25263,25;VALLE;down;True
932;2025-10-09 21:34:00;25270,75;PICO;up;True
934;2025-10-09 21:35:00;25262,5;VALLE;down;True
936;2025-10-09 21:37:00;25271,5;PICO;up;True
937;2025-10-09 21:38:00;25266,0;VALLE;down;True
938;2025-10-09 21:39:00;25283,25;PICO;up;True
940;2025-10-09 21:40:00;25270,5;VALLE;down;True
940;2025-10-09 21:41:00;25278,0;PICO;up;True
941;2025-10-09 21:42:00;25268,75;VALLE;down;True
942;2025-10-09 21:43:00;25275,75;PICO;up;True
943;2025-10-09 21:44:00;25268,25;VALLE;down;True
945;2025-10-09 21:45:00;25277,5;PICO;up;True
945;2025-10-09 21:46:00;25269,0;VALLE;down;True
948;2025-10-09 21:48:00;25279,75;PICO;up;True
949;2025-10-09 21:49:00;25272,25;VALLE;down;True
950;2025-10-09 21:50:00;25289,25;PICO;up;True
950;2025-10-09 21:51:00;25274,25;VALLE;down;True
952;2025-10-09 21:52:00;25287,0;PICO;up;True
952;2025-10-09 21:53:00;25280,75;VALLE;down;True
953;2025-10-09 21:54:00;25286,25;PICO;up;True
954;2025-10-09 21:55:00;25278,5;VALLE;down;True
955;2025-10-09 21:56:00;25289,75;PICO;up;True
957;2025-10-09 21:57:00;25271,25;VALLE;down;True
957;2025-10-09 21:58:00;25284,5;PICO;up;True
958;2025-10-09 21:59:00;25270,75;VALLE;down;True
960;2025-10-09 22:00:00;25299,75;PICO;up;True
961;2025-10-09 22:01:00;25288,25;VALLE;down;True
962;2025-10-09 22:02:00;25296,75;PICO;up;True
962;2025-10-09 22:03:00;25290,75;VALLE;down;True
963;2025-10-09 22:04:00;25298,5;PICO;up;True
965;2025-10-09 22:05:00;25291,75;VALLE;down;True
965;2025-10-09 22:06:00;25297,0;PICO;up;True
966;2025-10-09 22:07:00;25290,5;VALLE;down;True
967;2025-10-09 22:10:00;25296,5;PICO;up;True
974;2025-10-09 22:14:00;25283,25;VALLE;down;True
974;2025-10-09 22:15:00;25290,25;PICO;up;True
980;2025-10-09 22:21:00;25274,75;VALLE;down;True
982;2025-10-09 22:23:00;25284,25;PICO;up;True
992;2025-10-09 22:35:00;25270,25;VALLE;down;True
1005;2025-10-09 22:49:00;25285,5;PICO;up;True
1009;2025-10-09 22:53:00;25277,25;VALLE;down;True
1013;2025-10-09 22:54:00;25282,75;PICO;up;True
1014;2025-10-09 22:55:00;25275,25;VALLE;down;True
1018;2025-10-09 22:58:00;25283,0;PICO;up;True
1018;2025-10-09 22:59:00;25277,0;VALLE;down;True
1020;2025-10-10 00:00:00;25299,0;PICO;up;True
1020;2025-10-10 00:01:00;25286,5;VALLE;down;True
1021;2025-10-10 00:02:00;25304,75;PICO;up;True
1022;2025-10-10 00:04:00;25298,25;VALLE;down;True
1024;2025-10-10 00:05:00;25308,0;PICO;up;True
1028;2025-10-10 00:08:00;25295,0;VALLE;down;True
1028;2025-10-10 00:09:00;25300,5;PICO;up;True
1029;2025-10-10 00:10:00;25295,25;VALLE;down;True
1030;2025-10-10 00:11:00;25301,5;PICO;up;True
1032;2025-10-10 00:14:00;25288,0;VALLE;down;True
1035;2025-10-10 00:15:00;25301,5;PICO;up;True
1035;2025-10-10 00:16:00;25292,0;VALLE;down;True
1036;2025-10-10 00:17:00;25303,75;PICO;up;True
1044;2025-10-10 00:30:00;25296,0;VALLE;down;True
1053;2025-10-10 00:33:00;25309,0;PICO;up;True
1053;2025-10-10 00:34:00;25302,25;VALLE;down;True
1055;2025-10-10 00:35:00;25318,0;PICO;up;True
1055;2025-10-10 00:36:00;25312,0;VALLE;down;True
1056;2025-10-10 00:39:00;25318,0;PICO;up;True
1059;2025-10-10 00:41:00;25312,25;VALLE;down;True
1064;2025-10-10 00:45:00;25321,5;PICO;up;True
1074;2025-10-10 00:55:00;25311,75;VALLE;down;True
1080;2025-10-10 01:01:00;25324,0;PICO;up;True
1082;2025-10-10 01:02:00;25314,5;VALLE;down;True
1082;2025-10-10 01:03:00;25320,25;PICO;up;True
1093;2025-10-10 01:13:00;25308,75;VALLE;down;True
1105;2025-10-10 01:30:00;25320,25;PICO;up;True
1113;2025-10-10 01:34:00;25311,75;VALLE;down;True
1129;2025-10-10 01:49:00;25334,5;PICO;up;True
1130;2025-10-10 01:52:00;25326,5;VALLE;down;True
1140;2025-10-10 02:00:00;25338,0;PICO;up;True
1141;2025-10-10 02:01:00;25331,0;VALLE;down;True
1142;2025-10-10 02:02:00;25346,75;PICO;up;True
1147;2025-10-10 02:07:00;25330,5;VALLE;down;True
1147;2025-10-10 02:08:00;25336,75;PICO;up;True
1150;2025-10-10 02:10:00;25323,75;VALLE;down;True
1150;2025-10-10 02:11:00;25330,0;PICO;up;True
1151;2025-10-10 02:13:00;25322,25;VALLE;down;True
1153;2025-10-10 02:19:00;25328,25;PICO;up;True
1163;2025-10-10 02:28:00;25322,25;VALLE;down;True
1174;2025-10-10 02:37:00;25329,75;PICO;up;True
1177;2025-10-10 02:38:00;25321,25;VALLE;down;True
1178;2025-10-10 02:40:00;25327,5;PICO;up;True
1180;2025-10-10 02:47:00;25322,0;VALLE;down;True
1190;2025-10-10 02:50:00;25333,75;PICO;up;True
1190;2025-10-10 02:52:00;25328,5;VALLE;down;True
1195;2025-10-10 03:05:00;25340,0;PICO;up;True
1214;2025-10-10 03:15:00;25333,0;VALLE;down;True
1228;2025-10-10 03:36:00;25349,25;PICO;up;True
1238;2025-10-10 03:42:00;25340,5;VALLE;down;True
1244;2025-10-10 03:47:00;25348,0;PICO;up;True
1249;2025-10-10 03:53:00;25341,75;VALLE;down;True
1257;2025-10-10 04:00:00;25353,0;PICO;up;True
1275;2025-10-10 04:23:00;25343,5;VALLE;down;True
1298;2025-10-10 04:42:00;25355,25;PICO;up;True
1315;2025-10-10 05:01:00;25336,25;VALLE;down;True
1321;2025-10-10 05:02:00;25341,75;PICO;up;True
1323;2025-10-10 05:03:00;25327,0;VALLE;down;True
1323;2025-10-10 05:04:00;25335,5;PICO;up;True
1325;2025-10-10 05:05:00;25325,0;VALLE;down;True
1326;2025-10-10 05:08:00;25333,5;PICO;up;True
1328;2025-10-10 05:11:00;25327,0;VALLE;down;True
1332;2025-10-10 05:15:00;25332,75;PICO;up;True
1335;2025-10-10 05:17:00;25326,75;VALLE;down;True
1338;2025-10-10 05:24:00;25335,25;PICO;up;True
1349;2025-10-10 05:31:00;25324,0;VALLE;down;True
1353;2025-10-10 05:34:00;25330,25;PICO;up;True
1366;2025-10-10 05:49:00;25320,5;VALLE;down;True
1369;2025-10-10 05:50:00;25325,75;PICO;up;True
1375;2025-10-10 05:55:00;25311,5;VALLE;down;True
1375;2025-10-10 05:56:00;25319,75;PICO;up;True
1376;2025-10-10 05:58:00;25310,25;VALLE;down;True
