entry_time;entry_price;exit_time;exit_price;side;tp_price;sl_price;entry_bid_density;entry_ask_density;entry_net_density;filter_mode;resultado;profit_points;profit_dollars;contracts;cumulative_profit
2025-10-09 06:36:07.500;25330,0;2025-10-09 06:36:36.500;25332,0;SHORT;25328,0;25332,0;0;1;1;MODO_1;SL;-2,0;-40,0;1;-40,0
2025-10-09 07:02:30.500;25340,5;2025-10-09 07:02:50.000;25342,5;SHORT;25338,5;25342,5;0;2;2;MODO_1;SL;-2,0;-40,0;1;-80,0
2025-10-09 07:30:05.500;25360,0;2025-10-09 07:30:07.500;25362,0;SHORT;25358,0;25362,0;4;3;-1;MODO_1;SL;-2,0;-40,0;1;-120,0
2025-10-09 07:30:16.500;25360,0;2025-10-09 07:30:22.000;25362,0;LONG;25362,0;25358,0;4;3;-1;MODO_1;TP;2,0;40,0;1;-80,0
2025-10-09 07:31:28.500;25360,0;2025-10-09 07:31:38.500;25362,0;LONG;25362,0;25358,0;6;1;-5;MODO_1;TP;2,0;40,0;1;-40,0
2025-10-09 07:32:12.000;25360,0;2025-10-09 07:32:13.500;25362,0;LONG;25362,0;25358,0;3;0;-3;MODO_1;TP;2,0;40,0;1;0,0
2025-10-09 07:39:02.000;25362,0;2025-10-09 07:39:43.500;25360,0;SHORT;25360,0;25364,0;0;1;1;MODO_1;TP;2,0;40,0;1;40,0
2025-10-09 07:46:14.500;25347,75;2025-10-09 07:46:29.500;25345,75;LONG;25349,75;25345,75;1;0;-1;MODO_1;SL;-2,0;-40,0;1;0,0
2025-10-09 08:03:06.000;25358,0;2025-10-09 08:03:34.000;25360,0;SHORT;25356,0;25360,0;0;1;1;MODO_1;SL;-2,0;-40,0;1;-40,0
2025-10-09 08:05:21.500;25359,25;2025-10-09 08:05:31.000;25361,25;LONG;25361,25;25357,25;1;0;-1;MODO_1;TP;2,0;40,0;1;0,0
2025-10-09 08:11:10.000;25362,0;2025-10-09 08:11:20.000;25360,0;SHORT;25360,0;25364,0;0;1;1;MODO_1;TP;2,0;40,0;1;40,0
2025-10-09 08:27:27.000;25348,0;2025-10-09 08:28:12.500;25350,0;LONG;25350,0;25346,0;2;0;-2;MODO_1;TP;2,0;40,0;1;80,0
2025-10-09 08:49:21.000;25341,75;2025-10-09 08:49:24.500;25339,75;LONG;25343,75;25339,75;2;0;-2;MODO_1;SL;-2,0;-40,0;1;40,0
2025-10-09 08:50:38.000;25335,0;2025-10-09 08:50:41.000;25337,0;LONG;25337,0;25333,0;2;0;-2;MODO_1;TP;2,0;40,0;1;80,0
2025-10-09 08:56:08.000;25328,0;2025-10-09 08:56:47.500;25330,0;SHORT;25326,0;25330,0;0;1;1;MODO_1;SL;-2,0;-40,0;1;40,0
2025-10-09 09:01:23.500;25342,0;2025-10-09 09:01:27.500;25340,0;SHORT;25340,0;25344,0;0;1;1;MODO_1;TP;2,0;40,0;1;80,0
2025-10-09 09:03:01.500;25343,5;2025-10-09 09:03:20.500;25345,5;LONG;25345,5;25341,5;5;2;-3;MODO_1;TP;2,0;40,0;1;120,0
2025-10-09 09:03:27.500;25345,0;2025-10-09 09:03:31.000;25347,0;LONG;25347,0;25343,0;5;2;-3;MODO_1;TP;2,0;40,0;1;160,0
2025-10-09 09:10:08.000;25342,5;2025-10-09 09:10:12.500;25340,5;SHORT;25340,5;25344,5;0;1;1;MODO_1;TP;2,0;40,0;1;200,0
2025-10-09 09:13:32.500;25344,75;2025-10-09 09:13:42.500;25346,75;LONG;25346,75;25342,75;1;0;-1;MODO_1;TP;2,0;40,0;1;240,0
2025-10-09 09:24:00.000;25338,25;2025-10-09 09:24:01.500;25336,25;SHORT;25336,25;25340,25;0;1;1;MODO_1;TP;2,0;40,0;1;280,0
2025-10-09 09:27:11.500;25336,5;2025-10-09 09:28:14.500;25334,5;SHORT;25334,5;25338,5;0;2;2;MODO_1;TP;2,0;40,0;1;320,0
2025-10-09 09:30:41.000;25333,75;2025-10-09 09:30:47.000;25331,75;SHORT;25331,75;25335,75;0;2;2;MODO_1;TP;2,0;40,0;1;360,0
2025-10-09 09:31:21.500;25329,75;2025-10-09 09:32:00.500;25331,75;SHORT;25327,75;25331,75;0;3;3;MODO_1;SL;-2,0;-40,0;1;320,0
2025-10-09 09:32:26.500;25330,5;2025-10-09 09:32:55.500;25328,5;SHORT;25328,5;25332,5;0;2;2;MODO_1;TP;2,0;40,0;1;360,0
2025-10-09 10:11:05.500;25335,25;2025-10-09 10:11:27.500;25333,25;SHORT;25333,25;25337,25;0;2;2;MODO_1;TP;2,0;40,0;1;400,0
2025-10-09 10:13:48.500;25329,0;2025-10-09 10:13:51.000;25327,0;SHORT;25327,0;25331,0;2;3;1;MODO_1;TP;2,0;40,0;1;440,0
2025-10-09 10:14:43.000;25318,5;2025-10-09 10:14:52.500;25320,5;SHORT;25316,5;25320,5;3;5;2;MODO_1;SL;-2,0;-40,0;1;400,0
2025-10-09 10:15:25.000;25318,0;2025-10-09 10:15:28.000;25316,0;LONG;25320,0;25316,0;3;3;0;MODO_1;SL;-2,0;-40,0;1;360,0
2025-10-09 10:15:55.500;25314,0;2025-10-09 10:16:16.000;25312,0;SHORT;25312,0;25316,0;3;3;0;MODO_1;TP;2,0;40,0;1;400,0
2025-10-09 10:18:41.500;25318,5;2025-10-09 10:19:13.500;25320,5;LONG;25320,5;25316,5;1;1;0;MODO_1;TP;2,0;40,0;1;440,0
2025-10-09 10:21:50.000;25327,5;2025-10-09 10:21:51.500;25329,5;LONG;25329,5;25325,5;1;0;-1;MODO_1;TP;2,0;40,0;1;480,0
2025-10-09 10:24:03.000;25326,5;2025-10-09 10:25:12.500;25324,5;SHORT;25324,5;25328,5;1;3;2;MODO_1;TP;2,0;40,0;1;520,0
2025-10-09 10:25:53.000;25325,25;2025-10-09 10:25:59.000;25323,25;SHORT;25323,25;25327,25;0;3;3;MODO_1;TP;2,0;40,0;1;560,0
2025-10-09 10:32:17.500;25321,0;2025-10-09 10:32:57.500;25319,0;LONG;25323,0;25319,0;1;0;-1;MODO_1;SL;-2,0;-40,0;1;520,0
2025-10-09 10:34:26.000;25315,75;2025-10-09 10:34:31.500;25317,75;SHORT;25313,75;25317,75;1;3;2;MODO_1;SL;-2,0;-40,0;1;480,0
2025-10-09 10:34:38.000;25315,5;2025-10-09 10:34:58.500;25313,5;SHORT;25313,5;25317,5;1;3;2;MODO_1;TP;2,0;40,0;1;520,0
2025-10-09 10:37:21.000;25311,0;2025-10-09 10:38:13.500;25313,0;SHORT;25309,0;25313,0;0;7;7;MODO_1;SL;-2,0;-40,0;1;480,0
2025-10-09 10:41:09.000;25307,0;2025-10-09 10:41:13.000;25305,0;SHORT;25305,0;25309,0;6;9;3;MODO_1;TP;2,0;40,0;1;520,0
2025-10-09 10:41:20.500;25305,0;2025-10-09 10:41:24.500;25307,0;LONG;25307,0;25303,0;6;10;4;MODO_1;TP;2,0;40,0;1;560,0
2025-10-09 10:41:53.000;25305,0;2025-10-09 10:42:13.000;25307,0;LONG;25307,0;25303,0;6;11;5;MODO_1;TP;2,0;40,0;1;600,0
2025-10-09 10:42:43.000;25303,75;2025-10-09 10:43:28.000;25301,75;SHORT;25301,75;25305,75;9;4;-5;MODO_1;TP;2,0;40,0;1;640,0
2025-10-09 10:43:41.500;25300,0;2025-10-09 10:43:46.500;25302,0;LONG;25302,0;25298,0;3;4;1;MODO_1;TP;2,0;40,0;1;680,0
2025-10-09 10:44:00.000;25300,0;2025-10-09 10:44:02.500;25302,0;LONG;25302,0;25298,0;3;4;1;MODO_1;TP;2,0;40,0;1;720,0
2025-10-09 10:44:48.000;25301,75;2025-10-09 10:44:55.000;25303,75;SHORT;25299,75;25303,75;3;1;-2;MODO_1;SL;-2,0;-40,0;1;680,0
2025-10-09 10:50:13.000;25298,5;2025-10-09 10:50:16.000;25300,5;LONG;25300,5;25296,5;3;4;1;MODO_1;TP;2,0;40,0;1;720,0
2025-10-09 10:50:30.000;25300,25;2025-10-09 10:50:30.500;25298,25;SHORT;25298,25;25302,25;3;4;1;MODO_1;TP;2,0;40,0;1;760,0
2025-10-09 10:50:39.000;25300,25;2025-10-09 10:50:40.500;25298,25;SHORT;25298,25;25302,25;3;4;1;MODO_1;TP;2,0;40,0;1;800,0
2025-10-09 10:50:43.500;25298,5;2025-10-09 10:51:35.000;25300,5;LONG;25300,5;25296,5;3;4;1;MODO_1;TP;2,0;40,0;1;840,0
2025-10-09 10:54:14.500;25300,0;2025-10-09 10:54:16.500;25298,0;SHORT;25298,0;25302,0;0;1;1;MODO_1;TP;2,0;40,0;1;880,0
2025-10-09 10:56:52.000;25303,0;2025-10-09 10:57:01.500;25301,0;SHORT;25301,0;25305,0;0;1;1;MODO_1;TP;2,0;40,0;1;920,0
2025-10-09 11:01:00.000;25298,0;2025-10-09 11:01:08.000;25300,0;LONG;25300,0;25296,0;1;2;1;MODO_1;TP;2,0;40,0;1;960,0
2025-10-09 11:01:39.500;25300,0;2025-10-09 11:02:05.500;25298,0;SHORT;25298,0;25302,0;1;2;1;MODO_1;TP;2,0;40,0;1;1000,0
2025-10-09 11:05:33.000;25300,0;2025-10-09 11:06:15.500;25302,0;SHORT;25298,0;25302,0;1;5;4;MODO_1;SL;-2,0;-40,0;1;960,0
2025-10-09 11:06:21.500;25305,0;2025-10-09 11:06:33.000;25307,0;LONG;25307,0;25303,0;2;6;4;MODO_1;TP;2,0;40,0;1;1000,0
2025-10-09 11:06:41.000;25307,0;2025-10-09 11:06:51.500;25309,0;SHORT;25305,0;25309,0;2;6;4;MODO_1;SL;-2,0;-40,0;1;960,0
2025-10-09 11:07:22.500;25305,5;2025-10-09 11:07:35.500;25307,5;SHORT;25303,5;25307,5;2;6;4;MODO_1;SL;-2,0;-40,0;1;920,0
2025-10-09 11:07:40.000;25308,75;2025-10-09 11:08:27.000;25310,75;LONG;25310,75;25306,75;2;6;4;MODO_1;TP;2,0;40,0;1;960,0
2025-10-09 11:08:27.500;25312,25;2025-10-09 11:08:28.500;25310,25;SHORT;25310,25;25314,25;1;2;1;MODO_1;TP;2,0;40,0;1;1000,0
2025-10-09 11:16:19.500;25321,25;2025-10-09 11:16:43.000;25319,25;SHORT;25319,25;25323,25;0;2;2;MODO_1;TP;2,0;40,0;1;1040,0
2025-10-09 11:17:30.500;25320,0;2025-10-09 11:17:34.000;25318,0;SHORT;25318,0;25322,0;0;2;2;MODO_1;TP;2,0;40,0;1;1080,0
2025-10-09 11:36:50.000;25334,75;2025-10-09 11:36:55.500;25332,75;SHORT;25332,75;25336,75;0;1;1;MODO_1;TP;2,0;40,0;1;1120,0
2025-10-09 11:44:57.500;25329,75;2025-10-09 11:45:29.500;25327,75;SHORT;25327,75;25331,75;0;1;1;MODO_1;TP;2,0;40,0;1;1160,0
2025-10-09 12:01:49.000;25314,0;2025-10-09 12:01:53.500;25312,0;SHORT;25312,0;25316,0;1;4;3;MODO_1;TP;2,0;40,0;1;1200,0
2025-10-09 12:02:08.000;25312,0;2025-10-09 12:02:09.500;25314,0;LONG;25314,0;25310,0;1;4;3;MODO_1;TP;2,0;40,0;1;1240,0
2025-10-09 12:02:40.500;25318,75;2025-10-09 12:02:49.000;25320,75;SHORT;25316,75;25320,75;1;4;3;MODO_1;SL;-2,0;-40,0;1;1200,0
2025-10-09 12:09:11.500;25327,75;2025-10-09 12:09:17.500;25325,75;SHORT;25325,75;25329,75;0;2;2;MODO_1;TP;2,0;40,0;1;1240,0
2025-10-09 12:14:10.000;25331,0;2025-10-09 12:14:24.500;25329,0;LONG;25333,0;25329,0;1;0;-1;MODO_1;SL;-2,0;-40,0;1;1200,0
2025-10-09 12:29:50.000;25310,0;2025-10-09 12:30:00.500;25308,0;SHORT;25308,0;25312,0;0;2;2;MODO_1;TP;2,0;40,0;1;1240,0
2025-10-09 12:33:18.500;25308,5;2025-10-09 12:33:32.500;25306,5;LONG;25310,5;25306,5;1;1;0;MODO_1;SL;-2,0;-40,0;1;1200,0
2025-10-09 12:33:53.500;25304,75;2025-10-09 12:34:14.500;25306,75;SHORT;25302,75;25306,75;1;1;0;MODO_1;SL;-2,0;-40,0;1;1160,0
2025-10-09 12:37:03.500;25311,75;2025-10-09 12:37:25.500;25313,75;SHORT;25309,75;25313,75;0;1;1;MODO_1;SL;-2,0;-40,0;1;1120,0
2025-10-09 12:43:53.500;25310,75;2025-10-09 12:44:22.500;25312,75;SHORT;25308,75;25312,75;0;3;3;MODO_1;SL;-2,0;-40,0;1;1080,0
2025-10-09 12:45:15.500;25309,25;2025-10-09 12:45:29.500;25311,25;SHORT;25307,25;25311,25;0;3;3;MODO_1;SL;-2,0;-40,0;1;1040,0
2025-10-09 12:55:19.000;25318,5;2025-10-09 12:56:54.000;25320,5;SHORT;25316,5;25320,5;0;3;3;MODO_1;SL;-2,0;-40,0;1;1000,0
2025-10-09 13:00:29.500;25320,75;2025-10-09 13:00:44.000;25322,75;SHORT;25318,75;25322,75;0;1;1;MODO_1;SL;-2,0;-40,0;1;960,0
2025-10-09 13:05:18.000;25323,25;2025-10-09 13:05:18.500;25325,25;LONG;25325,25;25321,25;1;1;0;MODO_1;TP;2,0;40,0;1;1000,0
2025-10-09 13:06:31.500;25328,5;2025-10-09 13:06:42.500;25326,5;SHORT;25326,5;25330,5;1;2;1;MODO_1;TP;2,0;40,0;1;1040,0
2025-10-09 13:07:59.000;25322,75;2025-10-09 13:08:10.500;25324,75;SHORT;25320,75;25324,75;0;2;2;MODO_1;SL;-2,0;-40,0;1;1000,0
2025-10-09 13:17:16.000;25321,25;2025-10-09 13:17:43.500;25323,25;LONG;25323,25;25319,25;1;0;-1;MODO_1;TP;2,0;40,0;1;1040,0
2025-10-09 13:24:36.500;25330,25;2025-10-09 13:25:31.000;25328,25;SHORT;25328,25;25332,25;1;4;3;MODO_1;TP;2,0;40,0;1;1080,0
2025-10-09 13:28:54.500;25334,25;2025-10-09 13:29:07.000;25336,25;SHORT;25332,25;25336,25;0;2;2;MODO_1;SL;-2,0;-40,0;1;1040,0
2025-10-09 13:31:07.000;25339,0;2025-10-09 13:31:39.000;25337,0;LONG;25341,0;25337,0;7;0;-7;MODO_1;SL;-2,0;-40,0;1;1000,0
2025-10-09 13:32:10.000;25337,75;2025-10-09 13:32:14.500;25339,75;LONG;25339,75;25335,75;7;1;-6;MODO_1;TP;2,0;40,0;1;1040,0
2025-10-09 13:33:33.000;25336,5;2025-10-09 13:34:13.000;25334,5;SHORT;25334,5;25338,5;1;1;0;MODO_1;TP;2,0;40,0;1;1080,0
2025-10-09 13:46:46.500;25318,5;2025-10-09 13:47:30.000;25320,5;SHORT;25316,5;25320,5;0;1;1;MODO_1;SL;-2,0;-40,0;1;1040,0
2025-10-09 13:55:53.000;25321,75;2025-10-09 13:57:14.000;25319,75;LONG;25323,75;25319,75;2;0;-2;MODO_1;SL;-2,0;-40,0;1;1000,0
2025-10-09 14:00:45.000;25324,0;2025-10-09 14:01:15.000;25322,0;SHORT;25322,0;25326,0;4;5;1;MODO_1;TP;2,0;40,0;1;1040,0
2025-10-09 14:02:08.000;25325,75;2025-10-09 14:02:14.000;25323,75;SHORT;25323,75;25327,75;4;5;1;MODO_1;TP;2,0;40,0;1;1080,0
2025-10-09 14:04:47.500;25325,5;2025-10-09 14:04:54.000;25323,5;SHORT;25323,5;25327,5;0;1;1;MODO_1;TP;2,0;40,0;1;1120,0
2025-10-09 14:21:16.500;25316,0;2025-10-09 14:21:38.000;25318,0;SHORT;25314,0;25318,0;0;2;2;MODO_1;SL;-2,0;-40,0;1;1080,0
2025-10-09 14:21:47.000;25317,0;2025-10-09 14:22:47.000;25319,0;SHORT;25315,0;25319,0;0;2;2;MODO_1;SL;-2,0;-40,0;1;1040,0
2025-10-09 14:30:08.500;25331,25;2025-10-09 14:30:09.000;25329,25;SHORT;25329,25;25333,25;2;5;3;MODO_1;TP;2,0;40,0;1;1080,0
2025-10-09 14:30:53.000;25322,25;2025-10-09 14:30:55.000;25324,25;LONG;25324,25;25320,25;2;5;3;MODO_1;TP;2,0;40,0;1;1120,0
2025-10-09 14:31:38.500;25327,0;2025-10-09 14:31:39.500;25325,0;SHORT;25325,0;25329,0;3;4;1;MODO_1;TP;2,0;40,0;1;1160,0
2025-10-09 14:32:40.000;25321,25;2025-10-09 14:32:44.500;25323,25;LONG;25323,25;25319,25;1;6;5;MODO_1;TP;2,0;40,0;1;1200,0
2025-10-09 14:33:29.500;25326,0;2025-10-09 14:34:21.000;25324,0;SHORT;25324,0;25328,0;1;3;2;MODO_1;TP;2,0;40,0;1;1240,0
2025-10-09 14:38:49.500;25325,0;2025-10-09 14:39:15.000;25327,0;LONG;25327,0;25323,0;1;0;-1;MODO_1;TP;2,0;40,0;1;1280,0
2025-10-09 14:41:23.500;25322,5;2025-10-09 14:42:01.000;25320,5;LONG;25324,5;25320,5;1;2;1;MODO_1;SL;-2,0;-40,0;1;1240,0
2025-10-09 15:05:47.500;25329,5;2025-10-09 15:05:58.500;25327,5;SHORT;25327,5;25331,5;3;2;-1;MODO_1;TP;2,0;40,0;1;1280,0
2025-10-09 15:07:06.500;25323,0;2025-10-09 15:07:08.500;25325,0;LONG;25325,0;25321,0;6;2;-4;MODO_1;TP;2,0;40,0;1;1320,0
2025-10-09 15:07:24.500;25323,0;2025-10-09 15:07:52.500;25325,0;LONG;25325,0;25321,0;6;0;-6;MODO_1;TP;2,0;40,0;1;1360,0
2025-10-09 15:11:08.500;25318,0;2025-10-09 15:11:18.000;25316,0;LONG;25320,0;25316,0;7;2;-5;MODO_1;SL;-2,0;-40,0;1;1320,0
2025-10-09 15:11:38.000;25316,25;2025-10-09 15:11:58.000;25318,25;LONG;25318,25;25314,25;7;2;-5;MODO_1;TP;2,0;40,0;1;1360,0
2025-10-09 15:14:39.500;25315,5;2025-10-09 15:15:05.000;25317,5;SHORT;25313,5;25317,5;0;4;4;MODO_1;SL;-2,0;-40,0;1;1320,0
2025-10-09 15:18:17.500;25328,5;2025-10-09 15:18:53.000;25326,5;LONG;25330,5;25326,5;5;0;-5;MODO_1;SL;-2,0;-40,0;1;1280,0
2025-10-09 15:23:33.500;25328,0;2025-10-09 15:24:00.000;25326,0;SHORT;25326,0;25330,0;1;4;3;MODO_1;TP;2,0;40,0;1;1320,0
2025-10-09 15:24:59.000;25331,0;2025-10-09 15:24:59.500;25333,0;LONG;25333,0;25329,0;1;12;11;MODO_1;TP;2,0;40,0;1;1360,0
2025-10-09 15:25:09.500;25331,25;2025-10-09 15:25:24.000;25329,25;SHORT;25329,25;25333,25;1;11;10;MODO_1;TP;2,0;40,0;1;1400,0
2025-10-09 15:29:22.000;25330,0;2025-10-09 15:29:25.500;25332,0;LONG;25332,0;25328,0;9;2;-7;MODO_1;TP;2,0;40,0;1;1440,0
2025-10-09 15:30:01.000;25328,25;2025-10-09 15:30:01.000;25326,25;SHORT;25326,25;25330,25;13;6;-7;MODO_1;TP;2,0;40,0;1;1480,0
2025-10-09 15:30:06.500;25323,75;2025-10-09 15:30:07.000;25321,75;LONG;25325,75;25321,75;20;8;-12;MODO_1;SL;-2,0;-40,0;1;1440,0
2025-10-09 15:30:53.500;25310,0;2025-10-09 15:30:54.500;25312,0;LONG;25312,0;25308,0;24;20;-4;MODO_1;TP;2,0;40,0;1;1480,0
2025-10-09 15:31:30.000;25331,75;2025-10-09 15:31:30.500;25329,75;SHORT;25329,75;25333,75;33;34;1;MODO_1;TP;2,0;40,0;1;1520,0
2025-10-09 15:31:39.000;25325,25;2025-10-09 15:31:43.000;25323,25;SHORT;25323,25;25327,25;30;32;2;MODO_1;TP;2,0;40,0;1;1560,0
2025-10-09 15:31:44.000;25323,75;2025-10-09 15:31:45.500;25321,75;LONG;25325,75;25321,75;30;32;2;MODO_1;SL;-2,0;-40,0;1;1520,0
2025-10-09 15:31:48.000;25324,0;2025-10-09 15:31:48.000;25326,0;LONG;25326,0;25322,0;30;32;2;MODO_1;TP;2,0;40,0;1;1560,0
2025-10-09 15:31:56.000;25323,75;2025-10-09 15:31:56.000;25325,75;LONG;25325,75;25321,75;30;34;4;MODO_1;TP;2,0;40,0;1;1600,0
2025-10-09 15:32:34.000;25319,0;2025-10-09 15:32:34.500;25317,0;SHORT;25317,0;25321,0;26;43;17;MODO_1;TP;2,0;40,0;1;1640,0
2025-10-09 15:32:36.500;25319,0;2025-10-09 15:32:37.000;25317,0;SHORT;25317,0;25321,0;26;44;18;MODO_1;TP;2,0;40,0;1;1680,0
2025-10-09 15:32:41.500;25319,0;2025-10-09 15:32:43.500;25317,0;SHORT;25317,0;25321,0;27;48;21;MODO_1;TP;2,0;40,0;1;1720,0
2025-10-09 15:32:44.000;25319,0;2025-10-09 15:32:45.000;25317,0;SHORT;25317,0;25321,0;28;49;21;MODO_1;TP;2,0;40,0;1;1760,0
2025-10-09 15:32:49.000;25319,0;2025-10-09 15:32:50.500;25317,0;SHORT;25317,0;25321,0;28;49;21;MODO_1;TP;2,0;40,0;1;1800,0
2025-10-09 15:32:51.000;25316,5;2025-10-09 15:32:52.000;25318,5;LONG;25318,5;25314,5;28;47;19;MODO_1;TP;2,0;40,0;1;1840,0
2025-10-09 15:33:37.000;25306,0;2025-10-09 15:33:37.500;25304,0;SHORT;25304,0;25308,0;13;38;25;MODO_1;TP;2,0;40,0;1;1880,0
2025-10-09 15:33:55.500;25302,0;2025-10-09 15:33:56.000;25304,0;SHORT;25300,0;25304,0;13;35;22;MODO_1;SL;-2,0;-40,0;1;1840,0
2025-10-09 15:34:07.000;25302,0;2025-10-09 15:34:09.000;25300,0;SHORT;25300,0;25304,0;20;31;11;MODO_1;TP;2,0;40,0;1;1880,0
2025-10-09 15:34:09.500;25302,0;2025-10-09 15:34:11.000;25300,0;SHORT;25300,0;25304,0;19;34;15;MODO_1;TP;2,0;40,0;1;1920,0
2025-10-09 15:34:13.000;25300,0;2025-10-09 15:34:13.500;25302,0;LONG;25302,0;25298,0;17;32;15;MODO_1;TP;2,0;40,0;1;1960,0
2025-10-09 15:34:14.000;25302,0;2025-10-09 15:34:18.500;25304,0;SHORT;25300,0;25304,0;19;32;13;MODO_1;SL;-2,0;-40,0;1;1920,0
2025-10-09 15:34:50.000;25307,5;2025-10-09 15:34:51.000;25305,5;SHORT;25305,5;25309,5;14;35;21;MODO_1;TP;2,0;40,0;1;1960,0
2025-10-09 15:34:59.500;25306,75;2025-10-09 15:35:00.000;25304,75;LONG;25308,75;25304,75;15;35;20;MODO_1;SL;-2,0;-40,0;1;1920,0
2025-10-09 15:35:00.000;25307,5;2025-10-09 15:35:00.500;25305,5;SHORT;25305,5;25309,5;15;35;20;MODO_1;TP;2,0;40,0;1;1960,0
2025-10-09 15:35:30.500;25296,5;2025-10-09 15:35:30.500;25298,5;LONG;25298,5;25294,5;17;32;15;MODO_1;TP;2,0;40,0;1;2000,0
2025-10-09 15:35:43.500;25296,0;2025-10-09 15:35:43.500;25298,0;LONG;25298,0;25294,0;15;23;8;MODO_1;TP;2,0;40,0;1;2040,0
2025-10-09 15:36:00.000;25309,0;2025-10-09 15:36:00.500;25307,0;SHORT;25307,0;25311,0;15;22;7;MODO_1;TP;2,0;40,0;1;2080,0
2025-10-09 15:36:02.500;25309,0;2025-10-09 15:36:05.500;25307,0;SHORT;25307,0;25311,0;15;22;7;MODO_1;TP;2,0;40,0;1;2120,0
2025-10-09 15:36:17.000;25309,0;2025-10-09 15:36:18.000;25307,0;SHORT;25307,0;25311,0;15;22;7;MODO_1;TP;2,0;40,0;1;2160,0
2025-10-09 15:36:27.500;25309,0;2025-10-09 15:36:28.500;25311,0;SHORT;25307,0;25311,0;15;19;4;MODO_1;SL;-2,0;-40,0;1;2120,0
2025-10-09 15:36:33.500;25309,0;2025-10-09 15:36:36.000;25307,0;SHORT;25307,0;25311,0;13;19;6;MODO_1;TP;2,0;40,0;1;2160,0
2025-10-09 15:36:38.000;25305,75;2025-10-09 15:36:39.500;25307,75;LONG;25307,75;25303,75;13;19;6;MODO_1;TP;2,0;40,0;1;2200,0
2025-10-09 15:38:01.500;25303,5;2025-10-09 15:38:02.000;25301,5;SHORT;25301,5;25305,5;6;3;-3;MODO_1;TP;2,0;40,0;1;2240,0
2025-10-09 15:38:47.000;25291,5;2025-10-09 15:38:47.500;25293,5;LONG;25293,5;25289,5;6;6;0;MODO_1;TP;2,0;40,0;1;2280,0
2025-10-09 15:38:52.000;25291,5;2025-10-09 15:38:52.500;25293,5;LONG;25293,5;25289,5;6;6;0;MODO_1;TP;2,0;40,0;1;2320,0
2025-10-09 15:39:47.500;25304,0;2025-10-09 15:39:47.500;25306,0;LONG;25306,0;25302,0;13;20;7;MODO_1;TP;2,0;40,0;1;2360,0
2025-10-09 15:40:11.000;25301,75;2025-10-09 15:40:12.500;25299,75;SHORT;25299,75;25303,75;14;20;6;MODO_1;TP;2,0;40,0;1;2400,0
2025-10-09 15:40:57.000;25290,0;2025-10-09 15:41:01.000;25292,0;SHORT;25288,0;25292,0;17;26;9;MODO_1;SL;-2,0;-40,0;1;2360,0
2025-10-09 15:41:15.000;25285,5;2025-10-09 15:41:15.000;25287,5;LONG;25287,5;25283,5;21;26;5;MODO_1;TP;2,0;40,0;1;2400,0
2025-10-09 15:41:15.500;25290,0;2025-10-09 15:41:16.000;25288,0;SHORT;25288,0;25292,0;21;26;5;MODO_1;TP;2,0;40,0;1;2440,0
2025-10-09 15:41:16.000;25289,0;2025-10-09 15:41:16.500;25287,0;SHORT;25287,0;25291,0;21;26;5;MODO_1;TP;2,0;40,0;1;2480,0
2025-10-09 15:41:18.000;25285,5;2025-10-09 15:41:20.000;25287,5;LONG;25287,5;25283,5;19;26;7;MODO_1;TP;2,0;40,0;1;2520,0
2025-10-09 15:41:54.500;25275,0;2025-10-09 15:41:56.000;25273,0;SHORT;25273,0;25277,0;26;25;-1;MODO_1;TP;2,0;40,0;1;2560,0
2025-10-09 15:41:56.000;25275,0;2025-10-09 15:41:57.500;25273,0;SHORT;25273,0;25277,0;26;25;-1;MODO_1;TP;2,0;40,0;1;2600,0
2025-10-09 15:42:27.500;25265,0;2025-10-09 15:42:28.500;25267,0;LONG;25267,0;25263,0;28;20;-8;MODO_1;TP;2,0;40,0;1;2640,0
2025-10-09 15:42:35.000;25265,0;2025-10-09 15:42:35.000;25267,0;LONG;25267,0;25263,0;26;19;-7;MODO_1;TP;2,0;40,0;1;2680,0
2025-10-09 15:42:55.000;25265,0;2025-10-09 15:42:56.000;25267,0;LONG;25267,0;25263,0;21;16;-5;MODO_1;TP;2,0;40,0;1;2720,0
2025-10-09 15:42:56.500;25267,25;2025-10-09 15:42:58.500;25265,25;SHORT;25265,25;25269,25;21;16;-5;MODO_1;TP;2,0;40,0;1;2760,0
2025-10-09 15:42:59.000;25265,0;2025-10-09 15:43:00.000;25267,0;LONG;25267,0;25263,0;21;16;-5;MODO_1;TP;2,0;40,0;1;2800,0
2025-10-09 15:43:01.000;25265,0;2025-10-09 15:43:01.500;25267,0;LONG;25267,0;25263,0;22;16;-6;MODO_1;TP;2,0;40,0;1;2840,0
2025-10-09 15:43:32.500;25267,25;2025-10-09 15:43:33.000;25265,25;SHORT;25265,25;25269,25;30;10;-20;MODO_1;TP;2,0;40,0;1;2880,0
2025-10-09 15:43:33.500;25265,0;2025-10-09 15:43:34.000;25267,0;LONG;25267,0;25263,0;30;10;-20;MODO_1;TP;2,0;40,0;1;2920,0
2025-10-09 15:43:36.500;25272,75;2025-10-09 15:43:40.500;25274,75;SHORT;25270,75;25274,75;31;10;-21;MODO_1;SL;-2,0;-40,0;1;2880,0
2025-10-09 15:43:51.000;25272,75;2025-10-09 15:43:52.000;25270,75;SHORT;25270,75;25274,75;29;12;-17;MODO_1;TP;2,0;40,0;1;2920,0
2025-10-09 15:44:08.000;25276,5;2025-10-09 15:44:11.500;25278,5;SHORT;25274,5;25278,5;25;12;-13;MODO_1;SL;-2,0;-40,0;1;2880,0
2025-10-09 15:44:41.500;25270,0;2025-10-09 15:44:42.500;25272,0;LONG;25272,0;25268,0;24;12;-12;MODO_1;TP;2,0;40,0;1;2920,0
2025-10-09 15:45:02.500;25270,0;2025-10-09 15:45:03.000;25272,0;LONG;25272,0;25268,0;27;15;-12;MODO_1;TP;2,0;40,0;1;2960,0
2025-10-09 15:45:06.000;25270,0;2025-10-09 15:45:07.000;25272,0;LONG;25272,0;25268,0;25;14;-11;MODO_1;TP;2,0;40,0;1;3000,0
2025-10-09 15:45:09.000;25270,0;2025-10-09 15:45:09.500;25272,0;LONG;25272,0;25268,0;25;13;-12;MODO_1;TP;2,0;40,0;1;3040,0
2025-10-09 15:45:12.500;25270,0;2025-10-09 15:45:13.000;25272,0;LONG;25272,0;25268,0;25;13;-12;MODO_1;TP;2,0;40,0;1;3080,0
2025-10-09 15:45:13.500;25272,0;2025-10-09 15:45:15.000;25270,0;SHORT;25270,0;25274,0;25;13;-12;MODO_1;TP;2,0;40,0;1;3120,0
2025-10-09 15:45:44.000;25255,0;2025-10-09 15:45:44.500;25257,0;LONG;25257,0;25253,0;30;10;-20;MODO_1;TP;2,0;40,0;1;3160,0
2025-10-09 15:45:52.500;25257,5;2025-10-09 15:45:53.500;25259,5;SHORT;25255,5;25259,5;30;13;-17;MODO_1;SL;-2,0;-40,0;1;3120,0
2025-10-09 15:46:24.000;25255,0;2025-10-09 15:46:24.500;25257,0;LONG;25257,0;25253,0;25;13;-12;MODO_1;TP;2,0;40,0;1;3160,0
2025-10-09 15:46:27.500;25257,5;2025-10-09 15:46:29.000;25259,5;SHORT;25255,5;25259,5;25;13;-12;MODO_1;SL;-2,0;-40,0;1;3120,0
2025-10-09 15:46:59.500;25259,75;2025-10-09 15:47:00.000;25261,75;LONG;25261,75;25257,75;18;11;-7;MODO_1;TP;2,0;40,0;1;3160,0
2025-10-09 15:47:19.500;25263,5;2025-10-09 15:47:20.500;25261,5;SHORT;25261,5;25265,5;12;11;-1;MODO_1;TP;2,0;40,0;1;3200,0
2025-10-09 15:47:36.000;25265,25;2025-10-09 15:47:36.000;25267,25;LONG;25267,25;25263,25;14;9;-5;MODO_1;TP;2,0;40,0;1;3240,0
2025-10-09 15:47:59.500;25272,0;2025-10-09 15:48:00.000;25274,0;LONG;25274,0;25270,0;11;3;-8;MODO_1;TP;2,0;40,0;1;3280,0
2025-10-09 15:49:06.000;25291,75;2025-10-09 15:49:07.500;25293,75;LONG;25293,75;25289,75;8;13;5;MODO_1;TP;2,0;40,0;1;3320,0
2025-10-09 15:50:21.000;25301,25;2025-10-09 15:50:27.000;25303,25;SHORT;25299,25;25303,25;7;20;13;MODO_1;SL;-2,0;-40,0;1;3280,0
2025-10-09 15:50:29.000;25301,25;2025-10-09 15:50:33.500;25303,25;SHORT;25299,25;25303,25;7;21;14;MODO_1;SL;-2,0;-40,0;1;3240,0
2025-10-09 15:50:35.500;25301,0;2025-10-09 15:50:37.500;25303,0;LONG;25303,0;25299,0;9;21;12;MODO_1;TP;2,0;40,0;1;3280,0
2025-10-09 15:50:40.500;25300,75;2025-10-09 15:50:43.000;25302,75;SHORT;25298,75;25302,75;9;21;12;MODO_1;SL;-2,0;-40,0;1;3240,0
2025-10-09 15:50:44.500;25301,0;2025-10-09 15:50:45.500;25303,0;LONG;25303,0;25299,0;9;21;12;MODO_1;TP;2,0;40,0;1;3280,0
2025-10-09 15:51:43.000;25310,0;2025-10-09 15:51:43.500;25308,0;SHORT;25308,0;25312,0;14;35;21;MODO_1;TP;2,0;40,0;1;3320,0
2025-10-09 15:51:59.000;25293,5;2025-10-09 15:51:59.000;25291,5;SHORT;25291,5;25295,5;14;27;13;MODO_1;TP;2,0;40,0;1;3360,0
2025-10-09 15:52:27.000;25280,25;2025-10-09 15:52:27.000;25282,25;LONG;25282,25;25278,25;13;30;17;MODO_1;TP;2,0;40,0;1;3400,0
2025-10-09 15:52:38.500;25281,5;2025-10-09 15:52:40.500;25279,5;LONG;25283,5;25279,5;15;32;17;MODO_1;SL;-2,0;-40,0;1;3360,0
2025-10-09 15:52:58.500;25278,5;2025-10-09 15:53:02.000;25276,5;SHORT;25276,5;25280,5;22;41;19;MODO_1;TP;2,0;40,0;1;3400,0
2025-10-09 15:53:46.500;25269,5;2025-10-09 15:53:48.000;25271,5;SHORT;25267,5;25271,5;23;40;17;MODO_1;SL;-2,0;-40,0;1;3360,0
2025-10-09 15:54:09.000;25269,5;2025-10-09 15:54:12.500;25271,5;LONG;25271,5;25267,5;18;30;12;MODO_1;TP;2,0;40,0;1;3400,0
2025-10-09 15:54:16.500;25269,5;2025-10-09 15:54:18.500;25267,5;LONG;25271,5;25267,5;19;31;12;MODO_1;SL;-2,0;-40,0;1;3360,0
2025-10-09 15:54:54.500;25265,0;2025-10-09 15:54:56.500;25267,0;SHORT;25263,0;25267,0;23;31;8;MODO_1;SL;-2,0;-40,0;1;3320,0
2025-10-09 15:55:00.000;25266,5;2025-10-09 15:55:00.000;25268,5;LONG;25268,5;25264,5;23;31;8;MODO_1;TP;2,0;40,0;1;3360,0
2025-10-09 15:55:02.500;25266,5;2025-10-09 15:55:03.000;25268,5;LONG;25268,5;25264,5;23;31;8;MODO_1;TP;2,0;40,0;1;3400,0
2025-10-09 15:55:53.000;25254,5;2025-10-09 15:55:53.500;25256,5;LONG;25256,5;25252,5;29;20;-9;MODO_1;TP;2,0;40,0;1;3440,0
2025-10-09 15:56:05.000;25260,0;2025-10-09 15:56:06.000;25262,0;LONG;25262,0;25258,0;27;19;-8;MODO_1;TP;2,0;40,0;1;3480,0
2025-10-09 15:57:07.000;25286,25;2025-10-09 15:57:10.000;25288,25;LONG;25288,25;25284,25;39;25;-14;MODO_1;TP;2,0;40,0;1;3520,0
2025-10-09 15:57:17.000;25286,25;2025-10-09 15:57:19.500;25284,25;LONG;25288,25;25284,25;42;25;-17;MODO_1;SL;-2,0;-40,0;1;3480,0
2025-10-09 15:57:39.000;25286,25;2025-10-09 15:57:41.000;25288,25;LONG;25288,25;25284,25;40;21;-19;MODO_1;TP;2,0;40,0;1;3520,0
2025-10-09 15:57:42.000;25286,25;2025-10-09 15:57:43.000;25288,25;LONG;25288,25;25284,25;40;21;-19;MODO_1;TP;2,0;40,0;1;3560,0
2025-10-09 15:57:47.500;25288,0;2025-10-09 15:57:53.000;25290,0;SHORT;25286,0;25290,0;43;21;-22;MODO_1;SL;-2,0;-40,0;1;3520,0
2025-10-09 15:58:03.500;25288,0;2025-10-09 15:58:03.500;25290,0;SHORT;25286,0;25290,0;44;21;-23;MODO_1;SL;-2,0;-40,0;1;3480,0
2025-10-09 15:58:05.000;25286,25;2025-10-09 15:58:08.000;25288,25;LONG;25288,25;25284,25;44;21;-23;MODO_1;TP;2,0;40,0;1;3520,0
2025-10-09 15:58:39.000;25288,0;2025-10-09 15:58:42.000;25290,0;SHORT;25286,0;25290,0;41;23;-18;MODO_1;SL;-2,0;-40,0;1;3480,0
2025-10-09 15:58:43.000;25288,0;2025-10-09 15:58:50.500;25286,0;SHORT;25286,0;25290,0;36;22;-14;MODO_1;TP;2,0;40,0;1;3520,0
2025-10-09 15:59:19.000;25283,75;2025-10-09 15:59:20.500;25285,75;LONG;25285,75;25281,75;23;14;-9;MODO_1;TP;2,0;40,0;1;3560,0
2025-10-09 15:59:39.000;25283,75;2025-10-09 15:59:40.500;25281,75;LONG;25285,75;25281,75;19;11;-8;MODO_1;SL;-2,0;-40,0;1;3520,0
2025-10-09 16:00:11.500;25265,5;2025-10-09 16:00:11.500;25267,5;LONG;25267,5;25263,5;13;7;-6;MODO_1;TP;2,0;40,0;1;3560,0
2025-10-09 16:00:11.500;25268,0;2025-10-09 16:00:13.500;25270,0;SHORT;25266,0;25270,0;13;7;-6;MODO_1;SL;-2,0;-40,0;1;3520,0
2025-10-09 16:00:45.500;25268,0;2025-10-09 16:00:47.500;25270,0;SHORT;25266,0;25270,0;11;6;-5;MODO_1;SL;-2,0;-40,0;1;3480,0
2025-10-09 16:01:13.000;25273,5;2025-10-09 16:01:22.500;25271,5;LONG;25275,5;25271,5;6;6;0;MODO_1;SL;-2,0;-40,0;1;3440,0
2025-10-09 16:01:56.000;25270,0;2025-10-09 16:01:57.000;25268,0;LONG;25272,0;25268,0;5;2;-3;MODO_1;SL;-2,0;-40,0;1;3400,0
2025-10-09 16:03:22.000;25266,0;2025-10-09 16:03:24.500;25268,0;LONG;25268,0;25264,0;16;4;-12;MODO_1;TP;2,0;40,0;1;3440,0
2025-10-09 16:04:05.000;25277,25;2025-10-09 16:04:11.000;25275,25;SHORT;25275,25;25279,25;20;4;-16;MODO_1;TP;2,0;40,0;1;3480,0
2025-10-09 16:04:12.500;25276,5;2025-10-09 16:04:14.500;25278,5;SHORT;25274,5;25278,5;20;4;-16;MODO_1;SL;-2,0;-40,0;1;3440,0
2025-10-09 16:05:02.500;25280,5;2025-10-09 16:05:03.000;25282,5;LONG;25282,5;25278,5;20;6;-14;MODO_1;TP;2,0;40,0;1;3480,0
2025-10-09 16:05:03.500;25280,5;2025-10-09 16:05:04.000;25282,5;LONG;25282,5;25278,5;20;6;-14;MODO_1;TP;2,0;40,0;1;3520,0
2025-10-09 16:05:11.500;25280,5;2025-10-09 16:05:16.000;25282,5;LONG;25282,5;25278,5;20;9;-11;MODO_1;TP;2,0;40,0;1;3560,0
2025-10-09 16:05:44.500;25273,75;2025-10-09 16:05:44.500;25275,75;LONG;25275,75;25271,75;11;7;-4;MODO_1;TP;2,0;40,0;1;3600,0
2025-10-09 16:06:59.000;25285,0;2025-10-09 16:07:03.000;25283,0;SHORT;25283,0;25287,0;4;7;3;MODO_1;TP;2,0;40,0;1;3640,0
2025-10-09 16:07:09.000;25285,0;2025-10-09 16:07:13.000;25283,0;SHORT;25283,0;25287,0;10;7;-3;MODO_1;TP;2,0;40,0;1;3680,0
2025-10-09 16:07:23.500;25281,5;2025-10-09 16:07:26.000;25283,5;LONG;25283,5;25279,5;12;8;-4;MODO_1;TP;2,0;40,0;1;3720,0
2025-10-09 16:08:44.500;25267,75;2025-10-09 16:08:47.000;25269,75;LONG;25269,75;25265,75;15;9;-6;MODO_1;TP;2,0;40,0;1;3760,0
2025-10-09 16:08:58.500;25267,75;2025-10-09 16:09:00.000;25269,75;LONG;25269,75;25265,75;13;11;-2;MODO_1;TP;2,0;40,0;1;3800,0
2025-10-09 16:09:00.500;25269,5;2025-10-09 16:09:03.000;25271,5;SHORT;25267,5;25271,5;13;11;-2;MODO_1;SL;-2,0;-40,0;1;3760,0
2025-10-09 16:09:12.500;25267,75;2025-10-09 16:09:13.000;25265,75;LONG;25269,75;25265,75;19;12;-7;MODO_1;SL;-2,0;-40,0;1;3720,0
2025-10-09 16:09:44.500;25266,0;2025-10-09 16:09:47.000;25268,0;SHORT;25264,0;25268,0;23;12;-11;MODO_1;SL;-2,0;-40,0;1;3680,0
2025-10-09 16:10:24.500;25276,0;2025-10-09 16:10:25.500;25274,0;SHORT;25274,0;25278,0;14;10;-4;MODO_1;TP;2,0;40,0;1;3720,0
2025-10-09 16:10:39.000;25271,5;2025-10-09 16:10:41.500;25273,5;LONG;25273,5;25269,5;13;5;-8;MODO_1;TP;2,0;40,0;1;3760,0
2025-10-09 16:10:46.500;25271,25;2025-10-09 16:11:09.500;25269,25;LONG;25273,25;25269,25;11;5;-6;MODO_1;SL;-2,0;-40,0;1;3720,0
2025-10-09 16:12:16.500;25270,0;2025-10-09 16:12:19.500;25272,0;LONG;25272,0;25268,0;14;2;-12;MODO_1;TP;2,0;40,0;1;3760,0
2025-10-09 16:12:33.500;25273,75;2025-10-09 16:12:38.500;25275,75;SHORT;25271,75;25275,75;12;2;-10;MODO_1;SL;-2,0;-40,0;1;3720,0
2025-10-09 16:12:42.000;25273,75;2025-10-09 16:12:42.500;25271,75;SHORT;25271,75;25275,75;12;2;-10;MODO_1;TP;2,0;40,0;1;3760,0
2025-10-09 16:13:14.000;25270,0;2025-10-09 16:13:17.000;25272,0;LONG;25272,0;25268,0;12;2;-10;MODO_1;TP;2,0;40,0;1;3800,0
2025-10-09 16:13:20.000;25273,0;2025-10-09 16:13:23.500;25275,0;LONG;25275,0;25271,0;12;2;-10;MODO_1;TP;2,0;40,0;1;3840,0
2025-10-09 16:15:41.500;25268,25;2025-10-09 16:15:42.000;25266,25;SHORT;25266,25;25270,25;7;12;5;MODO_1;TP;2,0;40,0;1;3880,0
2025-10-09 16:16:08.500;25265,25;2025-10-09 16:16:10.500;25267,25;LONG;25267,25;25263,25;7;14;7;MODO_1;TP;2,0;40,0;1;3920,0
2025-10-09 16:17:01.500;25263,75;2025-10-09 16:17:01.500;25261,75;SHORT;25261,75;25265,75;6;17;11;MODO_1;TP;2,0;40,0;1;3960,0
2025-10-09 16:17:10.000;25259,0;2025-10-09 16:17:16.500;25257,0;LONG;25261,0;25257,0;6;17;11;MODO_1;SL;-2,0;-40,0;1;3920,0
2025-10-09 16:17:38.500;25263,75;2025-10-09 16:17:42.000;25265,75;SHORT;25261,75;25265,75;3;15;12;MODO_1;SL;-2,0;-40,0;1;3880,0
2025-10-09 16:17:45.500;25263,75;2025-10-09 16:17:49.500;25265,75;SHORT;25261,75;25265,75;2;15;13;MODO_1;SL;-2,0;-40,0;1;3840,0
2025-10-09 16:17:51.000;25263,75;2025-10-09 16:17:52.000;25261,75;SHORT;25261,75;25265,75;2;15;13;MODO_1;TP;2,0;40,0;1;3880,0
2025-10-09 16:17:58.000;25262,0;2025-10-09 16:17:59.500;25264,0;LONG;25264,0;25260,0;2;11;9;MODO_1;TP;2,0;40,0;1;3920,0
2025-10-09 16:20:15.000;25266,0;2025-10-09 16:20:21.500;25268,0;LONG;25268,0;25264,0;14;7;-7;MODO_1;TP;2,0;40,0;1;3960,0
2025-10-09 16:21:08.000;25261,75;2025-10-09 16:21:10.000;25259,75;SHORT;25259,75;25263,75;14;13;-1;MODO_1;TP;2,0;40,0;1;4000,0
2025-10-09 16:21:24.500;25250,0;2025-10-09 16:21:24.500;25252,0;LONG;25252,0;25248,0;14;13;-1;MODO_1;TP;2,0;40,0;1;4040,0
2025-10-09 16:21:25.500;25250,5;2025-10-09 16:21:26.500;25248,5;SHORT;25248,5;25252,5;14;13;-1;MODO_1;TP;2,0;40,0;1;4080,0
2025-10-09 16:21:29.000;25250,5;2025-10-09 16:21:29.000;25248,5;SHORT;25248,5;25252,5;14;13;-1;MODO_1;TP;2,0;40,0;1;4120,0
2025-10-09 16:21:34.000;25250,5;2025-10-09 16:21:35.500;25252,5;SHORT;25248,5;25252,5;14;13;-1;MODO_1;SL;-2,0;-40,0;1;4080,0
2025-10-09 16:22:34.500;25260,0;2025-10-09 16:22:34.500;25262,0;SHORT;25258,0;25262,0;13;13;0;MODO_1;SL;-2,0;-40,0;1;4040,0
2025-10-09 16:22:35.000;25260,0;2025-10-09 16:22:36.000;25258,0;SHORT;25258,0;25262,0;13;13;0;MODO_1;TP;2,0;40,0;1;4080,0
2025-10-09 16:22:36.000;25260,0;2025-10-09 16:22:36.000;25258,0;SHORT;25258,0;25262,0;13;13;0;MODO_1;TP;2,0;40,0;1;4120,0
2025-10-09 16:24:10.500;25272,75;2025-10-09 16:24:19.000;25270,75;LONG;25274,75;25270,75;6;0;-6;MODO_1;SL;-2,0;-40,0;1;4080,0
2025-10-09 16:26:18.500;25260,0;2025-10-09 16:26:19.500;25262,0;LONG;25262,0;25258,0;13;2;-11;MODO_1;TP;2,0;40,0;1;4120,0
2025-10-09 16:26:42.500;25260,0;2025-10-09 16:26:51.000;25258,0;SHORT;25258,0;25262,0;13;2;-11;MODO_1;TP;2,0;40,0;1;4160,0
2025-10-09 16:26:57.000;25258,0;2025-10-09 16:27:01.000;25256,0;LONG;25260,0;25256,0;13;2;-11;MODO_1;SL;-2,0;-40,0;1;4120,0
2025-10-09 16:27:36.500;25254,75;2025-10-09 16:27:37.500;25256,75;LONG;25256,75;25252,75;13;2;-11;MODO_1;TP;2,0;40,0;1;4160,0
2025-10-09 16:27:44.000;25256,0;2025-10-09 16:27:45.500;25258,0;LONG;25258,0;25254,0;13;2;-11;MODO_1;TP;2,0;40,0;1;4200,0
2025-10-09 16:29:41.500;25252,25;2025-10-09 16:29:43.000;25254,25;SHORT;25250,25;25254,25;3;31;28;MODO_1;SL;-2,0;-40,0;1;4160,0
2025-10-09 16:29:59.500;25251,75;2025-10-09 16:30:00.500;25249,75;LONG;25253,75;25249,75;3;31;28;MODO_1;SL;-2,0;-40,0;1;4120,0
2025-10-09 16:30:08.500;25246,5;2025-10-09 16:30:11.500;25244,5;LONG;25248,5;25244,5;4;31;27;MODO_1;SL;-2,0;-40,0;1;4080,0
2025-10-09 16:30:30.500;25245,0;2025-10-09 16:30:31.000;25247,0;SHORT;25243,0;25247,0;4;37;33;MODO_1;SL;-2,0;-40,0;1;4040,0
2025-10-09 16:30:43.500;25245,0;2025-10-09 16:30:44.000;25243,0;SHORT;25243,0;25247,0;6;51;45;MODO_1;TP;2,0;40,0;1;4080,0
2025-10-09 16:30:46.000;25245,0;2025-10-09 16:30:46.500;25243,0;SHORT;25243,0;25247,0;7;51;44;MODO_1;TP;2,0;40,0;1;4120,0
2025-10-09 16:31:00.500;25245,0;2025-10-09 16:31:00.500;25243,0;SHORT;25243,0;25247,0;7;51;44;MODO_1;TP;2,0;40,0;1;4160,0
2025-10-09 16:31:09.500;25245,0;2025-10-09 16:31:10.000;25243,0;SHORT;25243,0;25247,0;7;51;44;MODO_1;TP;2,0;40,0;1;4200,0
2025-10-09 16:31:35.500;25230,0;2025-10-09 16:31:36.000;25232,0;LONG;25232,0;25228,0;7;39;32;MODO_1;TP;2,0;40,0;1;4240,0
2025-10-09 16:31:52.500;25231,75;2025-10-09 16:31:55.000;25229,75;SHORT;25229,75;25233,75;6;36;30;MODO_1;TP;2,0;40,0;1;4280,0
2025-10-09 16:32:04.500;25230,0;2025-10-09 16:32:06.500;25228,0;SHORT;25228,0;25232,0;6;29;23;MODO_1;TP;2,0;40,0;1;4320,0
2025-10-09 16:32:09.000;25230,0;2025-10-09 16:32:09.500;25228,0;SHORT;25228,0;25232,0;6;29;23;MODO_1;TP;2,0;40,0;1;4360,0
2025-10-09 16:32:13.000;25230,0;2025-10-09 16:32:15.000;25232,0;SHORT;25228,0;25232,0;6;29;23;MODO_1;SL;-2,0;-40,0;1;4320,0
2025-10-09 16:32:41.500;25228,25;2025-10-09 16:32:42.000;25230,25;LONG;25230,25;25226,25;8;23;15;MODO_1;TP;2,0;40,0;1;4360,0
2025-10-09 16:32:42.000;25228,25;2025-10-09 16:32:42.000;25230,25;LONG;25230,25;25226,25;8;23;15;MODO_1;TP;2,0;40,0;1;4400,0
2025-10-09 16:33:53.500;25242,0;2025-10-09 16:34:02.500;25240,0;SHORT;25240,0;25244,0;10;5;-5;MODO_1;TP;2,0;40,0;1;4440,0
2025-10-09 16:34:28.500;25236,75;2025-10-09 16:34:32.500;25234,75;SHORT;25234,75;25238,75;12;6;-6;MODO_1;TP;2,0;40,0;1;4480,0
2025-10-09 16:35:30.500;25218,0;2025-10-09 16:35:31.500;25216,0;LONG;25220,0;25216,0;12;4;-8;MODO_1;SL;-2,0;-40,0;1;4440,0
2025-10-09 16:35:36.500;25220,0;2025-10-09 16:35:39.000;25222,0;SHORT;25218,0;25222,0;12;4;-8;MODO_1;SL;-2,0;-40,0;1;4400,0
2025-10-09 16:36:09.500;25224,5;2025-10-09 16:36:11.000;25222,5;LONG;25226,5;25222,5;17;2;-15;MODO_1;SL;-2,0;-40,0;1;4360,0
2025-10-09 16:36:49.000;25220,5;2025-10-09 16:36:56.500;25218,5;SHORT;25218,5;25222,5;11;2;-9;MODO_1;TP;2,0;40,0;1;4400,0
2025-10-09 16:37:37.500;25228,75;2025-10-09 16:37:41.500;25226,75;LONG;25230,75;25226,75;9;5;-4;MODO_1;SL;-2,0;-40,0;1;4360,0
2025-10-09 16:38:33.500;25223,0;2025-10-09 16:38:35.000;25221,0;LONG;25225,0;25221,0;9;10;1;MODO_1;SL;-2,0;-40,0;1;4320,0
2025-10-09 16:38:39.500;25220,0;2025-10-09 16:38:45.000;25222,0;SHORT;25218,0;25222,0;10;10;0;MODO_1;SL;-2,0;-40,0;1;4280,0
2025-10-09 16:39:01.000;25223,0;2025-10-09 16:39:07.000;25221,0;LONG;25225,0;25221,0;10;10;0;MODO_1;SL;-2,0;-40,0;1;4240,0
2025-10-09 16:39:52.500;25214,5;2025-10-09 16:39:54.500;25216,5;LONG;25216,5;25212,5;5;11;6;MODO_1;TP;2,0;40,0;1;4280,0
2025-10-09 16:40:01.500;25213,0;2025-10-09 16:40:02.500;25215,0;SHORT;25211,0;25215,0;5;11;6;MODO_1;SL;-2,0;-40,0;1;4240,0
2025-10-09 16:40:05.500;25214,5;2025-10-09 16:40:07.000;25216,5;LONG;25216,5;25212,5;4;9;5;MODO_1;TP;2,0;40,0;1;4280,0
2025-10-09 16:41:11.500;25231,0;2025-10-09 16:41:12.000;25229,0;SHORT;25229,0;25233,0;7;6;-1;MODO_1;TP;2,0;40,0;1;4320,0
2025-10-09 16:42:07.000;25215,0;2025-10-09 16:42:09.500;25217,0;LONG;25217,0;25213,0;5;14;9;MODO_1;TP;2,0;40,0;1;4360,0
2025-10-09 16:42:39.500;25208,5;2025-10-09 16:42:46.500;25210,5;LONG;25210,5;25206,5;5;14;9;MODO_1;TP;2,0;40,0;1;4400,0
2025-10-09 16:42:52.500;25209,25;2025-10-09 16:42:54.500;25207,25;LONG;25211,25;25207,25;5;13;8;MODO_1;SL;-2,0;-40,0;1;4360,0
2025-10-09 16:43:00.500;25209,5;2025-10-09 16:43:03.000;25207,5;SHORT;25207,5;25211,5;5;13;8;MODO_1;TP;2,0;40,0;1;4400,0
2025-10-09 16:43:03.500;25209,5;2025-10-09 16:43:06.500;25211,5;SHORT;25207,5;25211,5;5;13;8;MODO_1;SL;-2,0;-40,0;1;4360,0
2025-10-09 16:43:15.500;25209,5;2025-10-09 16:43:17.000;25207,5;SHORT;25207,5;25211,5;5;17;12;MODO_1;TP;2,0;40,0;1;4400,0
2025-10-09 16:45:00.500;25201,0;2025-10-09 16:45:01.000;25199,0;LONG;25203,0;25199,0;4;27;23;MODO_1;SL;-2,0;-40,0;1;4360,0
2025-10-09 16:45:04.500;25200,0;2025-10-09 16:45:05.000;25198,0;SHORT;25198,0;25202,0;4;27;23;MODO_1;TP;2,0;40,0;1;4400,0
2025-10-09 16:45:11.000;25200,0;2025-10-09 16:45:11.000;25198,0;SHORT;25198,0;25202,0;4;27;23;MODO_1;TP;2,0;40,0;1;4440,0
2025-10-09 16:45:22.500;25194,75;2025-10-09 16:45:22.500;25196,75;LONG;25196,75;25192,75;4;27;23;MODO_1;TP;2,0;40,0;1;4480,0
2025-10-09 16:45:31.500;25200,0;2025-10-09 16:45:32.000;25198,0;SHORT;25198,0;25202,0;5;27;22;MODO_1;TP;2,0;40,0;1;4520,0
2025-10-09 16:46:00.500;25200,0;2025-10-09 16:46:03.000;25202,0;SHORT;25198,0;25202,0;14;28;14;MODO_1;SL;-2,0;-40,0;1;4480,0
2025-10-09 16:47:12.000;25214,5;2025-10-09 16:47:14.000;25216,5;SHORT;25212,5;25216,5;15;18;3;MODO_1;SL;-2,0;-40,0;1;4440,0
2025-10-09 16:47:16.500;25216,0;2025-10-09 16:47:17.000;25218,0;LONG;25218,0;25214,0;15;18;3;MODO_1;TP;2,0;40,0;1;4480,0
2025-10-09 16:47:26.000;25216,0;2025-10-09 16:47:29.500;25218,0;LONG;25218,0;25214,0;15;17;2;MODO_1;TP;2,0;40,0;1;4520,0
2025-10-09 16:48:13.500;25212,0;2025-10-09 16:48:14.500;25210,0;SHORT;25210,0;25214,0;28;19;-9;MODO_1;TP;2,0;40,0;1;4560,0
2025-10-09 16:48:41.000;25210,0;2025-10-09 16:48:43.500;25212,0;LONG;25212,0;25208,0;27;19;-8;MODO_1;TP;2,0;40,0;1;4600,0
2025-10-09 16:49:33.500;25229,75;2025-10-09 16:49:34.000;25227,75;LONG;25231,75;25227,75;18;14;-4;MODO_1;SL;-2,0;-40,0;1;4560,0
2025-10-09 16:49:38.500;25229,25;2025-10-09 16:49:41.000;25231,25;SHORT;25227,25;25231,25;21;14;-7;MODO_1;SL;-2,0;-40,0;1;4520,0
2025-10-09 16:49:42.500;25229,75;2025-10-09 16:49:44.000;25231,75;LONG;25231,75;25227,75;21;14;-7;MODO_1;TP;2,0;40,0;1;4560,0
2025-10-09 16:50:31.000;25231,75;2025-10-09 16:50:36.000;25233,75;SHORT;25229,75;25233,75;16;11;-5;MODO_1;SL;-2,0;-40,0;1;4520,0
2025-10-09 16:51:04.500;25234,5;2025-10-09 16:51:08.000;25232,5;LONG;25236,5;25232,5;8;4;-4;MODO_1;SL;-2,0;-40,0;1;4480,0
2025-10-09 16:53:24.000;25237,25;2025-10-09 16:53:25.000;25239,25;LONG;25239,25;25235,25;8;0;-8;MODO_1;TP;2,0;40,0;1;4520,0
2025-10-09 16:54:07.500;25240,0;2025-10-09 16:54:12.000;25238,0;LONG;25242,0;25238,0;12;4;-8;MODO_1;SL;-2,0;-40,0;1;4480,0
2025-10-09 16:54:50.000;25240,0;2025-10-09 16:54:52.000;25238,0;LONG;25242,0;25238,0;17;12;-5;MODO_1;SL;-2,0;-40,0;1;4440,0
2025-10-09 16:55:36.500;25243,25;2025-10-09 16:55:41.000;25241,25;LONG;25245,25;25241,25;15;12;-3;MODO_1;SL;-2,0;-40,0;1;4400,0
2025-10-09 16:56:05.000;25243,25;2025-10-09 16:56:13.500;25241,25;LONG;25245,25;25241,25;14;12;-2;MODO_1;SL;-2,0;-40,0;1;4360,0
2025-10-09 16:56:17.500;25244,0;2025-10-09 16:56:24.500;25242,0;SHORT;25242,0;25246,0;12;12;0;MODO_1;TP;2,0;40,0;1;4400,0
2025-10-09 16:56:51.000;25242,0;2025-10-09 16:56:53.500;25244,0;LONG;25244,0;25240,0;19;12;-7;MODO_1;TP;2,0;40,0;1;4440,0
2025-10-09 16:58:12.000;25254,25;2025-10-09 16:58:15.000;25256,25;LONG;25256,25;25252,25;22;2;-20;MODO_1;TP;2,0;40,0;1;4480,0
2025-10-09 16:58:23.000;25254,25;2025-10-09 16:58:31.500;25256,25;LONG;25256,25;25252,25;21;2;-19;MODO_1;TP;2,0;40,0;1;4520,0
2025-10-09 16:58:59.500;25255,0;2025-10-09 16:59:00.500;25253,0;SHORT;25253,0;25257,0;21;2;-19;MODO_1;TP;2,0;40,0;1;4560,0
2025-10-09 16:59:37.000;25251,5;2025-10-09 16:59:43.000;25249,5;LONG;25253,5;25249,5;23;14;-9;MODO_1;SL;-2,0;-40,0;1;4520,0
2025-10-09 17:00:47.500;25265,0;2025-10-09 17:01:08.500;25263,0;SHORT;25263,0;25267,0;9;13;4;MODO_1;TP;2,0;40,0;1;4560,0
2025-10-09 17:02:21.000;25260,0;2025-10-09 17:02:25.500;25258,0;LONG;25262,0;25258,0;8;15;7;MODO_1;SL;-2,0;-40,0;1;4520,0
2025-10-09 17:02:53.500;25245,5;2025-10-09 17:02:56.500;25247,5;SHORT;25243,5;25247,5;3;7;4;MODO_1;SL;-2,0;-40,0;1;4480,0
2025-10-09 17:03:11.500;25245,75;2025-10-09 17:03:12.000;25247,75;LONG;25247,75;25243,75;3;7;4;MODO_1;TP;2,0;40,0;1;4520,0
2025-10-09 17:03:35.000;25250,0;2025-10-09 17:03:42.500;25252,0;SHORT;25248,0;25252,0;3;7;4;MODO_1;SL;-2,0;-40,0;1;4480,0
2025-10-09 17:06:09.500;25258,0;2025-10-09 17:06:11.500;25260,0;LONG;25260,0;25256,0;1;0;-1;MODO_1;TP;2,0;40,0;1;4520,0
2025-10-09 17:07:44.500;25247,75;2025-10-09 17:07:45.500;25245,75;LONG;25249,75;25245,75;1;18;17;MODO_1;SL;-2,0;-40,0;1;4480,0
2025-10-09 17:08:04.000;25248,5;2025-10-09 17:08:08.500;25246,5;SHORT;25246,5;25250,5;4;18;14;MODO_1;TP;2,0;40,0;1;4520,0
2025-10-09 17:09:02.500;25255,25;2025-10-09 17:09:05.000;25257,25;SHORT;25253,25;25257,25;5;24;19;MODO_1;SL;-2,0;-40,0;1;4480,0
2025-10-09 17:09:20.000;25255,5;2025-10-09 17:09:22.500;25253,5;LONG;25257,5;25253,5;4;22;18;MODO_1;SL;-2,0;-40,0;1;4440,0
2025-10-09 17:09:46.500;25264,0;2025-10-09 17:09:58.500;25266,0;SHORT;25262,0;25266,0;4;8;4;MODO_1;SL;-2,0;-40,0;1;4400,0
2025-10-09 17:10:06.500;25264,0;2025-10-09 17:10:07.500;25262,0;SHORT;25262,0;25266,0;5;8;3;MODO_1;TP;2,0;40,0;1;4440,0
2025-10-09 17:10:22.500;25261,25;2025-10-09 17:10:35.500;25259,25;LONG;25263,25;25259,25;5;8;3;MODO_1;SL;-2,0;-40,0;1;4400,0
2025-10-09 17:11:22.000;25255,0;2025-10-09 17:11:26.000;25253,0;LONG;25257,0;25253,0;2;3;1;MODO_1;SL;-2,0;-40,0;1;4360,0
2025-10-09 17:13:09.000;25257,0;2025-10-09 17:13:13.000;25259,0;LONG;25259,0;25255,0;1;21;20;MODO_1;TP;2,0;40,0;1;4400,0
2025-10-09 17:13:21.000;25258,0;2025-10-09 17:13:24.000;25256,0;SHORT;25256,0;25260,0;1;21;20;MODO_1;TP;2,0;40,0;1;4440,0
2025-10-09 17:13:40.000;25258,0;2025-10-09 17:13:46.000;25260,0;SHORT;25256,0;25260,0;1;21;20;MODO_1;SL;-2,0;-40,0;1;4400,0
2025-10-09 17:13:49.000;25258,0;2025-10-09 17:13:50.000;25256,0;SHORT;25256,0;25260,0;1;21;20;MODO_1;TP;2,0;40,0;1;4440,0
2025-10-09 17:14:01.000;25258,0;2025-10-09 17:14:07.500;25260,0;SHORT;25256,0;25260,0;1;24;23;MODO_1;SL;-2,0;-40,0;1;4400,0
2025-10-09 17:14:11.000;25258,0;2025-10-09 17:14:39.500;25256,0;SHORT;25256,0;25260,0;1;27;26;MODO_1;TP;2,0;40,0;1;4440,0
2025-10-09 17:15:32.500;25265,0;2025-10-09 17:15:35.500;25263,0;SHORT;25263,0;25267,0;1;7;6;MODO_1;TP;2,0;40,0;1;4480,0
2025-10-09 17:15:39.500;25265,0;2025-10-09 17:15:54.500;25267,0;SHORT;25263,0;25267,0;1;7;6;MODO_1;SL;-2,0;-40,0;1;4440,0
2025-10-09 17:16:01.500;25270,75;2025-10-09 17:16:02.000;25272,75;LONG;25272,75;25268,75;2;6;4;MODO_1;TP;2,0;40,0;1;4480,0
2025-10-09 17:17:41.500;25265,0;2025-10-09 17:17:43.500;25263,0;LONG;25267,0;25263,0;3;15;12;MODO_1;SL;-2,0;-40,0;1;4440,0
2025-10-09 17:18:34.500;25256,5;2025-10-09 17:18:35.000;25254,5;SHORT;25254,5;25258,5;4;20;16;MODO_1;TP;2,0;40,0;1;4480,0
2025-10-09 17:18:40.500;25256,5;2025-10-09 17:18:40.500;25258,5;SHORT;25254,5;25258,5;7;20;13;MODO_1;SL;-2,0;-40,0;1;4440,0
2025-10-09 17:20:08.500;25258,25;2025-10-09 17:20:15.000;25260,25;LONG;25260,25;25256,25;4;9;5;MODO_1;TP;2,0;40,0;1;4480,0
2025-10-09 17:20:22.500;25257,25;2025-10-09 17:20:23.000;25255,25;SHORT;25255,25;25259,25;4;11;7;MODO_1;TP;2,0;40,0;1;4520,0
2025-10-09 17:21:42.000;25249,75;2025-10-09 17:21:44.500;25247,75;SHORT;25247,75;25251,75;0;6;6;MODO_1;TP;2,0;40,0;1;4560,0
2025-10-09 17:23:53.500;25236,5;2025-10-09 17:23:55.000;25238,5;SHORT;25234,5;25238,5;3;34;31;MODO_1;SL;-2,0;-40,0;1;4520,0
2025-10-09 17:23:59.500;25236,5;2025-10-09 17:24:03.500;25238,5;SHORT;25234,5;25238,5;3;34;31;MODO_1;SL;-2,0;-40,0;1;4480,0
2025-10-09 17:24:04.000;25238,0;2025-10-09 17:24:05.500;25236,0;SHORT;25236,0;25240,0;3;34;31;MODO_1;TP;2,0;40,0;1;4520,0
2025-10-09 17:24:05.500;25236,25;2025-10-09 17:24:10.500;25238,25;LONG;25238,25;25234,25;3;34;31;MODO_1;TP;2,0;40,0;1;4560,0
2025-10-09 17:24:14.000;25237,0;2025-10-09 17:24:14.500;25235,0;SHORT;25235,0;25239,0;3;34;31;MODO_1;TP;2,0;40,0;1;4600,0
2025-10-09 17:25:50.000;25235,75;2025-10-09 17:26:08.500;25237,75;SHORT;25233,75;25237,75;7;3;-4;MODO_1;SL;-2,0;-40,0;1;4560,0
2025-10-09 17:27:15.000;25229,0;2025-10-09 17:27:17.500;25231,0;SHORT;25227,0;25231,0;10;4;-6;MODO_1;SL;-2,0;-40,0;1;4520,0
2025-10-09 17:27:34.000;25228,0;2025-10-09 17:27:38.000;25230,0;LONG;25230,0;25226,0;10;3;-7;MODO_1;TP;2,0;40,0;1;4560,0
2025-10-09 17:28:22.000;25229,75;2025-10-09 17:28:32.000;25227,75;LONG;25231,75;25227,75;10;4;-6;MODO_1;SL;-2,0;-40,0;1;4520,0
2025-10-09 17:29:12.000;25228,75;2025-10-09 17:29:14.000;25226,75;SHORT;25226,75;25230,75;2;2;0;MODO_1;TP;2,0;40,0;1;4560,0
2025-10-09 17:30:15.500;25226,0;2025-10-09 17:30:18.500;25224,0;LONG;25228,0;25224,0;4;5;1;MODO_1;SL;-2,0;-40,0;1;4520,0
2025-10-09 17:31:35.500;25224,0;2025-10-09 17:31:38.000;25222,0;LONG;25226,0;25222,0;6;4;-2;MODO_1;SL;-2,0;-40,0;1;4480,0
2025-10-09 17:31:43.000;25224,0;2025-10-09 17:31:50.500;25222,0;LONG;25226,0;25222,0;6;4;-2;MODO_1;SL;-2,0;-40,0;1;4440,0
2025-10-09 17:33:05.500;25226,0;2025-10-09 17:33:12.500;25228,0;LONG;25228,0;25224,0;4;7;3;MODO_1;TP;2,0;40,0;1;4480,0
2025-10-09 17:33:21.500;25225,5;2025-10-09 17:33:27.500;25223,5;SHORT;25223,5;25227,5;3;5;2;MODO_1;TP;2,0;40,0;1;4520,0
2025-10-09 17:34:04.500;25219,75;2025-10-09 17:34:05.000;25217,75;SHORT;25217,75;25221,75;3;11;8;MODO_1;TP;2,0;40,0;1;4560,0
2025-10-09 17:34:12.000;25219,75;2025-10-09 17:34:17.000;25221,75;SHORT;25217,75;25221,75;6;11;5;MODO_1;SL;-2,0;-40,0;1;4520,0
2025-10-09 17:34:49.500;25206,75;2025-10-09 17:34:50.500;25208,75;LONG;25208,75;25204,75;4;10;6;MODO_1;TP;2,0;40,0;1;4560,0
2025-10-09 17:35:05.000;25209,5;2025-10-09 17:35:06.000;25207,5;SHORT;25207,5;25211,5;5;8;3;MODO_1;TP;2,0;40,0;1;4600,0
2025-10-09 17:35:14.500;25200,0;2025-10-09 17:35:17.500;25202,0;SHORT;25198,0;25202,0;5;8;3;MODO_1;SL;-2,0;-40,0;1;4560,0
2025-10-09 17:35:38.000;25206,75;2025-10-09 17:35:38.500;25208,75;LONG;25208,75;25204,75;5;9;4;MODO_1;TP;2,0;40,0;1;4600,0
2025-10-09 17:36:33.500;25209,25;2025-10-09 17:36:34.500;25211,25;LONG;25211,25;25207,25;6;10;4;MODO_1;TP;2,0;40,0;1;4640,0
2025-10-09 17:37:08.500;25221,25;2025-10-09 17:37:10.500;25223,25;SHORT;25219,25;25223,25;3;6;3;MODO_1;SL;-2,0;-40,0;1;4600,0
2025-10-09 17:37:30.500;25223,0;2025-10-09 17:37:33.000;25225,0;LONG;25225,0;25221,0;4;6;2;MODO_1;TP;2,0;40,0;1;4640,0
2025-10-09 17:38:45.500;25233,5;2025-10-09 17:38:48.000;25231,5;LONG;25235,5;25231,5;8;4;-4;MODO_1;SL;-2,0;-40,0;1;4600,0
2025-10-09 17:39:40.500;25227,5;2025-10-09 17:39:48.500;25225,5;LONG;25229,5;25225,5;8;1;-7;MODO_1;SL;-2,0;-40,0;1;4560,0
2025-10-09 17:40:38.000;25216,0;2025-10-09 17:40:38.500;25218,0;LONG;25218,0;25214,0;7;2;-5;MODO_1;TP;2,0;40,0;1;4600,0
2025-10-09 17:42:15.000;25217,0;2025-10-09 17:42:20.000;25215,0;SHORT;25215,0;25219,0;7;6;-1;MODO_1;TP;2,0;40,0;1;4640,0
2025-10-09 17:42:44.500;25210,0;2025-10-09 17:42:46.000;25212,0;LONG;25212,0;25208,0;8;6;-2;MODO_1;TP;2,0;40,0;1;4680,0
2025-10-09 17:43:01.500;25217,0;2025-10-09 17:43:05.500;25215,0;SHORT;25215,0;25219,0;9;6;-3;MODO_1;TP;2,0;40,0;1;4720,0
2025-10-09 17:44:14.500;25214,5;2025-10-09 17:44:18.500;25216,5;LONG;25216,5;25212,5;3;4;1;MODO_1;TP;2,0;40,0;1;4760,0
2025-10-09 17:45:45.500;25223,25;2025-10-09 17:46:01.500;25221,25;SHORT;25221,25;25225,25;9;2;-7;MODO_1;TP;2,0;40,0;1;4800,0
2025-10-09 17:46:34.000;25222,75;2025-10-09 17:46:40.000;25220,75;LONG;25224,75;25220,75;9;2;-7;MODO_1;SL;-2,0;-40,0;1;4760,0
2025-10-09 17:47:08.000;25230,0;2025-10-09 17:47:08.500;25228,0;SHORT;25228,0;25232,0;14;2;-12;MODO_1;TP;2,0;40,0;1;4800,0
2025-10-09 17:48:00.000;25227,75;2025-10-09 17:48:02.000;25229,75;LONG;25229,75;25225,75;11;5;-6;MODO_1;TP;2,0;40,0;1;4840,0
2025-10-09 17:48:26.000;25227,5;2025-10-09 17:48:30.500;25229,5;LONG;25229,5;25225,5;10;5;-5;MODO_1;TP;2,0;40,0;1;4880,0
2025-10-09 17:49:00.000;25232,25;2025-10-09 17:49:05.500;25234,25;LONG;25234,25;25230,25;15;12;-3;MODO_1;TP;2,0;40,0;1;4920,0
2025-10-09 17:50:12.500;25249,0;2025-10-09 17:50:14.500;25251,0;LONG;25251,0;25247,0;9;13;4;MODO_1;TP;2,0;40,0;1;4960,0
2025-10-09 17:50:22.000;25250,5;2025-10-09 17:50:25.000;25252,5;SHORT;25248,5;25252,5;9;13;4;MODO_1;SL;-2,0;-40,0;1;4920,0
2025-10-09 17:51:00.000;25254,0;2025-10-09 17:51:08.000;25256,0;SHORT;25252,0;25256,0;11;12;1;MODO_1;SL;-2,0;-40,0;1;4880,0
2025-10-09 17:52:14.500;25260,25;2025-10-09 17:52:18.000;25262,25;SHORT;25258,25;25262,25;10;14;4;MODO_1;SL;-2,0;-40,0;1;4840,0
2025-10-09 17:52:29.000;25260,5;2025-10-09 17:52:41.000;25258,5;LONG;25262,5;25258,5;10;14;4;MODO_1;SL;-2,0;-40,0;1;4800,0
2025-10-09 17:52:49.500;25260,5;2025-10-09 17:52:59.000;25258,5;LONG;25262,5;25258,5;10;13;3;MODO_1;SL;-2,0;-40,0;1;4760,0
2025-10-09 17:53:14.000;25260,0;2025-10-09 17:53:23.000;25258,0;LONG;25262,0;25258,0;10;13;3;MODO_1;SL;-2,0;-40,0;1;4720,0
2025-10-09 17:53:34.000;25260,0;2025-10-09 17:53:34.500;25262,0;LONG;25262,0;25258,0;11;13;2;MODO_1;TP;2,0;40,0;1;4760,0
2025-10-09 17:55:01.500;25265,0;2025-10-09 17:55:06.000;25267,0;LONG;25267,0;25263,0;2;4;2;MODO_1;TP;2,0;40,0;1;4800,0
2025-10-09 17:55:17.000;25266,5;2025-10-09 17:55:24.000;25264,5;SHORT;25264,5;25268,5;1;5;4;MODO_1;TP;2,0;40,0;1;4840,0
2025-10-09 17:55:39.000;25267,0;2025-10-09 17:55:40.500;25265,0;SHORT;25265,0;25269,0;1;8;7;MODO_1;TP;2,0;40,0;1;4880,0
2025-10-09 17:56:53.000;25263,5;2025-10-09 17:57:07.000;25261,5;SHORT;25261,5;25265,5;1;6;5;MODO_1;TP;2,0;40,0;1;4920,0
2025-10-09 17:57:52.000;25267,25;2025-10-09 17:57:55.000;25269,25;LONG;25269,25;25265,25;5;5;0;MODO_1;TP;2,0;40,0;1;4960,0
2025-10-09 17:58:35.500;25269,5;2025-10-09 17:59:02.000;25267,5;SHORT;25267,5;25271,5;12;5;-7;MODO_1;TP;2,0;40,0;1;5000,0
2025-10-09 17:59:18.500;25269,5;2025-10-09 17:59:43.500;25267,5;LONG;25271,5;25267,5;12;8;-4;MODO_1;SL;-2,0;-40,0;1;4960,0
2025-10-09 18:00:04.000;25266,25;2025-10-09 18:00:05.000;25268,25;LONG;25268,25;25264,25;11;9;-2;MODO_1;TP;2,0;40,0;1;5000,0
2025-10-09 18:00:11.000;25266,5;2025-10-09 18:00:24.500;25268,5;SHORT;25264,5;25268,5;11;8;-3;MODO_1;SL;-2,0;-40,0;1;4960,0
2025-10-09 18:01:26.500;25271,25;2025-10-09 18:01:27.000;25269,25;SHORT;25269,25;25273,25;9;5;-4;MODO_1;TP;2,0;40,0;1;5000,0
2025-10-09 18:02:11.500;25266,0;2025-10-09 18:02:19.000;25264,0;LONG;25268,0;25264,0;5;2;-3;MODO_1;SL;-2,0;-40,0;1;4960,0
2025-10-09 18:02:52.500;25260,0;2025-10-09 18:02:54.000;25262,0;LONG;25262,0;25258,0;5;2;-3;MODO_1;TP;2,0;40,0;1;5000,0
2025-10-09 18:02:55.000;25261,5;2025-10-09 18:02:56.500;25263,5;SHORT;25259,5;25263,5;5;2;-3;MODO_1;SL;-2,0;-40,0;1;4960,0
2025-10-09 18:04:43.000;25268,75;2025-10-09 18:04:44.500;25270,75;LONG;25270,75;25266,75;4;13;9;MODO_1;TP;2,0;40,0;1;5000,0
2025-10-09 18:05:04.500;25269,0;2025-10-09 18:05:10.500;25267,0;SHORT;25267,0;25271,0;4;13;9;MODO_1;TP;2,0;40,0;1;5040,0
2025-10-09 18:05:35.000;25268,5;2025-10-09 18:05:40.500;25270,5;LONG;25270,5;25266,5;4;13;9;MODO_1;TP;2,0;40,0;1;5080,0
2025-10-09 18:06:02.000;25271,0;2025-10-09 18:06:06.000;25269,0;SHORT;25269,0;25273,0;4;15;11;MODO_1;TP;2,0;40,0;1;5120,0
2025-10-09 18:06:13.000;25271,0;2025-10-09 18:06:16.000;25269,0;SHORT;25269,0;25273,0;6;14;8;MODO_1;TP;2,0;40,0;1;5160,0
2025-10-09 18:07:14.000;25265,25;2025-10-09 18:07:19.000;25263,25;SHORT;25263,25;25267,25;8;8;0;MODO_1;TP;2,0;40,0;1;5200,0
2025-10-09 18:07:55.500;25259,0;2025-10-09 18:08:01.500;25261,0;LONG;25261,0;25257,0;8;5;-3;MODO_1;TP;2,0;40,0;1;5240,0
2025-10-09 18:08:06.000;25260,75;2025-10-09 18:08:13.500;25262,75;SHORT;25258,75;25262,75;8;5;-3;MODO_1;SL;-2,0;-40,0;1;5200,0
2025-10-09 18:09:21.500;25268,0;2025-10-09 18:09:33.000;25270,0;SHORT;25266,0;25270,0;9;3;-6;MODO_1;SL;-2,0;-40,0;1;5160,0
2025-10-09 18:09:46.000;25268,0;2025-10-09 18:09:56.000;25266,0;LONG;25270,0;25266,0;8;2;-6;MODO_1;SL;-2,0;-40,0;1;5120,0
2025-10-09 18:11:12.000;25263,0;2025-10-09 18:11:19.000;25265,0;LONG;25265,0;25261,0;12;0;-12;MODO_1;TP;2,0;40,0;1;5160,0
2025-10-09 18:11:31.000;25263,0;2025-10-09 18:11:37.000;25261,0;LONG;25265,0;25261,0;7;0;-7;MODO_1;SL;-2,0;-40,0;1;5120,0
2025-10-09 18:12:26.500;25263,25;2025-10-09 18:12:31.500;25265,25;LONG;25265,25;25261,25;11;0;-11;MODO_1;TP;2,0;40,0;1;5160,0
2025-10-09 18:13:26.000;25272,0;2025-10-09 18:13:27.500;25274,0;LONG;25274,0;25270,0;8;1;-7;MODO_1;TP;2,0;40,0;1;5200,0
2025-10-09 18:13:30.500;25272,75;2025-10-09 18:13:42.000;25270,75;LONG;25274,75;25270,75;8;1;-7;MODO_1;SL;-2,0;-40,0;1;5160,0
2025-10-09 18:14:37.000;25266,5;2025-10-09 18:14:45.000;25264,5;SHORT;25264,5;25268,5;5;1;-4;MODO_1;TP;2,0;40,0;1;5200,0
2025-10-09 18:17:04.500;25262,0;2025-10-09 18:17:11.500;25264,0;SHORT;25260,0;25264,0;0;5;5;MODO_1;SL;-2,0;-40,0;1;5160,0
2025-10-09 18:18:04.500;25268,25;2025-10-09 18:18:19.000;25266,25;SHORT;25266,25;25270,25;2;8;6;MODO_1;TP;2,0;40,0;1;5200,0
2025-10-09 18:18:59.500;25272,0;2025-10-09 18:19:10.000;25270,0;LONG;25274,0;25270,0;3;17;14;MODO_1;SL;-2,0;-40,0;1;5160,0
2025-10-09 18:19:14.000;25271,0;2025-10-09 18:19:33.000;25269,0;SHORT;25269,0;25273,0;3;17;14;MODO_1;TP;2,0;40,0;1;5200,0
2025-10-09 18:20:15.000;25258,0;2025-10-09 18:20:20.500;25256,0;SHORT;25256,0;25260,0;5;13;8;MODO_1;TP;2,0;40,0;1;5240,0
2025-10-09 18:20:59.000;25249,75;2025-10-09 18:21:07.500;25247,75;LONG;25251,75;25247,75;8;12;4;MODO_1;SL;-2,0;-40,0;1;5200,0
2025-10-09 18:21:46.500;25248,25;2025-10-09 18:21:47.000;25250,25;LONG;25250,25;25246,25;10;12;2;MODO_1;TP;2,0;40,0;1;5240,0
2025-10-09 18:21:59.500;25248,25;2025-10-09 18:22:05.500;25246,25;LONG;25250,25;25246,25;9;9;0;MODO_1;SL;-2,0;-40,0;1;5200,0
2025-10-09 18:22:27.000;25242,25;2025-10-09 18:22:29.000;25240,25;SHORT;25240,25;25244,25;9;9;0;MODO_1;TP;2,0;40,0;1;5240,0
2025-10-09 18:23:14.500;25241,75;2025-10-09 18:23:16.500;25243,75;LONG;25243,75;25239,75;7;15;8;MODO_1;TP;2,0;40,0;1;5280,0
2025-10-09 18:24:33.500;25253,75;2025-10-09 18:24:40.500;25251,75;SHORT;25251,75;25255,75;6;17;11;MODO_1;TP;2,0;40,0;1;5320,0
2025-10-09 18:24:56.500;25253,75;2025-10-09 18:25:01.500;25255,75;SHORT;25251,75;25255,75;4;11;7;MODO_1;SL;-2,0;-40,0;1;5280,0
2025-10-09 18:25:50.500;25258,75;2025-10-09 18:25:55.500;25256,75;LONG;25260,75;25256,75;4;14;10;MODO_1;SL;-2,0;-40,0;1;5240,0
2025-10-09 18:26:30.500;25255,75;2025-10-09 18:26:31.000;25253,75;SHORT;25253,75;25257,75;4;8;4;MODO_1;TP;2,0;40,0;1;5280,0
2025-10-09 18:27:35.500;25253,75;2025-10-09 18:27:41.500;25255,75;SHORT;25251,75;25255,75;2;4;2;MODO_1;SL;-2,0;-40,0;1;5240,0
2025-10-09 18:28:20.500;25256,5;2025-10-09 18:28:46.500;25254,5;LONG;25258,5;25254,5;3;3;0;MODO_1;SL;-2,0;-40,0;1;5200,0
2025-10-09 18:29:14.500;25256,0;2025-10-09 18:29:20.500;25254,0;LONG;25258,0;25254,0;3;12;9;MODO_1;SL;-2,0;-40,0;1;5160,0
2025-10-09 18:29:59.000;25255,0;2025-10-09 18:30:01.500;25253,0;SHORT;25253,0;25257,0;1;12;11;MODO_1;TP;2,0;40,0;1;5200,0
2025-10-09 18:30:44.000;25255,5;2025-10-09 18:30:46.000;25253,5;SHORT;25253,5;25257,5;1;12;11;MODO_1;TP;2,0;40,0;1;5240,0
2025-10-09 18:32:26.000;25252,75;2025-10-09 18:32:30.500;25250,75;LONG;25254,75;25250,75;2;0;-2;MODO_1;SL;-2,0;-40,0;1;5200,0
2025-10-09 18:34:10.500;25257,5;2025-10-09 18:34:13.000;25259,5;SHORT;25255,5;25259,5;0;3;3;MODO_1;SL;-2,0;-40,0;1;5160,0
2025-10-09 18:34:40.500;25257,5;2025-10-09 18:34:52.500;25255,5;SHORT;25255,5;25259,5;1;3;2;MODO_1;TP;2,0;40,0;1;5200,0
2025-10-09 18:36:12.000;25250,75;2025-10-09 18:36:17.500;25252,75;LONG;25252,75;25248,75;6;0;-6;MODO_1;TP;2,0;40,0;1;5240,0
2025-10-09 18:37:11.000;25259,0;2025-10-09 18:37:12.000;25261,0;LONG;25261,0;25257,0;6;0;-6;MODO_1;TP;2,0;40,0;1;5280,0
2025-10-09 18:38:58.500;25249,0;2025-10-09 18:39:09.500;25251,0;SHORT;25247,0;25251,0;0;5;5;MODO_1;SL;-2,0;-40,0;1;5240,0
2025-10-09 18:40:35.500;25239,0;2025-10-09 18:40:37.500;25237,0;LONG;25241,0;25237,0;10;10;0;MODO_1;SL;-2,0;-40,0;1;5200,0
2025-10-09 18:40:49.500;25236,25;2025-10-09 18:40:51.000;25238,25;SHORT;25234,25;25238,25;10;11;1;MODO_1;SL;-2,0;-40,0;1;5160,0
2025-10-09 18:40:51.500;25239,0;2025-10-09 18:41:01.500;25237,0;LONG;25241,0;25237,0;10;11;1;MODO_1;SL;-2,0;-40,0;1;5120,0
2025-10-09 18:41:22.000;25232,5;2025-10-09 18:41:24.000;25230,5;SHORT;25230,5;25234,5;12;11;-1;MODO_1;TP;2,0;40,0;1;5160,0
2025-10-09 18:41:52.500;25223,25;2025-10-09 18:41:59.500;25221,25;SHORT;25221,25;25225,25;12;11;-1;MODO_1;TP;2,0;40,0;1;5200,0
2025-10-09 18:42:05.500;25223,25;2025-10-09 18:42:10.000;25221,25;SHORT;25221,25;25225,25;11;11;0;MODO_1;TP;2,0;40,0;1;5240,0
2025-10-09 18:42:50.500;25225,25;2025-10-09 18:42:52.000;25227,25;LONG;25227,25;25223,25;10;11;1;MODO_1;TP;2,0;40,0;1;5280,0
2025-10-09 18:44:03.500;25240,25;2025-10-09 18:44:04.500;25238,25;SHORT;25238,25;25242,25;5;10;5;MODO_1;TP;2,0;40,0;1;5320,0
2025-10-09 18:44:13.000;25238,25;2025-10-09 18:44:23.500;25240,25;LONG;25240,25;25236,25;7;10;3;MODO_1;TP;2,0;40,0;1;5360,0
2025-10-09 18:44:54.000;25240,25;2025-10-09 18:45:07.500;25238,25;SHORT;25238,25;25242,25;6;13;7;MODO_1;TP;2,0;40,0;1;5400,0
2025-10-09 18:45:34.500;25252,75;2025-10-09 18:45:34.500;25254,75;LONG;25254,75;25250,75;5;14;9;MODO_1;TP;2,0;40,0;1;5440,0
2025-10-09 18:45:37.500;25252,25;2025-10-09 18:45:39.000;25250,25;LONG;25254,25;25250,25;3;14;11;MODO_1;SL;-2,0;-40,0;1;5400,0
2025-10-09 18:45:54.500;25253,0;2025-10-09 18:45:58.500;25251,0;SHORT;25251,0;25255,0;2;12;10;MODO_1;TP;2,0;40,0;1;5440,0
2025-10-09 18:47:00.500;25242,0;2025-10-09 18:47:10.000;25244,0;SHORT;25240,0;25244,0;4;7;3;MODO_1;SL;-2,0;-40,0;1;5400,0
2025-10-09 18:47:47.000;25251,5;2025-10-09 18:48:04.000;25249,5;LONG;25253,5;25249,5;5;6;1;MODO_1;SL;-2,0;-40,0;1;5360,0
2025-10-09 18:48:36.500;25248,0;2025-10-09 18:48:38.000;25250,0;LONG;25250,0;25246,0;10;2;-8;MODO_1;TP;2,0;40,0;1;5400,0
2025-10-09 18:49:13.500;25254,5;2025-10-09 18:49:30.000;25256,5;SHORT;25252,5;25256,5;10;2;-8;MODO_1;SL;-2,0;-40,0;1;5360,0
2025-10-09 18:49:47.500;25254,75;2025-10-09 18:50:05.000;25256,75;LONG;25256,75;25252,75;11;3;-8;MODO_1;TP;2,0;40,0;1;5400,0
2025-10-09 18:51:02.500;25254,75;2025-10-09 18:51:12.000;25252,75;SHORT;25252,75;25256,75;5;3;-2;MODO_1;TP;2,0;40,0;1;5440,0
2025-10-09 18:51:36.000;25249,5;2025-10-09 18:51:38.500;25251,5;LONG;25251,5;25247,5;8;4;-4;MODO_1;TP;2,0;40,0;1;5480,0
2025-10-09 18:52:35.500;25244,0;2025-10-09 18:52:37.500;25246,0;SHORT;25242,0;25246,0;7;4;-3;MODO_1;SL;-2,0;-40,0;1;5440,0
2025-10-09 18:53:00.000;25245,0;2025-10-09 18:53:11.500;25243,0;LONG;25247,0;25243,0;7;6;-1;MODO_1;SL;-2,0;-40,0;1;5400,0
2025-10-09 18:53:41.500;25241,5;2025-10-09 18:53:47.500;25243,5;LONG;25243,5;25239,5;8;12;4;MODO_1;TP;2,0;40,0;1;5440,0
2025-10-09 18:53:55.000;25241,5;2025-10-09 18:54:01.000;25243,5;LONG;25243,5;25239,5;8;22;14;MODO_1;TP;2,0;40,0;1;5480,0
2025-10-09 18:54:06.000;25242,75;2025-10-09 18:54:13.500;25240,75;SHORT;25240,75;25244,75;8;25;17;MODO_1;TP;2,0;40,0;1;5520,0
2025-10-09 18:54:54.000;25228,25;2025-10-09 18:55:00.000;25226,25;LONG;25230,25;25226,25;4;36;32;MODO_1;SL;-2,0;-40,0;1;5480,0
2025-10-09 18:55:01.000;25228,25;2025-10-09 18:55:03.500;25226,25;LONG;25230,25;25226,25;4;36;32;MODO_1;SL;-2,0;-40,0;1;5440,0
2025-10-09 18:55:18.000;25228,5;2025-10-09 18:55:30.000;25226,5;SHORT;25226,5;25230,5;6;37;31;MODO_1;TP;2,0;40,0;1;5480,0
2025-10-09 18:55:44.500;25227,75;2025-10-09 18:55:47.500;25225,75;SHORT;25225,75;25229,75;5;40;35;MODO_1;TP;2,0;40,0;1;5520,0
2025-10-09 18:55:59.000;25227,75;2025-10-09 18:56:00.000;25225,75;SHORT;25225,75;25229,75;5;40;35;MODO_1;TP;2,0;40,0;1;5560,0
2025-10-09 18:56:11.500;25227,75;2025-10-09 18:56:14.500;25225,75;SHORT;25225,75;25229,75;5;40;35;MODO_1;TP;2,0;40,0;1;5600,0
2025-10-09 18:56:41.000;25223,75;2025-10-09 18:56:43.000;25225,75;LONG;25225,75;25221,75;7;37;30;MODO_1;TP;2,0;40,0;1;5640,0
2025-10-09 18:56:54.000;25225,75;2025-10-09 18:57:02.500;25223,75;SHORT;25223,75;25227,75;7;34;27;MODO_1;TP;2,0;40,0;1;5680,0
2025-10-09 18:57:58.500;25211,0;2025-10-09 18:58:05.500;25209,0;LONG;25213,0;25209,0;10;18;8;MODO_1;SL;-2,0;-40,0;1;5640,0
2025-10-09 18:58:19.500;25201,0;2025-10-09 18:58:21.500;25199,0;SHORT;25199,0;25203,0;7;16;9;MODO_1;TP;2,0;40,0;1;5680,0
2025-10-09 18:58:23.500;25201,0;2025-10-09 18:58:27.000;25203,0;SHORT;25199,0;25203,0;7;12;5;MODO_1;SL;-2,0;-40,0;1;5640,0
2025-10-09 18:58:47.500;25200,75;2025-10-09 18:58:51.000;25198,75;LONG;25202,75;25198,75;17;14;-3;MODO_1;SL;-2,0;-40,0;1;5600,0
2025-10-09 18:59:04.500;25200,0;2025-10-09 18:59:05.000;25202,0;SHORT;25198,0;25202,0;17;14;-3;MODO_1;SL;-2,0;-40,0;1;5560,0
2025-10-09 18:59:57.000;25203,25;2025-10-09 19:00:00.000;25201,25;SHORT;25201,25;25205,25;14;5;-9;MODO_1;TP;2,0;40,0;1;5600,0
2025-10-09 19:00:00.000;25203,25;2025-10-09 19:00:00.500;25201,25;SHORT;25201,25;25205,25;13;5;-8;MODO_1;TP;2,0;40,0;1;5640,0
2025-10-09 19:00:05.500;25203,25;2025-10-09 19:00:06.000;25201,25;SHORT;25201,25;25205,25;13;5;-8;MODO_1;TP;2,0;40,0;1;5680,0
2025-10-09 19:00:06.000;25202,5;2025-10-09 19:00:07.000;25204,5;LONG;25204,5;25200,5;13;5;-8;MODO_1;TP;2,0;40,0;1;5720,0
2025-10-09 19:00:08.500;25202,75;2025-10-09 19:00:08.500;25204,75;LONG;25204,75;25200,75;13;5;-8;MODO_1;TP;2,0;40,0;1;5760,0
2025-10-09 19:00:14.500;25208,5;2025-10-09 19:00:15.500;25210,5;LONG;25210,5;25206,5;13;5;-8;MODO_1;TP;2,0;40,0;1;5800,0
2025-10-09 19:00:38.500;25208,75;2025-10-09 19:00:41.500;25210,75;SHORT;25206,75;25210,75;11;4;-7;MODO_1;SL;-2,0;-40,0;1;5760,0
2025-10-09 19:01:10.000;25211,0;2025-10-09 19:01:14.000;25213,0;LONG;25213,0;25209,0;11;7;-4;MODO_1;TP;2,0;40,0;1;5800,0
2025-10-09 19:02:21.000;25218,0;2025-10-09 19:02:22.500;25216,0;SHORT;25216,0;25220,0;11;5;-6;MODO_1;TP;2,0;40,0;1;5840,0
2025-10-09 19:03:01.000;25206,25;2025-10-09 19:03:01.500;25204,25;SHORT;25204,25;25208,25;11;11;0;MODO_1;TP;2,0;40,0;1;5880,0
2025-10-09 19:03:12.500;25201,0;2025-10-09 19:03:14.000;25203,0;SHORT;25199,0;25203,0;12;11;-1;MODO_1;SL;-2,0;-40,0;1;5840,0
2025-10-09 19:03:29.500;25210,75;2025-10-09 19:03:31.500;25208,75;LONG;25212,75;25208,75;12;11;-1;MODO_1;SL;-2,0;-40,0;1;5800,0
2025-10-09 19:03:33.500;25210,75;2025-10-09 19:03:37.500;25208,75;LONG;25212,75;25208,75;12;11;-1;MODO_1;SL;-2,0;-40,0;1;5760,0
2025-10-09 19:04:03.000;25201,0;2025-10-09 19:04:05.000;25203,0;SHORT;25199,0;25203,0;17;9;-8;MODO_1;SL;-2,0;-40,0;1;5720,0
2025-10-09 19:04:30.500;25204,25;2025-10-09 19:04:33.000;25202,25;LONG;25206,25;25202,25;17;15;-2;MODO_1;SL;-2,0;-40,0;1;5680,0
2025-10-09 19:05:12.000;25211,0;2025-10-09 19:05:19.000;25209,0;LONG;25213,0;25209,0;7;14;7;MODO_1;SL;-2,0;-40,0;1;5640,0
2025-10-09 19:05:41.000;25198,25;2025-10-09 19:05:41.500;25196,25;SHORT;25196,25;25200,25;9;11;2;MODO_1;TP;2,0;40,0;1;5680,0
2025-10-09 19:06:50.500;25211,0;2025-10-09 19:06:53.500;25213,0;SHORT;25209,0;25213,0;9;18;9;MODO_1;SL;-2,0;-40,0;1;5640,0
2025-10-09 19:07:27.500;25213,75;2025-10-09 19:07:29.000;25211,75;SHORT;25211,75;25215,75;9;12;3;MODO_1;TP;2,0;40,0;1;5680,0
2025-10-09 19:07:34.000;25210,75;2025-10-09 19:07:37.500;25212,75;LONG;25212,75;25208,75;9;12;3;MODO_1;TP;2,0;40,0;1;5720,0
2025-10-09 19:07:59.500;25215,0;2025-10-09 19:08:01.500;25217,0;SHORT;25213,0;25217,0;10;16;6;MODO_1;SL;-2,0;-40,0;1;5680,0
2025-10-09 19:08:20.500;25215,0;2025-10-09 19:08:29.000;25213,0;SHORT;25213,0;25217,0;13;15;2;MODO_1;TP;2,0;40,0;1;5720,0
2025-10-09 19:09:08.500;25225,75;2025-10-09 19:09:17.000;25227,75;SHORT;25223,75;25227,75;5;16;11;MODO_1;SL;-2,0;-40,0;1;5680,0
2025-10-09 19:09:42.000;25228,25;2025-10-09 19:09:45.000;25226,25;LONG;25230,25;25226,25;5;15;10;MODO_1;SL;-2,0;-40,0;1;5640,0
2025-10-09 19:10:34.500;25212,0;2025-10-09 19:10:36.500;25214,0;SHORT;25210,0;25214,0;11;24;13;MODO_1;SL;-2,0;-40,0;1;5600,0
2025-10-09 19:11:29.000;25208,0;2025-10-09 19:11:34.500;25206,0;SHORT;25206,0;25210,0;7;19;12;MODO_1;TP;2,0;40,0;1;5640,0
2025-10-09 19:11:37.500;25206,25;2025-10-09 19:11:38.000;25208,25;LONG;25208,25;25204,25;7;19;12;MODO_1;TP;2,0;40,0;1;5680,0
2025-10-09 19:11:39.500;25206,25;2025-10-09 19:11:39.500;25208,25;LONG;25208,25;25204,25;7;19;12;MODO_1;TP;2,0;40,0;1;5720,0
2025-10-09 19:11:50.000;25208,0;2025-10-09 19:11:55.000;25210,0;SHORT;25206,0;25210,0;7;19;12;MODO_1;SL;-2,0;-40,0;1;5680,0
2025-10-09 19:12:06.000;25206,25;2025-10-09 19:12:07.500;25204,25;LONG;25208,25;25204,25;7;15;8;MODO_1;SL;-2,0;-40,0;1;5640,0
2025-10-09 19:13:37.500;25204,0;2025-10-09 19:13:40.000;25206,0;SHORT;25202,0;25206,0;10;16;6;MODO_1;SL;-2,0;-40,0;1;5600,0
2025-10-09 19:14:14.500;25192,5;2025-10-09 19:14:17.000;25194,5;SHORT;25190,5;25194,5;13;18;5;MODO_1;SL;-2,0;-40,0;1;5560,0
2025-10-09 19:14:21.000;25198,0;2025-10-09 19:14:44.000;25200,0;LONG;25200,0;25196,0;13;18;5;MODO_1;TP;2,0;40,0;1;5600,0
2025-10-09 19:15:17.500;25198,0;2025-10-09 19:15:17.500;25200,0;LONG;25200,0;25196,0;13;20;7;MODO_1;TP;2,0;40,0;1;5640,0
2025-10-09 19:15:18.500;25198,25;2025-10-09 19:15:25.000;25200,25;SHORT;25196,25;25200,25;13;20;7;MODO_1;SL;-2,0;-40,0;1;5600,0
2025-10-09 19:15:44.000;25197,0;2025-10-09 19:15:46.000;25195,0;LONG;25199,0;25195,0;9;16;7;MODO_1;SL;-2,0;-40,0;1;5560,0
2025-10-09 19:16:09.500;25197,5;2025-10-09 19:16:11.000;25195,5;SHORT;25195,5;25199,5;4;11;7;MODO_1;TP;2,0;40,0;1;5600,0
2025-10-09 19:16:13.500;25197,5;2025-10-09 19:16:17.000;25195,5;SHORT;25195,5;25199,5;3;9;6;MODO_1;TP;2,0;40,0;1;5640,0
2025-10-09 19:17:24.000;25194,75;2025-10-09 19:17:25.000;25192,75;SHORT;25192,75;25196,75;6;25;19;MODO_1;TP;2,0;40,0;1;5680,0
2025-10-09 19:18:13.500;25177,75;2025-10-09 19:18:14.500;25179,75;LONG;25179,75;25175,75;6;20;14;MODO_1;TP;2,0;40,0;1;5720,0
2025-10-09 19:18:23.500;25180,75;2025-10-09 19:18:24.500;25182,75;SHORT;25178,75;25182,75;6;20;14;MODO_1;SL;-2,0;-40,0;1;5680,0
2025-10-09 19:20:04.500;25193,0;2025-10-09 19:20:07.000;25195,0;LONG;25195,0;25191,0;6;0;-6;MODO_1;TP;2,0;40,0;1;5720,0
2025-10-09 19:20:08.500;25193,0;2025-10-09 19:20:09.500;25195,0;LONG;25195,0;25191,0;6;0;-6;MODO_1;TP;2,0;40,0;1;5760,0
2025-10-09 19:21:08.000;25207,5;2025-10-09 19:21:08.500;25209,5;LONG;25209,5;25205,5;12;1;-11;MODO_1;TP;2,0;40,0;1;5800,0
2025-10-09 19:21:59.500;25192,5;2025-10-09 19:22:02.500;25194,5;LONG;25194,5;25190,5;8;2;-6;MODO_1;TP;2,0;40,0;1;5840,0
2025-10-09 19:23:06.000;25199,25;2025-10-09 19:23:06.500;25197,25;SHORT;25197,25;25201,25;9;7;-2;MODO_1;TP;2,0;40,0;1;5880,0
2025-10-09 19:24:11.500;25194,5;2025-10-09 19:24:12.500;25196,5;LONG;25196,5;25192,5;9;7;-2;MODO_1;TP;2,0;40,0;1;5920,0
2025-10-09 19:24:23.000;25196,75;2025-10-09 19:24:26.000;25194,75;SHORT;25194,75;25198,75;10;7;-3;MODO_1;TP;2,0;40,0;1;5960,0
2025-10-09 19:24:35.500;25193,5;2025-10-09 19:24:39.000;25191,5;SHORT;25191,5;25195,5;11;7;-4;MODO_1;TP;2,0;40,0;1;6000,0
2025-10-09 19:25:03.000;25194,5;2025-10-09 19:25:03.500;25196,5;LONG;25196,5;25192,5;13;6;-7;MODO_1;TP;2,0;40,0;1;6040,0
2025-10-09 19:25:18.500;25196,0;2025-10-09 19:25:19.000;25194,0;SHORT;25194,0;25198,0;19;8;-11;MODO_1;TP;2,0;40,0;1;6080,0
2025-10-09 19:25:56.000;25189,75;2025-10-09 19:26:00.000;25191,75;LONG;25191,75;25187,75;16;4;-12;MODO_1;TP;2,0;40,0;1;6120,0
2025-10-09 19:26:35.500;25180,75;2025-10-09 19:26:37.000;25182,75;LONG;25182,75;25178,75;14;4;-10;MODO_1;TP;2,0;40,0;1;6160,0
2025-10-09 19:26:37.500;25182,0;2025-10-09 19:26:44.500;25184,0;SHORT;25180,0;25184,0;14;4;-10;MODO_1;SL;-2,0;-40,0;1;6120,0
2025-10-09 19:27:37.000;25184,25;2025-10-09 19:27:37.500;25182,25;SHORT;25182,25;25186,25;22;3;-19;MODO_1;TP;2,0;40,0;1;6160,0
2025-10-09 19:27:48.500;25176,25;2025-10-09 19:27:51.500;25178,25;LONG;25178,25;25174,25;27;4;-23;MODO_1;TP;2,0;40,0;1;6200,0
2025-10-09 19:28:28.000;25176,5;2025-10-09 19:28:30.500;25178,5;LONG;25178,5;25174,5;21;9;-12;MODO_1;TP;2,0;40,0;1;6240,0
2025-10-09 19:28:49.000;25176,5;2025-10-09 19:28:52.000;25178,5;LONG;25178,5;25174,5;23;10;-13;MODO_1;TP;2,0;40,0;1;6280,0
2025-10-09 19:29:20.000;25170,5;2025-10-09 19:29:20.500;25172,5;LONG;25172,5;25168,5;21;9;-12;MODO_1;TP;2,0;40,0;1;6320,0
2025-10-09 19:30:01.500;25177,25;2025-10-09 19:30:02.000;25175,25;SHORT;25175,25;25179,25;16;9;-7;MODO_1;TP;2,0;40,0;1;6360,0
2025-10-09 19:30:17.000;25170,5;2025-10-09 19:30:17.000;25172,5;LONG;25172,5;25168,5;11;10;-1;MODO_1;TP;2,0;40,0;1;6400,0
2025-10-09 19:30:30.000;25164,25;2025-10-09 19:30:30.500;25166,25;LONG;25166,25;25162,25;13;10;-3;MODO_1;TP;2,0;40,0;1;6440,0
2025-10-09 19:31:39.500;25183,75;2025-10-09 19:31:41.500;25181,75;SHORT;25181,75;25185,75;8;6;-2;MODO_1;TP;2,0;40,0;1;6480,0
2025-10-09 19:31:54.500;25185,75;2025-10-09 19:31:55.500;25183,75;LONG;25187,75;25183,75;6;6;0;MODO_1;SL;-2,0;-40,0;1;6440,0
2025-10-09 19:32:54.500;25177,0;2025-10-09 19:32:56.000;25179,0;SHORT;25175,0;25179,0;5;6;1;MODO_1;SL;-2,0;-40,0;1;6400,0
2025-10-09 19:33:04.500;25177,0;2025-10-09 19:33:05.500;25179,0;SHORT;25175,0;25179,0;8;6;-2;MODO_1;SL;-2,0;-40,0;1;6360,0
2025-10-09 19:34:33.500;25175,25;2025-10-09 19:34:40.000;25177,25;LONG;25177,25;25173,25;10;6;-4;MODO_1;TP;2,0;40,0;1;6400,0
2025-10-09 19:35:23.000;25165,5;2025-10-09 19:35:29.000;25167,5;LONG;25167,5;25163,5;11;5;-6;MODO_1;TP;2,0;40,0;1;6440,0
2025-10-09 19:35:34.000;25165,5;2025-10-09 19:35:41.000;25163,5;LONG;25167,5;25163,5;13;5;-8;MODO_1;SL;-2,0;-40,0;1;6400,0
2025-10-09 19:35:51.500;25161,75;2025-10-09 19:35:55.000;25163,75;SHORT;25159,75;25163,75;14;6;-8;MODO_1;SL;-2,0;-40,0;1;6360,0
2025-10-09 19:35:58.000;25161,75;2025-10-09 19:36:00.000;25163,75;SHORT;25159,75;25163,75;13;6;-7;MODO_1;SL;-2,0;-40,0;1;6320,0
2025-10-09 19:36:44.500;25174,0;2025-10-09 19:36:46.000;25176,0;LONG;25176,0;25172,0;17;15;-2;MODO_1;TP;2,0;40,0;1;6360,0
2025-10-09 19:37:14.500;25181,0;2025-10-09 19:37:16.000;25183,0;LONG;25183,0;25179,0;14;18;4;MODO_1;TP;2,0;40,0;1;6400,0
2025-10-09 19:37:38.000;25192,25;2025-10-09 19:37:45.000;25194,25;SHORT;25190,25;25194,25;15;13;-2;MODO_1;SL;-2,0;-40,0;1;6360,0
2025-10-09 19:37:56.500;25192,25;2025-10-09 19:38:02.000;25194,25;SHORT;25190,25;25194,25;16;15;-1;MODO_1;SL;-2,0;-40,0;1;6320,0
2025-10-09 19:38:14.500;25190,5;2025-10-09 19:38:28.000;25192,5;LONG;25192,5;25188,5;14;15;1;MODO_1;TP;2,0;40,0;1;6360,0
2025-10-09 19:38:28.500;25192,25;2025-10-09 19:38:33.000;25194,25;SHORT;25190,25;25194,25;13;15;2;MODO_1;SL;-2,0;-40,0;1;6320,0
2025-10-09 19:39:09.000;25197,0;2025-10-09 19:39:10.500;25199,0;LONG;25199,0;25195,0;13;11;-2;MODO_1;TP;2,0;40,0;1;6360,0
2025-10-09 19:39:17.000;25200,0;2025-10-09 19:39:21.000;25198,0;SHORT;25198,0;25202,0;13;8;-5;MODO_1;TP;2,0;40,0;1;6400,0
2025-10-09 19:40:37.500;25207,5;2025-10-09 19:40:37.500;25209,5;LONG;25209,5;25205,5;4;18;14;MODO_1;TP;2,0;40,0;1;6440,0
2025-10-09 19:40:51.000;25210,75;2025-10-09 19:41:03.000;25208,75;SHORT;25208,75;25212,75;6;16;10;MODO_1;TP;2,0;40,0;1;6480,0
2025-10-09 19:41:10.000;25211,0;2025-10-09 19:41:19.500;25209,0;SHORT;25209,0;25213,0;6;16;10;MODO_1;TP;2,0;40,0;1;6520,0
2025-10-09 19:42:13.000;25200,0;2025-10-09 19:42:15.500;25198,0;LONG;25202,0;25198,0;6;16;10;MODO_1;SL;-2,0;-40,0;1;6480,0
2025-10-09 19:42:51.500;25197,5;2025-10-09 19:42:53.000;25199,5;LONG;25199,5;25195,5;7;4;-3;MODO_1;TP;2,0;40,0;1;6520,0
2025-10-09 19:44:24.500;25193,25;2025-10-09 19:44:37.000;25195,25;SHORT;25191,25;25195,25;4;10;6;MODO_1;SL;-2,0;-40,0;1;6480,0
2025-10-09 19:45:14.000;25198,0;2025-10-09 19:45:15.500;25200,0;LONG;25200,0;25196,0;4;10;6;MODO_1;TP;2,0;40,0;1;6520,0
2025-10-09 19:48:05.500;25203,5;2025-10-09 19:48:08.500;25201,5;SHORT;25201,5;25205,5;0;5;5;MODO_1;TP;2,0;40,0;1;6560,0
2025-10-09 19:49:19.500;25210,25;2025-10-09 19:50:17.500;25212,25;SHORT;25208,25;25212,25;6;8;2;MODO_1;SL;-2,0;-40,0;1;6520,0
2025-10-09 19:51:07.000;25215,75;2025-10-09 19:51:09.500;25217,75;LONG;25217,75;25213,75;15;4;-11;MODO_1;TP;2,0;40,0;1;6560,0
2025-10-09 19:51:21.500;25215,75;2025-10-09 19:51:31.000;25213,75;LONG;25217,75;25213,75;15;2;-13;MODO_1;SL;-2,0;-40,0;1;6520,0
2025-10-09 19:52:08.500;25204,25;2025-10-09 19:52:09.000;25202,25;SHORT;25202,25;25206,25;11;3;-8;MODO_1;TP;2,0;40,0;1;6560,0
2025-10-09 19:52:31.000;25199,5;2025-10-09 19:52:31.500;25201,5;LONG;25201,5;25197,5;7;3;-4;MODO_1;TP;2,0;40,0;1;6600,0
2025-10-09 19:52:52.500;25201,25;2025-10-09 19:52:54.500;25199,25;SHORT;25199,25;25203,25;3;3;0;MODO_1;TP;2,0;40,0;1;6640,0
2025-10-09 19:52:54.500;25199,5;2025-10-09 19:52:56.000;25201,5;LONG;25201,5;25197,5;3;3;0;MODO_1;TP;2,0;40,0;1;6680,0
2025-10-09 19:55:18.500;25205,75;2025-10-09 19:55:18.500;25207,75;LONG;25207,75;25203,75;1;5;4;MODO_1;TP;2,0;40,0;1;6720,0
2025-10-09 19:56:04.000;25203,75;2025-10-09 19:56:35.000;25205,75;SHORT;25201,75;25205,75;1;10;9;MODO_1;SL;-2,0;-40,0;1;6680,0
2025-10-09 19:57:08.500;25210,75;2025-10-09 19:57:11.000;25208,75;SHORT;25208,75;25212,75;2;10;8;MODO_1;TP;2,0;40,0;1;6720,0
2025-10-09 19:57:58.000;25207,5;2025-10-09 19:58:01.000;25209,5;LONG;25209,5;25205,5;3;6;3;MODO_1;TP;2,0;40,0;1;6760,0
2025-10-09 19:59:00.000;25206,5;2025-10-09 19:59:01.500;25208,5;LONG;25208,5;25204,5;4;4;0;MODO_1;TP;2,0;40,0;1;6800,0
2025-10-09 19:59:18.500;25213,75;2025-10-09 19:59:23.000;25215,75;SHORT;25211,75;25215,75;4;4;0;MODO_1;SL;-2,0;-40,0;1;6760,0
2025-10-09 19:59:39.500;25214,25;2025-10-09 19:59:49.000;25216,25;LONG;25216,25;25212,25;3;4;1;MODO_1;TP;2,0;40,0;1;6800,0
2025-10-09 20:00:39.500;25217,0;2025-10-09 20:00:43.500;25215,0;LONG;25219,0;25215,0;5;5;0;MODO_1;SL;-2,0;-40,0;1;6760,0
2025-10-09 20:01:13.000;25215,5;2025-10-09 20:01:13.500;25213,5;SHORT;25213,5;25217,5;5;2;-3;MODO_1;TP;2,0;40,0;1;6800,0
2025-10-09 20:01:37.500;25204,0;2025-10-09 20:01:47.500;25202,0;LONG;25206,0;25202,0;5;2;-3;MODO_1;SL;-2,0;-40,0;1;6760,0
2025-10-09 20:02:29.500;25204,0;2025-10-09 20:02:33.500;25206,0;LONG;25206,0;25202,0;6;2;-4;MODO_1;TP;2,0;40,0;1;6800,0
2025-10-09 20:02:38.000;25204,25;2025-10-09 20:02:42.500;25206,25;SHORT;25202,25;25206,25;6;7;1;MODO_1;SL;-2,0;-40,0;1;6760,0
2025-10-09 20:03:38.000;25207,25;2025-10-09 20:03:48.000;25205,25;LONG;25209,25;25205,25;3;10;7;MODO_1;SL;-2,0;-40,0;1;6720,0
2025-10-09 20:03:58.500;25201,0;2025-10-09 20:04:01.000;25199,0;LONG;25203,0;25199,0;3;10;7;MODO_1;SL;-2,0;-40,0;1;6680,0
2025-10-09 20:04:11.000;25202,25;2025-10-09 20:04:14.500;25200,25;SHORT;25200,25;25204,25;2;9;7;MODO_1;TP;2,0;40,0;1;6720,0
2025-10-09 20:04:57.500;25197,0;2025-10-09 20:05:04.000;25199,0;SHORT;25195,0;25199,0;2;18;16;MODO_1;SL;-2,0;-40,0;1;6680,0
2025-10-09 20:06:10.500;25197,0;2025-10-09 20:06:16.000;25195,0;SHORT;25195,0;25199,0;8;13;5;MODO_1;TP;2,0;40,0;1;6720,0
2025-10-09 20:06:32.500;25197,0;2025-10-09 20:06:34.500;25195,0;SHORT;25195,0;25199,0;8;11;3;MODO_1;TP;2,0;40,0;1;6760,0
2025-10-09 20:06:55.500;25186,75;2025-10-09 20:06:59.000;25188,75;LONG;25188,75;25184,75;8;11;3;MODO_1;TP;2,0;40,0;1;6800,0
2025-10-09 20:07:13.500;25188,25;2025-10-09 20:07:26.000;25190,25;SHORT;25186,25;25190,25;8;11;3;MODO_1;SL;-2,0;-40,0;1;6760,0
2025-10-09 20:07:39.500;25186,75;2025-10-09 20:07:40.000;25188,75;LONG;25188,75;25184,75;8;4;-4;MODO_1;TP;2,0;40,0;1;6800,0
2025-10-09 20:10:17.500;25203,0;2025-10-09 20:10:20.500;25201,0;LONG;25205,0;25201,0;9;5;-4;MODO_1;SL;-2,0;-40,0;1;6760,0
2025-10-09 20:10:23.000;25201,75;2025-10-09 20:10:30.000;25199,75;SHORT;25199,75;25203,75;9;5;-4;MODO_1;TP;2,0;40,0;1;6800,0
2025-10-09 20:10:52.500;25201,75;2025-10-09 20:10:52.500;25203,75;SHORT;25199,75;25203,75;13;12;-1;MODO_1;SL;-2,0;-40,0;1;6760,0
2025-10-09 20:11:01.500;25203,0;2025-10-09 20:11:03.000;25205,0;LONG;25205,0;25201,0;13;12;-1;MODO_1;TP;2,0;40,0;1;6800,0
2025-10-09 20:11:56.500;25208,0;2025-10-09 20:12:01.000;25210,0;SHORT;25206,0;25210,0;10;17;7;MODO_1;SL;-2,0;-40,0;1;6760,0
2025-10-09 20:12:08.500;25209,0;2025-10-09 20:12:10.500;25211,0;LONG;25211,0;25207,0;10;17;7;MODO_1;TP;2,0;40,0;1;6800,0
2025-10-09 20:12:35.500;25208,0;2025-10-09 20:12:45.000;25210,0;SHORT;25206,0;25210,0;7;16;9;MODO_1;SL;-2,0;-40,0;1;6760,0
2025-10-09 20:13:13.500;25208,5;2025-10-09 20:13:18.000;25210,5;SHORT;25206,5;25210,5;7;17;10;MODO_1;SL;-2,0;-40,0;1;6720,0
2025-10-09 20:14:09.500;25205,0;2025-10-09 20:14:19.000;25207,0;SHORT;25203,0;25207,0;0;8;8;MODO_1;SL;-2,0;-40,0;1;6680,0
2025-10-09 20:15:02.000;25205,75;2025-10-09 20:15:09.000;25207,75;SHORT;25203,75;25207,75;3;2;-1;MODO_1;SL;-2,0;-40,0;1;6640,0
2025-10-09 20:15:40.000;25207,5;2025-10-09 20:15:41.000;25209,5;LONG;25209,5;25205,5;7;2;-5;MODO_1;TP;2,0;40,0;1;6680,0
2025-10-09 20:16:28.000;25216,75;2025-10-09 20:16:30.000;25218,75;LONG;25218,75;25214,75;7;2;-5;MODO_1;TP;2,0;40,0;1;6720,0
2025-10-09 20:16:46.500;25218,0;2025-10-09 20:16:49.000;25220,0;LONG;25220,0;25216,0;7;1;-6;MODO_1;TP;2,0;40,0;1;6760,0
2025-10-09 20:16:49.500;25223,5;2025-10-09 20:16:49.500;25225,5;SHORT;25221,5;25225,5;7;1;-6;MODO_1;SL;-2,0;-40,0;1;6720,0
2025-10-09 20:20:01.500;25221,5;2025-10-09 20:20:11.000;25223,5;LONG;25223,5;25219,5;4;1;-3;MODO_1;TP;2,0;40,0;1;6760,0
2025-10-09 20:20:24.500;25221,75;2025-10-09 20:20:30.000;25223,75;SHORT;25219,75;25223,75;4;1;-3;MODO_1;SL;-2,0;-40,0;1;6720,0
2025-10-09 20:22:25.500;25222,0;2025-10-09 20:22:30.500;25224,0;LONG;25224,0;25220,0;3;0;-3;MODO_1;TP;2,0;40,0;1;6760,0
2025-10-09 20:22:50.000;25222,0;2025-10-09 20:22:56.500;25224,0;LONG;25224,0;25220,0;3;2;-1;MODO_1;TP;2,0;40,0;1;6800,0
2025-10-09 20:24:28.000;25224,0;2025-10-09 20:25:03.000;25226,0;SHORT;25222,0;25226,0;0;15;15;MODO_1;SL;-2,0;-40,0;1;6760,0
2025-10-09 20:25:24.500;25228,25;2025-10-09 20:25:27.000;25226,25;SHORT;25226,25;25230,25;0;15;15;MODO_1;TP;2,0;40,0;1;6800,0
2025-10-09 20:25:35.500;25228,25;2025-10-09 20:25:54.500;25230,25;SHORT;25226,25;25230,25;0;13;13;MODO_1;SL;-2,0;-40,0;1;6760,0
2025-10-09 20:27:12.500;25233,5;2025-10-09 20:27:15.500;25231,5;LONG;25235,5;25231,5;2;0;-2;MODO_1;SL;-2,0;-40,0;1;6720,0
2025-10-09 20:29:16.500;25214,75;2025-10-09 20:29:22.500;25212,75;LONG;25216,75;25212,75;4;1;-3;MODO_1;SL;-2,0;-40,0;1;6680,0
2025-10-09 20:29:26.000;25215,0;2025-10-09 20:29:45.000;25217,0;SHORT;25213,0;25217,0;4;1;-3;MODO_1;SL;-2,0;-40,0;1;6640,0
2025-10-09 20:30:16.500;25213,25;2025-10-09 20:30:27.500;25215,25;LONG;25215,25;25211,25;4;1;-3;MODO_1;TP;2,0;40,0;1;6680,0
2025-10-09 20:31:49.500;25216,25;2025-10-09 20:32:11.500;25214,25;SHORT;25214,25;25218,25;8;6;-2;MODO_1;TP;2,0;40,0;1;6720,0
2025-10-09 20:32:17.500;25216,0;2025-10-09 20:32:19.500;25218,0;LONG;25218,0;25214,0;6;10;4;MODO_1;TP;2,0;40,0;1;6760,0
2025-10-09 20:33:27.500;25211,0;2025-10-09 20:33:43.000;25209,0;SHORT;25209,0;25213,0;5;8;3;MODO_1;TP;2,0;40,0;1;6800,0
2025-10-09 20:35:00.000;25212,5;2025-10-09 20:35:01.500;25214,5;LONG;25214,5;25210,5;1;9;8;MODO_1;TP;2,0;40,0;1;6840,0
2025-10-09 20:35:18.500;25210,0;2025-10-09 20:35:49.000;25212,0;SHORT;25208,0;25212,0;1;8;7;MODO_1;SL;-2,0;-40,0;1;6800,0
2025-10-09 20:36:30.500;25210,75;2025-10-09 20:36:42.500;25212,75;SHORT;25208,75;25212,75;0;8;8;MODO_1;SL;-2,0;-40,0;1;6760,0
2025-10-09 20:40:12.000;25213,25;2025-10-09 20:40:13.500;25215,25;SHORT;25211,25;25215,25;8;2;-6;MODO_1;SL;-2,0;-40,0;1;6720,0
2025-10-09 20:41:02.500;25220,75;2025-10-09 20:41:20.500;25222,75;LONG;25222,75;25218,75;8;3;-5;MODO_1;TP;2,0;40,0;1;6760,0
2025-10-09 20:42:23.000;25214,25;2025-10-09 20:42:32.000;25216,25;SHORT;25212,25;25216,25;5;3;-2;MODO_1;SL;-2,0;-40,0;1;6720,0
2025-10-09 20:43:13.000;25216,5;2025-10-09 20:43:37.500;25218,5;SHORT;25214,5;25218,5;0;3;3;MODO_1;SL;-2,0;-40,0;1;6680,0
2025-10-09 20:47:01.000;25219,0;2025-10-09 20:47:10.500;25217,0;SHORT;25217,0;25221,0;0;2;2;MODO_1;TP;2,0;40,0;1;6720,0
2025-10-09 20:47:43.500;25225,25;2025-10-09 20:48:24.500;25227,25;SHORT;25223,25;25227,25;0;2;2;MODO_1;SL;-2,0;-40,0;1;6680,0
2025-10-09 20:49:41.500;25221,5;2025-10-09 20:50:03.000;25219,5;LONG;25223,5;25219,5;1;6;5;MODO_1;SL;-2,0;-40,0;1;6640,0
2025-10-09 20:51:03.500;25227,75;2025-10-09 20:51:05.000;25225,75;SHORT;25225,75;25229,75;3;8;5;MODO_1;TP;2,0;40,0;1;6680,0
2025-10-09 20:52:26.500;25212,75;2025-10-09 20:52:33.500;25214,75;LONG;25214,75;25210,75;2;6;4;MODO_1;TP;2,0;40,0;1;6720,0
2025-10-09 20:52:56.500;25213,5;2025-10-09 20:53:04.500;25215,5;SHORT;25211,5;25215,5;2;3;1;MODO_1;SL;-2,0;-40,0;1;6680,0
2025-10-09 20:56:36.500;25236,75;2025-10-09 20:56:48.500;25238,75;SHORT;25234,75;25238,75;5;10;5;MODO_1;SL;-2,0;-40,0;1;6640,0
2025-10-09 20:57:20.500;25240,75;2025-10-09 20:57:24.500;25238,75;LONG;25242,75;25238,75;5;16;11;MODO_1;SL;-2,0;-40,0;1;6600,0
2025-10-09 20:57:26.500;25239,75;2025-10-09 20:57:32.000;25237,75;SHORT;25237,75;25241,75;6;16;10;MODO_1;TP;2,0;40,0;1;6640,0
2025-10-09 20:58:00.000;25240,75;2025-10-09 20:58:00.500;25242,75;LONG;25242,75;25238,75;6;16;10;MODO_1;TP;2,0;40,0;1;6680,0
2025-10-09 20:58:21.500;25239,75;2025-10-09 20:58:25.000;25237,75;SHORT;25237,75;25241,75;6;9;3;MODO_1;TP;2,0;40,0;1;6720,0
2025-10-09 20:58:54.500;25240,0;2025-10-09 20:59:00.500;25238,0;LONG;25242,0;25238,0;3;9;6;MODO_1;SL;-2,0;-40,0;1;6680,0
2025-10-09 21:00:16.500;25238,0;2025-10-09 21:00:17.000;25240,0;LONG;25240,0;25236,0;2;0;-2;MODO_1;TP;2,0;40,0;1;6720,0
2025-10-09 21:02:32.000;25241,25;2025-10-09 21:02:37.000;25239,25;LONG;25243,25;25239,25;5;0;-5;MODO_1;SL;-2,0;-40,0;1;6680,0
2025-10-09 21:04:06.500;25244,0;2025-10-09 21:04:10.500;25246,0;SHORT;25242,0;25246,0;9;1;-8;MODO_1;SL;-2,0;-40,0;1;6640,0
2025-10-09 21:04:14.500;25245,0;2025-10-09 21:04:22.500;25243,0;LONG;25247,0;25243,0;9;1;-8;MODO_1;SL;-2,0;-40,0;1;6600,0
2025-10-09 21:05:30.500;25242,25;2025-10-09 21:05:50.000;25244,25;LONG;25244,25;25240,25;5;1;-4;MODO_1;TP;2,0;40,0;1;6640,0
2025-10-09 21:09:21.500;25248,0;2025-10-09 21:09:26.000;25250,0;SHORT;25246,0;25250,0;0;4;4;MODO_1;SL;-2,0;-40,0;1;6600,0
2025-10-09 21:11:27.000;25249,75;2025-10-09 21:11:54.000;25251,75;LONG;25251,75;25247,75;5;2;-3;MODO_1;TP;2,0;40,0;1;6640,0
2025-10-09 21:12:24.500;25258,75;2025-10-09 21:12:30.000;25256,75;LONG;25260,75;25256,75;5;4;-1;MODO_1;SL;-2,0;-40,0;1;6600,0
2025-10-09 21:12:34.500;25258,75;2025-10-09 21:12:39.500;25256,75;LONG;25260,75;25256,75;5;5;0;MODO_1;SL;-2,0;-40,0;1;6560,0
2025-10-09 21:13:47.500;25247,0;2025-10-09 21:13:58.000;25249,0;SHORT;25245,0;25249,0;2;3;1;MODO_1;SL;-2,0;-40,0;1;6520,0
2025-10-09 21:15:44.500;25240,5;2025-10-09 21:15:47.000;25242,5;LONG;25242,5;25238,5;1;6;5;MODO_1;TP;2,0;40,0;1;6560,0
2025-10-09 21:15:59.500;25244,5;2025-10-09 21:16:00.000;25242,5;SHORT;25242,5;25246,5;1;6;5;MODO_1;TP;2,0;40,0;1;6600,0
2025-10-09 21:16:00.000;25244,5;2025-10-09 21:16:00.500;25242,5;SHORT;25242,5;25246,5;1;6;5;MODO_1;TP;2,0;40,0;1;6640,0
2025-10-09 21:16:34.500;25244,5;2025-10-09 21:16:34.500;25246,5;SHORT;25242,5;25246,5;2;7;5;MODO_1;SL;-2,0;-40,0;1;6600,0
2025-10-09 21:17:00.500;25247,5;2025-10-09 21:17:04.000;25249,5;SHORT;25245,5;25249,5;2;7;5;MODO_1;SL;-2,0;-40,0;1;6560,0
2025-10-09 21:17:31.500;25250,75;2025-10-09 21:17:48.000;25248,75;SHORT;25248,75;25252,75;2;6;4;MODO_1;TP;2,0;40,0;1;6600,0
2025-10-09 21:17:49.500;25247,25;2025-10-09 21:17:51.500;25249,25;LONG;25249,25;25245,25;2;8;6;MODO_1;TP;2,0;40,0;1;6640,0
2025-10-09 21:18:49.000;25256,75;2025-10-09 21:18:50.500;25258,75;LONG;25258,75;25254,75;2;4;2;MODO_1;TP;2,0;40,0;1;6680,0
2025-10-09 21:18:59.500;25258,5;2025-10-09 21:19:11.000;25260,5;SHORT;25256,5;25260,5;2;4;2;MODO_1;SL;-2,0;-40,0;1;6640,0
2025-10-09 21:21:08.500;25265,0;2025-10-09 21:21:18.500;25263,0;LONG;25267,0;25263,0;3;1;-2;MODO_1;SL;-2,0;-40,0;1;6600,0
2025-10-09 21:21:21.500;25265,0;2025-10-09 21:21:41.000;25263,0;LONG;25267,0;25263,0;3;1;-2;MODO_1;SL;-2,0;-40,0;1;6560,0
2025-10-09 21:23:01.000;25262,0;2025-10-09 21:23:16.000;25264,0;SHORT;25260,0;25264,0;2;10;8;MODO_1;SL;-2,0;-40,0;1;6520,0
2025-10-09 21:23:36.500;25265,0;2025-10-09 21:23:41.000;25263,0;SHORT;25263,0;25267,0;2;10;8;MODO_1;TP;2,0;40,0;1;6560,0
2025-10-09 21:27:05.000;25262,0;2025-10-09 21:27:07.000;25264,0;LONG;25264,0;25260,0;4;0;-4;MODO_1;TP;2,0;40,0;1;6600,0
2025-10-09 21:28:14.000;25269,5;2025-10-09 21:28:17.500;25267,5;LONG;25271,5;25267,5;4;0;-4;MODO_1;SL;-2,0;-40,0;1;6560,0
2025-10-09 21:30:30.500;25268,0;2025-10-09 21:30:41.500;25266,0;SHORT;25266,0;25270,0;1;1;0;MODO_1;TP;2,0;40,0;1;6600,0
2025-10-09 21:34:41.000;25268,0;2025-10-09 21:35:11.500;25270,0;SHORT;25266,0;25270,0;2;7;5;MODO_1;SL;-2,0;-40,0;1;6560,0
2025-10-09 21:35:19.500;25267,25;2025-10-09 21:35:43.000;25265,25;SHORT;25265,25;25269,25;2;9;7;MODO_1;TP;2,0;40,0;1;6600,0
2025-10-09 21:36:57.500;25269,5;2025-10-09 21:37:21.500;25271,5;SHORT;25267,5;25271,5;3;8;5;MODO_1;SL;-2,0;-40,0;1;6560,0
2025-10-09 21:37:58.000;25270,5;2025-10-09 21:38:01.000;25272,5;LONG;25272,5;25268,5;3;9;6;MODO_1;TP;2,0;40,0;1;6600,0
2025-10-09 21:38:06.000;25273,0;2025-10-09 21:38:11.500;25275,0;LONG;25275,0;25271,0;3;10;7;MODO_1;TP;2,0;40,0;1;6640,0
2025-10-09 21:38:16.500;25275,0;2025-10-09 21:38:20.500;25277,0;SHORT;25273,0;25277,0;3;8;5;MODO_1;SL;-2,0;-40,0;1;6600,0
2025-10-09 21:39:33.500;25277,75;2025-10-09 21:39:52.000;25275,75;SHORT;25275,75;25279,75;2;4;2;MODO_1;TP;2,0;40,0;1;6640,0
2025-10-09 21:44:25.000;25274,75;2025-10-09 21:45:01.000;25276,75;SHORT;25272,75;25276,75;2;17;15;MODO_1;SL;-2,0;-40,0;1;6600,0
2025-10-09 21:45:54.000;25273,5;2025-10-09 21:45:59.500;25271,5;SHORT;25271,5;25275,5;1;16;15;MODO_1;TP;2,0;40,0;1;6640,0
2025-10-09 21:46:59.500;25275,0;2025-10-09 21:47:51.500;25277,0;SHORT;25273,0;25277,0;0;6;6;MODO_1;SL;-2,0;-40,0;1;6600,0
2025-10-09 21:48:45.000;25276,25;2025-10-09 21:48:50.500;25274,25;LONG;25278,25;25274,25;7;1;-6;MODO_1;SL;-2,0;-40,0;1;6560,0
2025-10-09 21:50:00.000;25274,25;2025-10-09 21:50:00.000;25276,25;LONG;25276,25;25272,25;8;1;-7;MODO_1;TP;2,0;40,0;1;6600,0
2025-10-09 21:50:05.500;25283,75;2025-10-09 21:50:07.500;25281,75;LONG;25285,75;25281,75;8;1;-7;MODO_1;SL;-2,0;-40,0;1;6560,0
2025-10-09 21:50:25.000;25281,0;2025-10-09 21:50:30.500;25283,0;LONG;25283,0;25279,0;6;1;-5;MODO_1;TP;2,0;40,0;1;6600,0
2025-10-09 21:50:31.000;25282,0;2025-10-09 21:50:33.500;25280,0;SHORT;25280,0;25284,0;7;1;-6;MODO_1;TP;2,0;40,0;1;6640,0
2025-10-09 21:52:16.500;25284,0;2025-10-09 21:52:18.500;25286,0;SHORT;25282,0;25286,0;8;2;-6;MODO_1;SL;-2,0;-40,0;1;6600,0
2025-10-09 21:52:31.000;25283,75;2025-10-09 21:52:32.000;25285,75;LONG;25285,75;25281,75;8;2;-6;MODO_1;TP;2,0;40,0;1;6640,0
2025-10-09 21:52:42.000;25286,0;2025-10-09 21:52:50.000;25284,0;LONG;25288,0;25284,0;8;2;-6;MODO_1;SL;-2,0;-40,0;1;6600,0
2025-10-09 21:54:50.000;25283,75;2025-10-09 21:54:50.000;25285,75;LONG;25285,75;25281,75;1;1;0;MODO_1;TP;2,0;40,0;1;6640,0
2025-10-09 21:55:32.000;25285,25;2025-10-09 21:55:40.500;25283,25;SHORT;25283,25;25287,25;1;1;0;MODO_1;TP;2,0;40,0;1;6680,0
2025-10-09 21:57:45.000;25275,25;2025-10-09 21:57:50.500;25273,25;LONG;25277,25;25273,25;6;0;-6;MODO_1;SL;-2,0;-40,0;1;6640,0
2025-10-09 21:57:57.000;25272,0;2025-10-09 21:58:00.000;25274,0;LONG;25274,0;25270,0;6;0;-6;MODO_1;TP;2,0;40,0;1;6680,0
2025-10-09 21:58:33.000;25272,0;2025-10-09 21:58:35.000;25274,0;LONG;25274,0;25270,0;17;7;-10;MODO_1;TP;2,0;40,0;1;6720,0
2025-10-09 21:59:05.500;25275,25;2025-10-09 21:59:10.000;25277,25;LONG;25277,25;25273,25;41;32;-9;MODO_1;TP;2,0;40,0;1;6760,0
2025-10-09 22:00:04.500;25294,0;2025-10-09 22:00:04.500;25294,25;LONG;25296,0;25292,0;36;32;-4;MODO_1;EOD;0,25;5,0;1;6765,0
2025-10-09 22:00:17.500;25294,75;2025-10-09 22:00:18.000;25293,25;SHORT;25292,75;25296,75;36;32;-4;MODO_1;EOD;1,5;30,0;1;6795,0
2025-10-09 22:00:18.500;25294,0;2025-10-09 22:00:18.500;25294,25;LONG;25296,0;25292,0;36;32;-4;MODO_1;EOD;0,25;5,0;1;6800,0
2025-10-09 22:00:19.500;25294,75;2025-10-09 22:00:19.500;25295,0;SHORT;25292,75;25296,75;36;32;-4;MODO_1;EOD;-0,25;-5,0;1;6795,0
2025-10-09 22:00:34.500;25294,75;2025-10-09 22:00:34.500;25295,0;SHORT;25292,75;25296,75;36;32;-4;MODO_1;EOD;-0,25;-5,0;1;6790,0
2025-10-09 22:00:35.500;25293,5;2025-10-09 22:00:35.500;25293,75;LONG;25295,5;25291,5;36;32;-4;MODO_1;EOD;0,25;5,0;1;6795,0
2025-10-09 22:00:35.500;25294,0;2025-10-09 22:00:36.000;25293,5;LONG;25296,0;25292,0;36;32;-4;MODO_1;EOD;-0,5;-10,0;1;6785,0
2025-10-09 22:03:07.500;25295,5;2025-10-09 22:03:07.500;25295,75;LONG;25297,5;25293,5;1;0;-1;MODO_1;EOD;0,25;5,0;1;6790,0
2025-10-09 22:05:20.000;25295,0;2025-10-09 22:05:20.000;25294,75;SHORT;25293,0;25297,0;0;3;3;MODO_1;EOD;0,25;5,0;1;6795,0
2025-10-09 22:14:46.500;25285,0;2025-10-09 22:14:46.500;25285,25;SHORT;25283,0;25287,0;4;6;2;MODO_1;EOD;-0,25;-5,0;1;6790,0
2025-10-09 22:14:48.000;25285,0;2025-10-09 22:14:48.500;25284,75;SHORT;25283,0;25287,0;4;6;2;MODO_1;EOD;0,25;5,0;1;6795,0
2025-10-09 22:14:55.000;25284,75;2025-10-09 22:14:55.000;25285,0;LONG;25286,75;25282,75;4;7;3;MODO_1;EOD;0,25;5,0;1;6800,0
2025-10-09 22:15:03.000;25285,0;2025-10-09 22:15:04.000;25284,5;SHORT;25283,0;25287,0;4;7;3;MODO_1;EOD;0,5;10,0;1;6810,0
2025-10-09 22:16:25.000;25280,25;2025-10-09 22:16:25.500;25280,5;SHORT;25278,25;25282,25;1;3;2;MODO_1;EOD;-0,25;-5,0;1;6805,0
2025-10-09 22:21:46.000;25281,0;2025-10-09 22:21:47.000;25281,0;SHORT;25279,0;25283,0;1;7;6;MODO_1;EOD;0,0;0,0;1;6805,0
2025-10-09 22:21:52.500;25281,0;2025-10-09 22:21:54.500;25280,0;SHORT;25279,0;25283,0;1;7;6;MODO_1;EOD;1,0;20,0;1;6825,0
2025-10-09 22:22:09.000;25281,75;2025-10-09 22:22:09.000;25282,0;LONG;25283,75;25279,75;1;7;6;MODO_1;EOD;0,25;5,0;1;6830,0
2025-10-09 22:54:00.000;25278,25;2025-10-09 22:54:00.500;25277,75;SHORT;25276,25;25280,25;0;1;1;MODO_1;EOD;0,5;10,0;1;6840,0
2025-10-10 00:00:38.000;25294,0;2025-10-10 00:00:38.500;25292,0;SHORT;25292,0;25296,0;3;5;2;MODO_1;TP;2,0;40,0;1;6880,0
2025-10-10 00:01:13.500;25300,0;2025-10-10 00:01:16.500;25302,0;LONG;25302,0;25298,0;3;5;2;MODO_1;TP;2,0;40,0;1;6920,0
2025-10-10 00:01:31.000;25303,0;2025-10-10 00:01:43.500;25301,0;SHORT;25301,0;25305,0;3;5;2;MODO_1;TP;2,0;40,0;1;6960,0
2025-10-10 00:01:44.500;25300,0;2025-10-10 00:01:47.500;25302,0;LONG;25302,0;25298,0;4;5;1;MODO_1;TP;2,0;40,0;1;7000,0
2025-10-10 00:03:04.500;25298,75;2025-10-10 00:03:12.500;25300,75;LONG;25300,75;25296,75;3;0;-3;MODO_1;TP;2,0;40,0;1;7040,0
2025-10-10 00:04:56.500;25307,0;2025-10-10 00:04:59.500;25305,0;SHORT;25305,0;25309,0;0;4;4;MODO_1;TP;2,0;40,0;1;7080,0
2025-10-10 00:16:32.500;25302,0;2025-10-10 00:16:52.500;25300,0;LONG;25304,0;25300,0;1;0;-1;MODO_1;SL;-2,0;-40,0;1;7040,0
2025-10-10 01:02:27.000;25318,25;2025-10-10 01:02:34.000;25316,25;SHORT;25316,25;25320,25;1;1;0;MODO_1;TP;2,0;40,0;1;7080,0
2025-10-10 01:03:10.000;25315,5;2025-10-10 01:03:11.000;25317,5;LONG;25317,5;25313,5;1;1;0;MODO_1;TP;2,0;40,0;1;7120,0
2025-10-10 01:49:17.500;25330,0;2025-10-10 01:49:20.000;25332,0;SHORT;25328,0;25332,0;3;4;1;MODO_1;SL;-2,0;-40,0;1;7080,0
2025-10-10 01:49:30.500;25332,25;2025-10-10 01:49:43.000;25330,25;LONG;25334,25;25330,25;3;4;1;MODO_1;SL;-2,0;-40,0;1;7040,0
2025-10-10 02:01:13.500;25332,0;2025-10-10 02:01:35.000;25334,0;SHORT;25330,0;25334,0;5;3;-2;MODO_1;SL;-2,0;-40,0;1;7000,0
2025-10-10 02:01:35.500;25335,0;2025-10-10 02:01:40.000;25337,0;LONG;25337,0;25333,0;5;4;-1;MODO_1;TP;2,0;40,0;1;7040,0
2025-10-10 02:01:47.000;25340,0;2025-10-10 02:01:49.500;25342,0;SHORT;25338,0;25342,0;5;4;-1;MODO_1;SL;-2,0;-40,0;1;7000,0
2025-10-10 02:02:09.500;25342,25;2025-10-10 02:02:17.000;25344,25;LONG;25344,25;25340,25;5;4;-1;MODO_1;TP;2,0;40,0;1;7040,0
2025-10-10 02:02:56.000;25341,5;2025-10-10 02:03:20.500;25343,5;SHORT;25339,5;25343,5;3;2;-1;MODO_1;SL;-2,0;-40,0;1;7000,0
2025-10-10 02:08:47.500;25330,0;2025-10-10 02:09:00.000;25332,0;SHORT;25328,0;25332,0;0;1;1;MODO_1;SL;-2,0;-40,0;1;6960,0
2025-10-10 05:03:17.500;25333,75;2025-10-10 05:03:19.000;25331,75;SHORT;25331,75;25335,75;5;1;-4;MODO_1;TP;2,0;40,0;1;7000,0
2025-10-10 05:03:30.500;25329,25;2025-10-10 05:03:42.500;25327,25;LONG;25331,25;25327,25;5;1;-4;MODO_1;SL;-2,0;-40,0;1;6960,0
2025-10-10 05:04:16.500;25329,25;2025-10-10 05:04:35.500;25327,25;LONG;25331,25;25327,25;5;1;-4;MODO_1;SL;-2,0;-40,0;1;6920,0
2025-10-10 05:06:36.000;25333,25;2025-10-10 05:06:43.500;25331,25;SHORT;25331,25;25335,25;0;2;2;MODO_1;TP;2,0;40,0;1;6960,0
2025-10-10 05:09:08.500;25329,75;2025-10-10 05:09:16.500;25327,75;SHORT;25327,75;25331,75;0;2;2;MODO_1;TP;2,0;40,0;1;7000,0
2025-10-10 05:18:59.000;25335,0;2025-10-10 05:19:10.500;25333,0;LONG;25337,0;25333,0;1;0;-1;MODO_1;SL;-2,0;-40,0;1;6960,0
2025-10-10 05:50:05.000;25320,0;2025-10-10 05:50:16.000;25318,0;SHORT;25318,0;25322,0;0;2;2;MODO_1;TP;2,0;40,0;1;7000,0
2025-10-10 05:56:05.500;25313,25;2025-10-10 05:56:27.000;25311,25;SHORT;25311,25;25315,25;0;2;2;MODO_1;TP;2,0;40,0;1;7040,0
2025-10-10 05:58:49.000;25316,75;2025-10-10 05:59:05.000;25318,75;LONG;25318,75;25314,75;1;0;-1;MODO_1;TP;2,0;40,0;1;7080,0
