candle_index;timestamp;price;type;direction;confirmed;preview_tick_index;fractal_tick_index;preview_minutes
3;2025-10-09 06:05:00;25324,25;VALLE;down;True;181;219;1
19;2025-10-09 06:21:00;25337,5;PICO;up;True;716;761;1
21;2025-10-09 06:24:00;25331,25;VALLE;down;True;869;877;1
26;2025-10-09 06:28:00;25340,75;PICO;up;True;1027;1046;1
36;2025-10-09 06:41:00;25328,25;VALLE;down;True;1393;1405;1
57;2025-10-09 07:01:00;25342,25;PICO;up;True;1889;1929;1
61;2025-10-09 07:02:00;25336,0;VALLE;down;True;1930;1981;1
72;2025-10-09 07:13:00;25351,25;PICO;up;True;2394;2455;1
73;2025-10-09 07:25:00;25344,0;VALLE;down;True;2718;2724;1
89;2025-10-09 07:29:00;25360,0;PICO;up;True;2813;2851;1
89;2025-10-09 07:30:00;25348,75;VALLE;down;True;2852;3129;1
90;2025-10-09 07:31:00;25364,75;PICO;up;True;3130;3313;1
91;2025-10-09 07:32:00;25357,75;VALLE;down;True;3314;3444;1
93;2025-10-09 07:33:00;25364,0;PICO;up;True;3445;3512;1
95;2025-10-09 07:36:00;25354,0;VALLE;down;True;3671;3742;1
99;2025-10-09 07:40:00;25362,5;PICO;up;True;3837;3883;1
105;2025-10-09 07:45:00;25345,0;VALLE;down;True;4028;4099;1
105;2025-10-09 07:46:00;25352,75;PICO;up;True;4100;4225;1
109;2025-10-09 07:51:00;25341,0;VALLE;down;True;4429;4467;1
120;2025-10-09 08:00:00;25358,0;PICO;up;True;4770;4831;1
120;2025-10-09 08:03:00;25352,25;VALLE;down;True;4948;4977;1
125;2025-10-09 08:05:00;25364,25;PICO;up;True;5067;5132;1
125;2025-10-09 08:06:00;25358,75;VALLE;down;True;5133;5226;1
127;2025-10-09 08:11:00;25365,75;PICO;up;True;5426;5468;1
132;2025-10-09 08:13:00;25358,0;VALLE;down;True;5573;5608;1
137;2025-10-09 08:19:00;25367,75;PICO;up;True;5808;5845;1
141;2025-10-09 08:21:00;25351,25;VALLE;down;True;5890;5968;1
141;2025-10-09 08:22:00;25358,25;PICO;up;True;5969;6048;1
143;2025-10-09 08:24:00;25350,75;VALLE;down;True;6073;6113;1
144;2025-10-09 08:26:00;25358,0;PICO;up;True;6149;6166;1
147;2025-10-09 08:30:00;25346,75;VALLE;down;True;6303;6335;1
151;2025-10-09 08:31:00;25359,25;PICO;up;True;6336;6407;1
151;2025-10-09 08:32:00;25352,0;VALLE;down;True;6408;6490;1
152;2025-10-09 08:33:00;25358,75;PICO;up;True;6491;6527;1
155;2025-10-09 08:36:00;25346,75;VALLE;down;True;6601;6635;1
159;2025-10-09 08:40:00;25356,75;PICO;up;True;6681;6730;1
160;2025-10-09 08:41:00;25351,25;VALLE;down;True;6731;6773;1
162;2025-10-09 08:43:00;25359,5;PICO;up;True;6802;6842;1
169;2025-10-09 08:49:00;25338,5;VALLE;down;True;6949;7001;1
169;2025-10-09 08:50:00;25345,25;PICO;up;True;7002;7106;1
170;2025-10-09 08:52:00;25334,75;VALLE;down;True;7263;7305;1
172;2025-10-09 08:53:00;25340,0;PICO;up;True;7306;7349;1
176;2025-10-09 08:56:00;25326,25;VALLE;down;True;7496;7560;1
177;2025-10-09 08:57:00;25338,0;PICO;up;True;7561;7699;1
178;2025-10-09 08:59:00;25331,5;VALLE;down;True;7817;7877;1
180;2025-10-09 09:00:00;25342,0;PICO;up;True;7878;7939;1
180;2025-10-09 09:01:00;25332,5;VALLE;down;True;7940;8176;1
182;2025-10-09 09:02:00;25343,0;PICO;up;True;8177;8271;1
182;2025-10-09 09:03:00;25337,75;VALLE;down;True;8272;8330;1
184;2025-10-09 09:05:00;25347,75;PICO;up;True;8432;8513;1
186;2025-10-09 09:06:00;25338,5;VALLE;down;True;8514;8619;1
186;2025-10-09 09:07:00;25346,25;PICO;up;True;8620;8692;1
187;2025-10-09 09:08:00;25340,0;VALLE;down;True;8693;8755;1
190;2025-10-09 09:10:00;25346,75;PICO;up;True;8800;8845;1
190;2025-10-09 09:11:00;25340,5;VALLE;down;True;8846;8893;1
191;2025-10-09 09:12:00;25349,25;PICO;up;True;8894;8982;1
193;2025-10-09 09:13:00;25341,75;VALLE;down;True;8983;9038;1
194;2025-10-09 09:15:00;25348,75;PICO;up;True;9101;9141;1
195;2025-10-09 09:16:00;25340,0;VALLE;down;True;9142;9220;1
196;2025-10-09 09:17:00;25346,25;PICO;up;True;9221;9264;1
197;2025-10-09 09:18:00;25339,0;VALLE;down;True;9265;9312;1
201;2025-10-09 09:23:00;25347,25;PICO;up;True;9519;9548;1
204;2025-10-09 09:24:00;25336,0;VALLE;down;True;9549;9599;1
206;2025-10-09 09:26:00;25346,0;PICO;up;True;9716;9750;1
208;2025-10-09 09:28:00;25333,25;VALLE;down;True;9806;9851;1
208;2025-10-09 09:29:00;25339,0;PICO;up;True;9852;9956;1
210;2025-10-09 09:30:00;25330,75;VALLE;down;True;9957;10005;1
210;2025-10-09 09:31:00;25336,25;PICO;up;True;10006;10098;1
211;2025-10-09 09:32:00;25328,25;VALLE;down;True;10099;10187;1
212;2025-10-09 09:33:00;25335,0;PICO;up;True;10188;10261;1
213;2025-10-09 09:34:00;25323,0;VALLE;down;True;10262;10405;1
222;2025-10-09 09:42:00;25338,75;PICO;up;True;10783;10866;1
223;2025-10-09 09:43:00;25329,5;VALLE;down;True;10867;11002;1
225;2025-10-09 09:45:00;25343,0;PICO;up;True;11078;11111;1
225;2025-10-09 09:46:00;25336,0;VALLE;down;True;11112;11216;1
227;2025-10-09 09:47:00;25346,0;PICO;up;True;11217;11291;1
229;2025-10-09 09:51:00;25335,25;VALLE;down;True;11508;11537;1
233;2025-10-09 09:56:00;25343,75;PICO;up;True;11677;11712;1
240;2025-10-09 10:02:00;25335,75;VALLE;down;True;11983;12031;1
242;2025-10-09 10:03:00;25342,5;PICO;up;True;12032;12099;1
243;2025-10-09 10:04:00;25335,75;VALLE;down;True;12100;12173;1
244;2025-10-09 10:05:00;25344,0;PICO;up;True;12174;12243;1
247;2025-10-09 10:07:00;25336,5;VALLE;down;True;12300;12374;1
248;2025-10-09 10:10:00;25342,0;PICO;up;True;12474;12503;1
254;2025-10-09 10:14:00;25317,5;VALLE;down;True;12715;12861;1
254;2025-10-09 10:15:00;25326,25;PICO;up;True;12862;13027;1
256;2025-10-09 10:17:00;25311,75;VALLE;down;True;13199;13315;1
257;2025-10-09 10:18:00;25320,5;PICO;up;True;13316;13486;1
258;2025-10-09 10:19:00;25315,25;VALLE;down;True;13487;13585;1
261;2025-10-09 10:21:00;25332,0;PICO;up;True;13781;13913;1
261;2025-10-09 10:22:00;25326,5;VALLE;down;True;13914;14014;1
262;2025-10-09 10:23:00;25334,75;PICO;up;True;14015;14149;1
267;2025-10-09 10:27:00;25319,0;VALLE;down;True;14360;14437;1
268;2025-10-09 10:30:00;25329,25;PICO;up;True;14577;14602;1
277;2025-10-09 10:38:00;25309,75;VALLE;down;True;15117;15253;1
279;2025-10-09 10:40:00;25318,0;PICO;up;True;15330;15409;1
281;2025-10-09 10:41:00;25302,25;VALLE;down;True;15410;15540;1
281;2025-10-09 10:42:00;25309,5;PICO;up;True;15541;15777;1
283;2025-10-09 10:43:00;25298,75;VALLE;down;True;15778;15867;1
283;2025-10-09 10:44:00;25305,25;PICO;up;True;15868;16057;1
284;2025-10-09 10:45:00;25299,5;VALLE;down;True;16058;16190;1
285;2025-10-09 10:46:00;25306,0;PICO;up;True;16191;16268;1
286;2025-10-09 10:47:00;25299,5;VALLE;down;True;16269;16342;1
289;2025-10-09 10:49:00;25315,5;PICO;up;True;16503;16583;1
290;2025-10-09 10:52:00;25298,0;VALLE;down;True;16951;17051;1
292;2025-10-09 10:54:00;25306,75;PICO;up;True;17167;17233;1
294;2025-10-09 10:55:00;25294,25;VALLE;down;True;17234;17385;1
295;2025-10-09 10:56:00;25305,75;PICO;up;True;17386;17651;1
298;2025-10-09 10:58:00;25295,0;VALLE;down;True;17745;17816;1
299;2025-10-09 10:59:00;25301,0;PICO;up;True;17817;17889;1
299;2025-10-09 11:00:00;25295,5;VALLE;down;True;17890;17963;1
300;2025-10-09 11:03:00;25302,5;PICO;up;True;18138;18174;1
304;2025-10-09 11:05:00;25295,25;VALLE;down;True;18209;18292;1
306;2025-10-09 11:06:00;25309,5;PICO;up;True;18293;18422;1
306;2025-10-09 11:07:00;25299,5;VALLE;down;True;18423;18568;1
308;2025-10-09 11:09:00;25313,25;PICO;up;True;18644;18770;1
309;2025-10-09 11:11:00;25307,75;VALLE;down;True;18840;18869;1
312;2025-10-09 11:12:00;25321,75;PICO;up;True;18870;18918;1
312;2025-10-09 11:13:00;25315,0;VALLE;down;True;18919;19036;1
315;2025-10-09 11:15:00;25326,75;PICO;up;True;19177;19248;1
316;2025-10-09 11:16:00;25317,75;VALLE;down;True;19249;19324;1
316;2025-10-09 11:17:00;25324,75;PICO;up;True;19325;19409;1
321;2025-10-09 11:22:00;25315,5;VALLE;down;True;19595;19615;1
322;2025-10-09 11:23:00;25321,0;PICO;up;True;19616;19664;1
324;2025-10-09 11:26:00;25314,0;VALLE;down;True;19745;19778;1
333;2025-10-09 11:33:00;25327,75;PICO;up;True;19998;20027;1
333;2025-10-09 11:34:00;25321,25;VALLE;down;True;20028;20105;1
335;2025-10-09 11:36:00;25339,25;PICO;up;True;20289;20456;1
338;2025-10-09 11:39:00;25328,75;VALLE;down;True;20722;20816;1
340;2025-10-09 11:40:00;25335,0;PICO;up;True;20817;20868;1
342;2025-10-09 11:43:00;25327,0;VALLE;down;True;20998;21070;1
344;2025-10-09 11:45:00;25333,0;PICO;up;True;21110;21140;1
350;2025-10-09 11:52:00;25322,5;VALLE;down;True;21409;21438;1
353;2025-10-09 11:54:00;25328,25;PICO;up;True;21471;21490;1
355;2025-10-09 11:55:00;25321,25;VALLE;down;True;21491;21561;1
357;2025-10-09 11:59:00;25329,0;PICO;up;True;21721;21738;1
360;2025-10-09 12:00:00;25317,25;VALLE;down;True;21739;21839;1
361;2025-10-09 12:01:00;25325,25;PICO;up;True;21840;21956;1
362;2025-10-09 12:02:00;25310,75;VALLE;down;True;21957;22122;1
364;2025-10-09 12:07:00;25328,25;PICO;up;True;22598;22640;1
368;2025-10-09 12:08:00;25320,5;VALLE;down;True;22641;22704;1
369;2025-10-09 12:10:00;25327,75;PICO;up;True;22764;22881;1
371;2025-10-09 12:12:00;25321,75;VALLE;down;True;22933;22992;1
375;2025-10-09 12:17:00;25332,75;PICO;up;True;23264;23324;1
378;2025-10-09 12:21:00;25325,5;VALLE;down;True;23439;23488;1
381;2025-10-09 12:23:00;25331,0;PICO;up;True;23511;23525;1
385;2025-10-09 12:25:00;25317,0;VALLE;down;True;23594;23640;1
385;2025-10-09 12:26:00;25322,25;PICO;up;True;23641;23733;1
389;2025-10-09 12:29:00;25308,5;VALLE;down;True;23806;23898;1
389;2025-10-09 12:30:00;25315,75;PICO;up;True;23899;23998;1
390;2025-10-09 12:31:00;25306,0;VALLE;down;True;23999;24076;1
392;2025-10-09 12:33:00;25316,5;PICO;up;True;24191;24272;1
393;2025-10-09 12:36:00;25303,5;VALLE;down;True;24458;24491;1
397;2025-10-09 12:37:00;25313,75;PICO;up;True;24492;24574;1
398;2025-10-09 12:39:00;25307,75;VALLE;down;True;24660;24712;1
402;2025-10-09 12:43:00;25315,25;PICO;up;True;24808;24846;1
408;2025-10-09 12:48:00;25305,5;VALLE;down;True;24978;24996;1
420;2025-10-09 13:00:00;25323,25;PICO;up;True;25657;25715;1
420;2025-10-09 13:01:00;25316,5;VALLE;down;True;25715;25907;1
421;2025-10-09 13:05:00;25327,75;PICO;up;True;26120;26179;1
425;2025-10-09 13:06:00;25321,5;VALLE;down;True;26180;26298;1
426;2025-10-09 13:07:00;25329,75;PICO;up;True;26299;26480;1
427;2025-10-09 13:08:00;25319,5;VALLE;down;True;26481;26579;1
429;2025-10-09 13:10:00;25329,75;PICO;up;True;26619;26673;1
436;2025-10-09 13:17:00;25318,5;VALLE;down;True;26989;27025;1
437;2025-10-09 13:19:00;25325,25;PICO;up;True;27080;27107;1
439;2025-10-09 13:20:00;25319,75;VALLE;down;True;27108;27133;1
450;2025-10-09 13:30:00;25341,25;PICO;up;True;27838;27902;1
451;2025-10-09 13:31:00;25333,25;VALLE;down;True;27903;28080;1
452;2025-10-09 13:32:00;25341,0;PICO;up;True;28081;28213;1
454;2025-10-09 13:34:00;25331,0;VALLE;down;True;28371;28434;1
454;2025-10-09 13:35:00;25338,0;PICO;up;True;28435;28518;1
455;2025-10-09 13:37:00;25325,75;VALLE;down;True;28643;28671;1
458;2025-10-09 13:42:00;25333,75;PICO;up;True;28931;28952;1
466;2025-10-09 13:47:00;25317,5;VALLE;down;True;29215;29281;1
469;2025-10-09 13:51:00;25328,75;PICO;up;True;29501;29563;1
471;2025-10-09 13:53:00;25322,0;VALLE;down;True;29677;29705;1
473;2025-10-09 13:54:00;25327,5;PICO;up;True;29706;29752;1
478;2025-10-09 13:58:00;25316,0;VALLE;down;True;29884;29952;1
478;2025-10-09 13:59:00;25321,25;PICO;up;True;29953;30069;1
479;2025-10-09 14:00:00;25311,75;VALLE;down;True;30070;30155;1
480;2025-10-09 14:01:00;25325,75;PICO;up;True;30156;30438;1
481;2025-10-09 14:02:00;25318,0;VALLE;down;True;30439;30557;1
482;2025-10-09 14:03:00;25327,0;PICO;up;True;30558;30652;1
484;2025-10-09 14:04:00;25315,5;VALLE;down;True;30653;30694;1
484;2025-10-09 14:05:00;25326,0;PICO;up;True;30695;30842;1
486;2025-10-09 14:06:00;25317,0;VALLE;down;True;30843;30937;1
487;2025-10-09 14:08:00;25324,0;PICO;up;True;30998;31067;1
494;2025-10-09 14:15:00;25310,5;VALLE;down;True;31549;31651;1
499;2025-10-09 14:20:00;25321,75;PICO;up;True;31899;32007;1
500;2025-10-09 14:22:00;25314,75;VALLE;down;True;32127;32192;1
507;2025-10-09 14:28:00;25324,75;PICO;up;True;32563;32629;1
508;2025-10-09 14:29:00;25318,25;VALLE;down;True;32630;32760;1
510;2025-10-09 14:30:00;25332,75;PICO;up;True;32761;32834;1
510;2025-10-09 14:31:00;25318,0;VALLE;down;True;32835;33200;1
511;2025-10-09 14:32:00;25328,75;PICO;up;True;33201;33373;1
512;2025-10-09 14:33:00;25316,5;VALLE;down;True;33374;33551;1
513;2025-10-09 14:35:00;25327,5;PICO;up;True;33626;33670;1
515;2025-10-09 14:36:00;25318,25;VALLE;down;True;33671;33781;1
517;2025-10-09 14:38:00;25329,75;PICO;up;True;33850;33967;1
518;2025-10-09 14:40:00;25324,0;VALLE;down;True;34083;34164;1
520;2025-10-09 14:41:00;25329,25;PICO;up;True;34165;34267;1
522;2025-10-09 14:43:00;25318,75;VALLE;down;True;34354;34470;1
524;2025-10-09 14:45:00;25329,5;PICO;up;True;34538;34608;1
529;2025-10-09 14:50:00;25317,25;VALLE;down;True;34879;34968;1
531;2025-10-09 14:51:00;25329,0;PICO;up;True;34969;35126;1
531;2025-10-09 14:52:00;25323,75;VALLE;down;True;35127;35294;1
540;2025-10-09 15:01:00;25334,5;PICO;up;True;36126;36298;1
542;2025-10-09 15:05:00;25325,0;VALLE;down;True;36583;36642;1
545;2025-10-09 15:06:00;25331,0;PICO;up;True;36643;36770;1
547;2025-10-09 15:07:00;25318,75;VALLE;down;True;36771;37122;1
547;2025-10-09 15:09:00;25326,75;PICO;up;True;37402;37453;1
551;2025-10-09 15:11:00;25315,0;VALLE;down;True;37637;37710;1
551;2025-10-09 15:13:00;25321,25;PICO;up;True;38022;38138;1
554;2025-10-09 15:15:00;25314,25;VALLE;down;True;38260;38395;1
557;2025-10-09 15:17:00;25325,75;PICO;up;True;38577;38696;1
557;2025-10-09 15:18:00;25319,0;VALLE;down;True;38697;38870;1
558;2025-10-09 15:19:00;25329,75;PICO;up;True;38871;39106;1
560;2025-10-09 15:22:00;25322,75;VALLE;down;True;39339;39464;1
564;2025-10-09 15:24:00;25334,0;PICO;up;True;39580;39769;1
565;2025-10-09 15:25:00;25325,0;VALLE;down;True;39770;39995;1
565;2025-10-09 15:26:00;25334,0;PICO;up;True;39996;40748;1
567;2025-10-09 15:27:00;25317,0;VALLE;down;True;40749;40961;1
568;2025-10-09 15:28:00;25331,0;PICO;up;True;40962;41801;1
568;2025-10-09 15:29:00;25321,25;VALLE;down;True;41802;42511;1
569;2025-10-09 15:30:00;25337,75;PICO;up;True;42512;43411;1
570;2025-10-09 15:31:00;25307,5;VALLE;down;True;43412;48050;1
571;2025-10-09 15:32:00;25334,75;PICO;up;True;48051;50636;1
573;2025-10-09 15:33:00;25297,0;VALLE;down;True;50637;52736;1
573;2025-10-09 15:34:00;25316,0;PICO;up;True;52737;54987;1
575;2025-10-09 15:35:00;25292,5;VALLE;down;True;54988;56456;1
576;2025-10-09 15:36:00;25315,0;PICO;up;True;56457;58531;1
577;2025-10-09 15:37:00;25295,5;VALLE;down;True;58532;59863;1
577;2025-10-09 15:38:00;25315,25;PICO;up;True;59864;61378;1
578;2025-10-09 15:39:00;25290,5;VALLE;down;True;61379;62637;1
579;2025-10-09 15:40:00;25306,0;PICO;up;True;62638;63993;1
581;2025-10-09 15:41:00;25271,5;VALLE;down;True;63994;65922;1
581;2025-10-09 15:42:00;25292,25;PICO;up;True;65923;68331;1
582;2025-10-09 15:43:00;25258,75;VALLE;down;True;68332;71075;1
584;2025-10-09 15:44:00;25281,75;PICO;up;True;71075;72901;1
585;2025-10-09 15:45:00;25253,75;VALLE;down;True;72902;74476;1
585;2025-10-09 15:46:00;25277,0;PICO;up;True;74477;76926;1
586;2025-10-09 15:47:00;25254,75;VALLE;down;True;76927;78375;1
588;2025-10-09 15:48:00;25295,25;PICO;up;True;78376;79738;1
588;2025-10-09 15:49:00;25272,75;VALLE;down;True;79739;81596;1
590;2025-10-09 15:50:00;25309,5;PICO;up;True;81597;83869;1
591;2025-10-09 15:51:00;25278,25;VALLE;down;True;83870;85888;1
591;2025-10-09 15:52:00;25316,75;PICO;up;True;85889;88814;1
593;2025-10-09 15:53:00;25265,0;VALLE;down;True;88815;91328;1
593;2025-10-09 15:54:00;25288,25;PICO;up;True;91329;93359;1
595;2025-10-09 15:55:00;25251,5;VALLE;down;True;93360;94812;1
596;2025-10-09 15:56:00;25275,5;PICO;up;True;94813;96646;1
596;2025-10-09 15:57:00;25254,75;VALLE;down;True;96647;98064;1
598;2025-10-09 15:58:00;25294,25;PICO;up;True;98065;100233;1
599;2025-10-09 15:59:00;25276,0;VALLE;down;True;100234;101408;1
599;2025-10-09 16:00:00;25291,5;PICO;up;True;101409;102808;1
600;2025-10-09 16:01:00;25264,0;VALLE;down;True;102809;104464;1
601;2025-10-09 16:02:00;25277,5;PICO;up;True;104465;105582;1
602;2025-10-09 16:03:00;25261,25;VALLE;down;True;105583;106774;1
604;2025-10-09 16:04:00;25286,0;PICO;up;True;106775;107777;1
605;2025-10-09 16:05:00;25272,75;VALLE;down;True;107778;109080;1
606;2025-10-09 16:06:00;25286,25;PICO;up;True;109081;110266;1
606;2025-10-09 16:07:00;25276,25;VALLE;down;True;110267;111104;1
607;2025-10-09 16:08:00;25288,75;PICO;up;True;111105;112323;1
609;2025-10-09 16:09:00;25262,0;VALLE;down;True;112324;113512;1
610;2025-10-09 16:10:00;25279,25;PICO;up;True;113513;114739;1
611;2025-10-09 16:11:00;25267,25;VALLE;down;True;114740;115563;1
612;2025-10-09 16:12:00;25278,0;PICO;up;True;115564;116201;1
612;2025-10-09 16:13:00;25265,5;VALLE;down;True;116202;117354;1
614;2025-10-09 16:14:00;25277,5;PICO;up;True;117355;117917;1
615;2025-10-09 16:15:00;25258,0;VALLE;down;True;117918;118635;1
616;2025-10-09 16:16:00;25274,75;PICO;up;True;118636;120055;1
617;2025-10-09 16:17:00;25257,0;VALLE;down;True;120056;121103;1
618;2025-10-09 16:18:00;25273,25;PICO;up;True;121104;122199;1
618;2025-10-09 16:19:00;25259,75;VALLE;down;True;122200;123255;1
619;2025-10-09 16:20:00;25275,75;PICO;up;True;123256;124152;1
621;2025-10-09 16:21:00;25244,25;VALLE;down;True;124153;124953;1
621;2025-10-09 16:22:00;25264,5;PICO;up;True;124954;127723;1
622;2025-10-09 16:23:00;25253,5;VALLE;down;True;127724;129140;1
624;2025-10-09 16:24:00;25276,75;PICO;up;True;129141;130609;1
625;2025-10-09 16:25:00;25260,75;VALLE;down;True;130610;131447;1
625;2025-10-09 16:26:00;25274,0;PICO;up;True;131448;132639;1
627;2025-10-09 16:27:00;25251,5;VALLE;down;True;132640;133601;1
628;2025-10-09 16:28:00;25261,75;PICO;up;True;133602;134496;1
629;2025-10-09 16:29:00;25247,0;VALLE;down;True;134497;135628;1
629;2025-10-09 16:30:00;25261,0;PICO;up;True;135629;136463;1
631;2025-10-09 16:31:00;25226,0;VALLE;down;True;136464;138793;1
631;2025-10-09 16:32:00;25248,0;PICO;up;True;138794;141224;1
632;2025-10-09 16:33:00;25226,25;VALLE;down;True;141219;142842;1
633;2025-10-09 16:34:00;25246,75;PICO;up;True;142843;144289;1
635;2025-10-09 16:35:00;25215,0;VALLE;down;True;144290;145335;1
635;2025-10-09 16:36:00;25229,25;PICO;up;True;145336;147563;1
636;2025-10-09 16:37:00;25216,5;VALLE;down;True;147564;148793;1
637;2025-10-09 16:38:00;25233,0;PICO;up;True;148794;150307;1
639;2025-10-09 16:39:00;25209,0;VALLE;down;True;150308;151248;1
640;2025-10-09 16:40:00;25229,25;PICO;up;True;151249;152990;1
641;2025-10-09 16:41:00;25210,0;VALLE;down;True;152991;154719;1
641;2025-10-09 16:42:00;25233,0;PICO;up;True;154720;156316;1
643;2025-10-09 16:43:00;25204,0;VALLE;down;True;156316;157607;1
644;2025-10-09 16:44:00;25215,25;PICO;up;True;157608;158790;1
645;2025-10-09 16:45:00;25193,5;VALLE;down;True;158791;160216;1
646;2025-10-09 16:46:00;25220,5;PICO;up;True;160217;162935;1
646;2025-10-09 16:47:00;25197,75;VALLE;down;True;162936;165093;1
647;2025-10-09 16:48:00;25220,0;PICO;up;True;165094;166307;1
648;2025-10-09 16:49:00;25207,0;VALLE;down;True;166308;167162;1
650;2025-10-09 16:50:00;25238,75;PICO;up;True;167163;169402;1
650;2025-10-09 16:51:00;25228,75;VALLE;down;True;169403;171160;1
652;2025-10-09 16:52:00;25243,25;PICO;up;True;171161;172496;1
653;2025-10-09 16:53:00;25233,0;VALLE;down;True;172497;173501;1
653;2025-10-09 16:54:00;25243,5;PICO;up;True;173502;174335;1
654;2025-10-09 16:55:00;25235,25;VALLE;down;True;174336;175235;1
656;2025-10-09 16:56:00;25246,5;PICO;up;True;175236;176309;1
656;2025-10-09 16:57:00;25239,5;VALLE;down;True;176310;177045;1
658;2025-10-09 16:58:00;25260,0;PICO;up;True;177046;178517;1
659;2025-10-09 16:59:00;25246,25;VALLE;down;True;178518;179679;1
660;2025-10-09 17:00:00;25267,0;PICO;up;True;179680;180690;1
660;2025-10-09 17:01:00;25251,5;VALLE;down;True;180691;182487;1
661;2025-10-09 17:02:00;25266,75;PICO;up;True;182488;183401;1
662;2025-10-09 17:03:00;25241,75;VALLE;down;True;183402;184718;1
664;2025-10-09 17:04:00;25260,0;PICO;up;True;184719;185629;1
664;2025-10-09 17:05:00;25253,75;VALLE;down;True;185630;186402;1
665;2025-10-09 17:06:00;25265,0;PICO;up;True;186403;187280;1
667;2025-10-09 17:07:00;25244,5;VALLE;down;True;187281;188049;1
667;2025-10-09 17:08:00;25260,25;PICO;up;True;188050;189035;1
668;2025-10-09 17:09:00;25245,0;VALLE;down;True;189036;189912;1
670;2025-10-09 17:10:00;25266,5;PICO;up;True;189913;190830;1
671;2025-10-09 17:11:00;25249,5;VALLE;down;True;190830;191710;1
672;2025-10-09 17:12:00;25260,25;PICO;up;True;191711;192654;1
672;2025-10-09 17:13:00;25253,5;VALLE;down;True;192655;193167;1
673;2025-10-09 17:14:00;25260,25;PICO;up;True;193168;193658;1
674;2025-10-09 17:15:00;25254,75;VALLE;down;True;193659;194143;1
676;2025-10-09 17:16:00;25273,75;PICO;up;True;194144;195387;1
677;2025-10-09 17:17:00;25260,0;VALLE;down;True;195384;196859;1
677;2025-10-09 17:18:00;25268,75;PICO;up;True;196860;197679;1
678;2025-10-09 17:19:00;25253,25;VALLE;down;True;197680;198686;1
679;2025-10-09 17:20:00;25264,5;PICO;up;True;198687;199330;1
681;2025-10-09 17:21:00;25242,75;VALLE;down;True;199331;200245;1
681;2025-10-09 17:22:00;25258,5;PICO;up;True;200246;201363;1
683;2025-10-09 17:23:00;25234,25;VALLE;down;True;201364;202167;1
683;2025-10-09 17:24:00;25253,75;PICO;up;True;202166;203474;1
684;2025-10-09 17:25:00;25230,0;VALLE;down;True;203475;205095;1
685;2025-10-09 17:26:00;25240,75;PICO;up;True;205096;205947;1
687;2025-10-09 17:27:00;25226,0;VALLE;down;True;205948;206371;1
688;2025-10-09 17:28:00;25235,5;PICO;up;True;206372;207557;1
689;2025-10-09 17:29:00;25222,75;VALLE;down;True;207558;208638;1
689;2025-10-09 17:30:00;25232,5;PICO;up;True;208639;209568;1
691;2025-10-09 17:31:00;25219,0;VALLE;down;True;209569;210618;1
691;2025-10-09 17:32:00;25229,5;PICO;up;True;210619;211690;1
693;2025-10-09 17:33:00;25217,25;VALLE;down;True;211691;212383;1
693;2025-10-09 17:34:00;25228,25;PICO;up;True;212384;213203;1
695;2025-10-09 17:35:00;25197,75;VALLE;down;True;213204;215085;1
696;2025-10-09 17:36:00;25219,25;PICO;up;True;215086;216897;1
696;2025-10-09 17:37:00;25205,75;VALLE;down;True;216898;218075;1
698;2025-10-09 17:38:00;25235,75;PICO;up;True;218076;219376;1
698;2025-10-09 17:39:00;25221,25;VALLE;down;True;219377;220591;1
699;2025-10-09 17:40:00;25232,0;PICO;up;True;220592;221297;1
701;2025-10-09 17:41:00;25210,5;VALLE;down;True;221298;222648;1
702;2025-10-09 17:42:00;25219,75;PICO;up;True;222649;223529;1
702;2025-10-09 17:43:00;25209,5;VALLE;down;True;223530;224314;1
704;2025-10-09 17:44:00;25220,5;PICO;up;True;224315;224783;1
704;2025-10-09 17:45:00;25213,75;VALLE;down;True;224784;225277;1
706;2025-10-09 17:46:00;25230,75;PICO;up;True;225278;225931;1
706;2025-10-09 17:47:00;25215,5;VALLE;down;True;225932;226922;1
708;2025-10-09 17:48:00;25235,0;PICO;up;True;226923;227925;1
708;2025-10-09 17:49:00;25225,75;VALLE;down;True;227926;228763;1
710;2025-10-09 17:50:00;25255,75;PICO;up;True;228764;231144;1
710;2025-10-09 17:51:00;25246,75;VALLE;down;True;231145;232289;1
712;2025-10-09 17:52:00;25264,5;PICO;up;True;232290;233368;1
712;2025-10-09 17:53:00;25255,25;VALLE;down;True;233369;234731;1
714;2025-10-09 17:54:00;25265,5;PICO;up;True;234732;235567;1
714;2025-10-09 17:55:00;25257,25;VALLE;down;True;235568;236264;1
715;2025-10-09 17:56:00;25269,75;PICO;up;True;236265;237260;1
717;2025-10-09 17:57:00;25261,0;VALLE;down;True;237261;237880;1
718;2025-10-09 17:58:00;25274,5;PICO;up;True;237881;238699;1
719;2025-10-09 17:59:00;25262,75;VALLE;down;True;238700;239578;1
720;2025-10-09 18:00:00;25272,0;PICO;up;True;239579;240404;1
720;2025-10-09 18:01:00;25263,25;VALLE;down;True;240405;241141;1
721;2025-10-09 18:02:00;25271,75;PICO;up;True;241142;241729;1
722;2025-10-09 18:03:00;25259,0;VALLE;down;True;241730;242732;1
724;2025-10-09 18:04:00;25270,75;PICO;up;True;242732;243406;1
724;2025-10-09 18:05:00;25265,0;VALLE;down;True;243407;243813;1
726;2025-10-09 18:07:00;25272,25;PICO;up;True;244248;244607;1
727;2025-10-09 18:08:00;25254,25;VALLE;down;True;244608;245651;1
729;2025-10-09 18:09:00;25270,0;PICO;up;True;245652;246232;1
730;2025-10-09 18:10:00;25261,0;VALLE;down;True;246232;246698;1
730;2025-10-09 18:11:00;25267,75;PICO;up;True;246699;247147;1
731;2025-10-09 18:12:00;25260,25;VALLE;down;True;247148;247561;1
733;2025-10-09 18:13:00;25274,0;PICO;up;True;247561;248013;1
734;2025-10-09 18:14:00;25261,5;VALLE;down;True;248014;248823;1
734;2025-10-09 18:15:00;25267,0;PICO;up;True;248823;249259;1
735;2025-10-09 18:16:00;25258,25;VALLE;down;True;249260;249760;1
737;2025-10-09 18:17:00;25269,75;PICO;up;True;249761;250111;1
737;2025-10-09 18:18:00;25261,25;VALLE;down;True;250112;250646;1
739;2025-10-09 18:19:00;25273,25;PICO;up;True;250647;251072;1
740;2025-10-09 18:20:00;25249,0;VALLE;down;True;251069;251749;1
740;2025-10-09 18:21:00;25261,75;PICO;up;True;251750;252858;1
742;2025-10-09 18:22:00;25235,75;VALLE;down;True;252859;253722;1
743;2025-10-09 18:23:00;25251,25;PICO;up;True;253723;254666;1
743;2025-10-09 18:24:00;25234,75;VALLE;down;True;254667;255566;1
745;2025-10-09 18:25:00;25262,5;PICO;up;True;255567;256302;1
745;2025-10-09 18:26:00;25245,75;VALLE;down;True;256303;257570;1
747;2025-10-09 18:27:00;25260,25;PICO;up;True;257571;258534;1
747;2025-10-09 18:28:00;25249,0;VALLE;down;True;258535;258983;1
748;2025-10-09 18:29:00;25264,75;PICO;up;True;258984;259777;1
749;2025-10-09 18:30:00;25250,5;VALLE;down;True;259778;260180;1
751;2025-10-09 18:32:00;25257,25;PICO;up;True;260685;260978;1
752;2025-10-09 18:33:00;25247,75;VALLE;down;True;260979;261497;1
754;2025-10-09 18:35:00;25260,25;PICO;up;True;261908;262428;1
755;2025-10-09 18:36:00;25249,75;VALLE;down;True;262429;262881;1
757;2025-10-09 18:37:00;25261,5;PICO;up;True;262882;263578;1
758;2025-10-09 18:38:00;25248,0;VALLE;down;True;263579;264207;1
758;2025-10-09 18:39:00;25257,75;PICO;up;True;264208;264632;1
760;2025-10-09 18:40:00;25235,25;VALLE;down;True;264633;265114;1
760;2025-10-09 18:41:00;25251,75;PICO;up;True;265115;266283;1
762;2025-10-09 18:42:00;25217,0;VALLE;down;True;266284;268206;1
763;2025-10-09 18:43:00;25244,75;PICO;up;True;268207;269501;1
763;2025-10-09 18:44:00;25226,0;VALLE;down;True;269502;270509;1
765;2025-10-09 18:45:00;25254,75;PICO;up;True;270510;271109;1
765;2025-10-09 18:46:00;25237,5;VALLE;down;True;271110;272345;1
767;2025-10-09 18:47:00;25254,0;PICO;up;True;272346;272986;1
767;2025-10-09 18:48:00;25241,75;VALLE;down;True;272987;273614;1
769;2025-10-09 18:49:00;25259,75;PICO;up;True;273615;274119;1
770;2025-10-09 18:50:00;25247,75;VALLE;down;True;274120;274697;1
770;2025-10-09 18:51:00;25260,25;PICO;up;True;274698;275673;1
772;2025-10-09 18:52:00;25242,0;VALLE;down;True;275674;276126;1
772;2025-10-09 18:53:00;25251,25;PICO;up;True;276127;276899;1
774;2025-10-09 18:54:00;25221,25;VALLE;down;True;276900;277544;1
774;2025-10-09 18:55:00;25244,5;PICO;up;True;277545;278852;1
776;2025-10-09 18:56:00;25221,5;VALLE;down;True;278853;279790;1
776;2025-10-09 18:57:00;25229,75;PICO;up;True;279791;280573;1
778;2025-10-09 18:58:00;25196,5;VALLE;down;True;280574;281900;1
778;2025-10-09 18:59:00;25212,75;PICO;up;True;281901;284407;1
779;2025-10-09 19:00:00;25196,0;VALLE;down;True;284408;285819;1
781;2025-10-09 19:01:00;25219,5;PICO;up;True;285820;287222;1
782;2025-10-09 19:02:00;25203,75;VALLE;down;True;287223;287756;1
782;2025-10-09 19:03:00;25219,0;PICO;up;True;287757;288573;1
783;2025-10-09 19:04:00;25194,0;VALLE;down;True;288574;290415;1
785;2025-10-09 19:05:00;25213,75;PICO;up;True;290416;291197;1
785;2025-10-09 19:06:00;25191,75;VALLE;down;True;291198;292693;1
787;2025-10-09 19:07:00;25217,75;PICO;up;True;292694;293719;1
787;2025-10-09 19:08:00;25207,25;VALLE;down;True;293720;294380;1
789;2025-10-09 19:09:00;25233,75;PICO;up;True;294381;295181;1
790;2025-10-09 19:10:00;25208,75;VALLE;down;True;295182;296329;1
790;2025-10-09 19:11:00;25226,25;PICO;up;True;296330;297543;1
792;2025-10-09 19:12:00;25203,25;VALLE;down;True;297544;298596;1
793;2025-10-09 19:13:00;25213,5;PICO;up;True;298597;299416;1
794;2025-10-09 19:14:00;25191,75;VALLE;down;True;299417;300193;1
795;2025-10-09 19:15:00;25207,25;PICO;up;True;300194;301242;1
796;2025-10-09 19:16:00;25185,75;VALLE;down;True;301243;302379;1
796;2025-10-09 19:17:00;25199,5;PICO;up;True;302380;303534;1
798;2025-10-09 19:18:00;25174,25;VALLE;down;True;303533;304837;1
799;2025-10-09 19:19:00;25196,75;PICO;up;True;304838;306613;1
799;2025-10-09 19:20:00;25184,5;VALLE;down;True;306614;307589;1
801;2025-10-09 19:21:00;25213,75;PICO;up;True;307590;309195;1
801;2025-10-09 19:22:00;25191,25;VALLE;down;True;309196;310254;1
803;2025-10-09 19:23:00;25204,75;PICO;up;True;310255;310812;1
804;2025-10-09 19:24:00;25187,25;VALLE;down;True;310813;311366;1
804;2025-10-09 19:25:00;25199,0;PICO;up;True;311367;312192;1
806;2025-10-09 19:26:00;25180,25;VALLE;down;True;312193;312837;1
806;2025-10-09 19:27:00;25193,0;PICO;up;True;312838;313916;1
807;2025-10-09 19:28:00;25175,25;VALLE;down;True;313917;314869;1
809;2025-10-09 19:29:00;25185,75;PICO;up;True;314870;315500;1
810;2025-10-09 19:30:00;25162,25;VALLE;down;True;315501;317100;1
811;2025-10-09 19:31:00;25187,75;PICO;up;True;317101;319273;1
811;2025-10-09 19:32:00;25171,5;VALLE;down;True;319274;320365;1
812;2025-10-09 19:33:00;25184,75;PICO;up;True;320366;321122;1
813;2025-10-09 19:34:00;25172,5;VALLE;down;True;321123;321785;1
814;2025-10-09 19:35:00;25180,5;PICO;up;True;321786;322272;1
815;2025-10-09 19:36:00;25160,75;VALLE;down;True;322273;323499;1
817;2025-10-09 19:37:00;25195,0;PICO;up;True;323500;324582;1
817;2025-10-09 19:38:00;25178,5;VALLE;down;True;324583;325927;1
819;2025-10-09 19:39:00;25203,5;PICO;up;True;325928;326885;1
819;2025-10-09 19:40:00;25197,0;VALLE;down;True;326886;327430;1
820;2025-10-09 19:41:00;25212,25;PICO;up;True;327431;328424;1
822;2025-10-09 19:42:00;25194,0;VALLE;down;True;328425;329172;1
822;2025-10-09 19:43:00;25204,25;PICO;up;True;329173;329944;1
823;2025-10-09 19:44:00;25187,5;VALLE;down;True;329945;330533;1
825;2025-10-09 19:45:00;25203,25;PICO;up;True;330534;330974;1
826;2025-10-09 19:46:00;25192,0;VALLE;down;True;330975;331707;1
827;2025-10-09 19:47:00;25206,25;PICO;up;True;331708;332088;1
827;2025-10-09 19:48:00;25196,5;VALLE;down;True;332089;332455;1
829;2025-10-09 19:49:00;25211,75;PICO;up;True;332456;332717;1
829;2025-10-09 19:50:00;25202,25;VALLE;down;True;332718;333204;1
831;2025-10-09 19:51:00;25218,0;PICO;up;True;333205;333972;1
832;2025-10-09 19:52:00;25197,5;VALLE;down;True;333973;334753;1
832;2025-10-09 19:53:00;25207,25;PICO;up;True;334754;335319;1
833;2025-10-09 19:54:00;25198,5;VALLE;down;True;335320;335830;1
834;2025-10-09 19:55:00;25209,75;PICO;up;True;335831;336267;1
835;2025-10-09 19:56:00;25200,0;VALLE;down;True;336268;336782;1
836;2025-10-09 19:57:00;25212,25;PICO;up;True;336783;337253;1
837;2025-10-09 19:58:00;25203,75;VALLE;down;True;337254;337697;1
839;2025-10-09 19:59:00;25218,25;PICO;up;True;337698;337945;1
840;2025-10-09 20:00:00;25203,25;VALLE;down;True;337946;338679;1
840;2025-10-09 20:01:00;25219,0;PICO;up;True;338680;339983;1
842;2025-10-09 20:02:00;25201,25;VALLE;down;True;339984;340581;1
842;2025-10-09 20:03:00;25212,25;PICO;up;True;340582;341131;1
844;2025-10-09 20:04:00;25194,5;VALLE;down;True;341132;341525;1
844;2025-10-09 20:05:00;25202,75;PICO;up;True;341526;342251;1
846;2025-10-09 20:06:00;25182,5;VALLE;down;True;342252;342901;1
846;2025-10-09 20:07:00;25198,25;PICO;up;True;342902;343741;1
847;2025-10-09 20:08:00;25186,25;VALLE;down;True;343742;344347;1
849;2025-10-09 20:09:00;25200,25;PICO;up;True;344348;344902;1
849;2025-10-09 20:10:00;25191,75;VALLE;down;True;344903;345431;1
851;2025-10-09 20:11:00;25209,5;PICO;up;True;345432;346148;1
851;2025-10-09 20:12:00;25198,75;VALLE;down;True;346149;346671;1
853;2025-10-09 20:13:00;25213,5;PICO;up;True;346672;347359;1
854;2025-10-09 20:14:00;25202,5;VALLE;down;True;347360;347768;1
855;2025-10-09 20:15:00;25213,5;PICO;up;True;347769;348081;1
855;2025-10-09 20:16:00;25203,75;VALLE;down;True;348082;348519;1
856;2025-10-09 20:17:00;25230,0;PICO;up;True;348520;349641;1
858;2025-10-09 20:18:00;25220,75;VALLE;down;True;349642;350505;1
858;2025-10-09 20:19:00;25228,5;PICO;up;True;350506;351077;1
859;2025-10-09 20:20:00;25218,25;VALLE;down;True;351078;351475;1
860;2025-10-09 20:21:00;25224,25;PICO;up;True;351476;351901;1
861;2025-10-09 20:22:00;25211,75;VALLE;down;True;351902;352588;1
863;2025-10-09 20:23:00;25225,75;PICO;up;True;352589;352996;1
863;2025-10-09 20:24:00;25218,0;VALLE;down;True;352997;353336;1
865;2025-10-09 20:25:00;25231,0;PICO;up;True;353337;353623;1
865;2025-10-09 20:26:00;25225,0;VALLE;down;True;353624;354251;1
866;2025-10-09 20:27:00;25234,5;PICO;up;True;354252;355027;1
868;2025-10-09 20:28:00;25215,75;VALLE;down;True;355028;355844;1
868;2025-10-09 20:29:00;25225,0;PICO;up;True;355845;356526;1
870;2025-10-09 20:30:00;25209,0;VALLE;down;True;356527;357149;1
871;2025-10-09 20:31:00;25220,25;PICO;up;True;357150;357837;1
872;2025-10-09 20:32:00;25211,5;VALLE;down;True;357838;358323;1
872;2025-10-09 20:33:00;25218,0;PICO;up;True;358324;358686;1
873;2025-10-09 20:34:00;25204,75;VALLE;down;True;358687;359341;1
875;2025-10-09 20:35:00;25216,25;PICO;up;True;359342;359715;1
875;2025-10-09 20:36:00;25209,0;VALLE;down;True;359716;360223;1
877;2025-10-09 20:37:00;25218,5;PICO;up;True;360224;360596;1
877;2025-10-09 20:38:00;25209,0;VALLE;down;True;360595;360994;1
878;2025-10-09 20:39:00;25218,25;PICO;up;True;360995;361308;1
880;2025-10-09 20:40:00;25212,0;VALLE;down;True;361309;361450;1
881;2025-10-09 20:41:00;25223,75;PICO;up;True;361451;362044;1
882;2025-10-09 20:42:00;25211,5;VALLE;down;True;362045;362530;1
882;2025-10-09 20:43:00;25219,25;PICO;up;True;362531;362907;1
883;2025-10-09 20:44:00;25213,75;VALLE;down;True;362908;363158;1
884;2025-10-09 20:45:00;25221,75;PICO;up;True;363159;363454;1
886;2025-10-09 20:46:00;25214,0;VALLE;down;True;363455;363823;1
887;2025-10-09 20:47:00;25226,5;PICO;up;True;363824;364060;1
887;2025-10-09 20:48:00;25217,0;VALLE;down;True;364061;364553;1
888;2025-10-09 20:49:00;25228,25;PICO;up;True;364554;365028;1
890;2025-10-09 20:50:00;25215,0;VALLE;down;True;365029;365454;1
891;2025-10-09 20:51:00;25228,25;PICO;up;True;365455;365961;1
892;2025-10-09 20:52:00;25212,25;VALLE;down;True;365962;366456;1
893;2025-10-09 20:53:00;25220,5;PICO;up;True;366457;366951;1
893;2025-10-09 20:54:00;25213,5;VALLE;down;True;366952;367185;1
895;2025-10-09 20:55:00;25225,75;PICO;up;True;367186;367571;1
895;2025-10-09 20:56:00;25217,0;VALLE;down;True;367572;368127;1
897;2025-10-09 20:57:00;25242,5;PICO;up;True;368128;369379;1
898;2025-10-09 20:58:00;25235,25;VALLE;down;True;369380;370598;1
898;2025-10-09 20:59:00;25244,0;PICO;up;True;370599;371272;1
900;2025-10-09 21:00:00;25233,25;VALLE;down;True;371273;371719;1
900;2025-10-09 21:01:00;25240,5;PICO;up;True;371720;372361;1
901;2025-10-09 21:02:00;25234,25;VALLE;down;True;372359;372754;1
903;2025-10-09 21:03:00;25246,75;PICO;up;True;372755;373340;1
903;2025-10-09 21:04:00;25236,25;VALLE;down;True;373341;373736;1
904;2025-10-09 21:05:00;25247,0;PICO;up;True;373737;374274;1
905;2025-10-09 21:06:00;25239,0;VALLE;down;True;374275;374715;1
906;2025-10-09 21:07:00;25247,75;PICO;up;True;374716;375094;1
907;2025-10-09 21:08:00;25242,5;VALLE;down;True;375095;375442;1
909;2025-10-09 21:09:00;25252,0;PICO;up;True;375443;375766;1
909;2025-10-09 21:10:00;25246,0;VALLE;down;True;375767;376343;1
910;2025-10-09 21:11:00;25253,75;PICO;up;True;376344;377069;1
911;2025-10-09 21:12:00;25246,0;VALLE;down;True;377070;377498;1
912;2025-10-09 21:13:00;25260,5;PICO;up;True;377499;378639;1
913;2025-10-09 21:14:00;25245,0;VALLE;down;True;378640;379417;1
914;2025-10-09 21:15:00;25251,0;PICO;up;True;379418;379768;1
915;2025-10-09 21:16:00;25239,5;VALLE;down;True;379769;381518;1
917;2025-10-09 21:17:00;25252,5;PICO;up;True;381519;382421;1
917;2025-10-09 21:18:00;25246,25;VALLE;down;True;382422;383363;1
920;2025-10-09 21:20:00;25262,75;PICO;up;True;384226;384719;1
920;2025-10-09 21:21:00;25256,75;VALLE;down;True;384720;385364;1
921;2025-10-09 21:22:00;25267,5;PICO;up;True;385365;386233;1
922;2025-10-09 21:23:00;25260,0;VALLE;down;True;386234;386629;1
924;2025-10-09 21:24:00;25267,5;PICO;up;True;386630;387067;1
924;2025-10-09 21:25:00;25262,0;VALLE;down;True;387068;387533;1
926;2025-10-09 21:26:00;25269,25;PICO;up;True;387534;388151;1
926;2025-10-09 21:27:00;25260,5;VALLE;down;True;388152;388796;1
927;2025-10-09 21:28:00;25270,75;PICO;up;True;388797;389417;1
929;2025-10-09 21:30:00;25263,25;VALLE;down;True;390041;390395;1
932;2025-10-09 21:34:00;25270,75;PICO;up;True;391929;392251;1
934;2025-10-09 21:35:00;25262,5;VALLE;down;True;392252;392677;1
936;2025-10-09 21:37:00;25271,5;PICO;up;True;393247;393805;1
937;2025-10-09 21:38:00;25266,0;VALLE;down;True;393806;394309;1
938;2025-10-09 21:39:00;25283,25;PICO;up;True;394310;395791;1
940;2025-10-09 21:40:00;25270,5;VALLE;down;True;395792;396341;1
940;2025-10-09 21:41:00;25278,0;PICO;up;True;396342;397131;1
941;2025-10-09 21:42:00;25268,75;VALLE;down;True;397132;397705;1
942;2025-10-09 21:43:00;25275,75;PICO;up;True;397706;398328;1
943;2025-10-09 21:44:00;25268,25;VALLE;down;True;398329;398728;1
945;2025-10-09 21:45:00;25277,5;PICO;up;True;398729;399336;1
945;2025-10-09 21:46:00;25269,0;VALLE;down;True;399326;400714;1
948;2025-10-09 21:48:00;25279,75;PICO;up;True;401152;401633;1
949;2025-10-09 21:49:00;25272,25;VALLE;down;True;401634;402472;1
950;2025-10-09 21:50:00;25289,25;PICO;up;True;402473;403226;1
950;2025-10-09 21:51:00;25274,25;VALLE;down;True;403227;405213;1
952;2025-10-09 21:52:00;25287,0;PICO;up;True;405214;406014;1
952;2025-10-09 21:53:00;25280,75;VALLE;down;True;406015;406901;1
953;2025-10-09 21:54:00;25286,25;PICO;up;True;406902;407671;1
954;2025-10-09 21:55:00;25278,5;VALLE;down;True;407671;408791;1
955;2025-10-09 21:56:00;25289,75;PICO;up;True;408789;410356;1
957;2025-10-09 21:57:00;25271,25;VALLE;down;True;410357;411193;1
957;2025-10-09 21:58:00;25284,5;PICO;up;True;411194;412858;1
958;2025-10-09 21:59:00;25270,75;VALLE;down;True;412859;414150;1
960;2025-10-09 22:00:00;25299,75;PICO;up;True;414151;421194;1
961;2025-10-09 22:01:00;25288,25;VALLE;down;True;421190;424013;1
962;2025-10-09 22:02:00;25296,75;PICO;up;True;424014;424708;1
962;2025-10-09 22:03:00;25290,75;VALLE;down;True;424709;425124;1
963;2025-10-09 22:04:00;25298,5;PICO;up;True;425125;425379;1
965;2025-10-09 22:05:00;25291,75;VALLE;down;True;425380;425677;1
965;2025-10-09 22:06:00;25297,0;PICO;up;True;425678;426040;1
966;2025-10-09 22:07:00;25290,5;VALLE;down;True;426041;426290;1
967;2025-10-09 22:10:00;25296,5;PICO;up;True;426587;426731;1
974;2025-10-09 22:14:00;25283,25;VALLE;down;True;427225;427399;1
974;2025-10-09 22:15:00;25290,25;PICO;up;True;427400;427730;1
980;2025-10-09 22:21:00;25274,75;VALLE;down;True;428504;428656;1
982;2025-10-09 22:23:00;25284,25;PICO;up;True;428934;429034;1
992;2025-10-09 22:35:00;25270,25;VALLE;down;True;430138;430177;1
1005;2025-10-09 22:49:00;25285,5;PICO;up;True;431252;431294;1
1009;2025-10-09 22:53:00;25277,25;VALLE;down;True;431468;431509;1
1013;2025-10-09 22:54:00;25282,75;PICO;up;True;431510;431609;1
1014;2025-10-09 22:55:00;25275,25;VALLE;down;True;431610;431689;1
1018;2025-10-09 22:58:00;25283,0;PICO;up;True;431822;431862;1
1018;2025-10-09 22:59:00;25277,0;VALLE;down;True;431863;431954;1
1020;2025-10-10 00:00:00;25299,0;PICO;up;True;432025;432025;1
1020;2025-10-10 00:01:00;25286,5;VALLE;down;True;432026;432314;1
1021;2025-10-10 00:02:00;25304,75;PICO;up;True;432314;432512;1
1022;2025-10-10 00:04:00;25298,25;VALLE;down;True;432574;432643;1
1024;2025-10-10 00:05:00;25308,0;PICO;up;True;432644;432796;1
1028;2025-10-10 00:08:00;25295,0;VALLE;down;True;432942;433011;1
1028;2025-10-10 00:09:00;25300,5;PICO;up;True;433012;433097;1
1029;2025-10-10 00:10:00;25295,25;VALLE;down;True;433098;433143;1
1030;2025-10-10 00:11:00;25301,5;PICO;up;True;433144;433223;1
1032;2025-10-10 00:14:00;25288,0;VALLE;down;True;433385;433430;1
1035;2025-10-10 00:15:00;25301,5;PICO;up;True;433431;433477;1
1035;2025-10-10 00:16:00;25292,0;VALLE;down;True;433477;433605;1
1036;2025-10-10 00:17:00;25303,75;PICO;up;True;433606;433686;1
1044;2025-10-10 00:30:00;25296,0;VALLE;down;True;433923;433938;1
1053;2025-10-10 00:33:00;25309,0;PICO;up;True;434065;434087;1
1053;2025-10-10 00:34:00;25302,25;VALLE;down;True;434088;434185;1
1055;2025-10-10 00:35:00;25318,0;PICO;up;True;434186;434347;1
1055;2025-10-10 00:36:00;25312,0;VALLE;down;True;434348;434447;1
1056;2025-10-10 00:39:00;25318,0;PICO;up;True;434570;434600;1
1059;2025-10-10 00:41:00;25312,25;VALLE;down;True;434620;434659;1
1064;2025-10-10 00:45:00;25321,5;PICO;up;True;434768;434858;1
1074;2025-10-10 00:55:00;25311,75;VALLE;down;True;435120;435166;1
1080;2025-10-10 01:01:00;25324,0;PICO;up;True;435344;435424;1
1082;2025-10-10 01:02:00;25314,5;VALLE;down;True;435425;435484;1
1082;2025-10-10 01:03:00;25320,25;PICO;up;True;435485;435592;1
1093;2025-10-10 01:13:00;25308,75;VALLE;down;True;436005;436020;1
1105;2025-10-10 01:30:00;25320,25;PICO;up;True;436579;436601;1
1113;2025-10-10 01:34:00;25311,75;VALLE;down;True;436705;436726;1
1129;2025-10-10 01:49:00;25334,5;PICO;up;True;437278;437416;1
1130;2025-10-10 01:52:00;25326,5;VALLE;down;True;437738;437774;1
1140;2025-10-10 02:00:00;25338,0;PICO;up;True;438170;438217;1
1141;2025-10-10 02:01:00;25331,0;VALLE;down;True;438218;438403;1
1142;2025-10-10 02:02:00;25346,75;PICO;up;True;438404;438637;1
1147;2025-10-10 02:07:00;25330,5;VALLE;down;True;439012;439056;1
1147;2025-10-10 02:08:00;25336,75;PICO;up;True;439057;439123;1
1150;2025-10-10 02:10:00;25323,75;VALLE;down;True;439188;439265;1
1150;2025-10-10 02:11:00;25330,0;PICO;up;True;439266;439386;1
1151;2025-10-10 02:13:00;25322,25;VALLE;down;True;439526;439563;1
1153;2025-10-10 02:19:00;25328,25;PICO;up;True;439783;439805;1
1163;2025-10-10 02:28:00;25322,25;VALLE;down;True;440048;440085;1
1174;2025-10-10 02:37:00;25329,75;PICO;up;True;440371;440392;1
1177;2025-10-10 02:38:00;25321,25;VALLE;down;True;440393;440473;1
1178;2025-10-10 02:40:00;25327,5;PICO;up;True;440543;440580;1
1180;2025-10-10 02:47:00;25322,0;VALLE;down;True;440697;440721;1
1190;2025-10-10 02:50:00;25333,75;PICO;up;True;440789;440845;1
1190;2025-10-10 02:52:00;25328,5;VALLE;down;True;440971;440993;1
1195;2025-10-10 03:05:00;25340,0;PICO;up;True;441481;441505;1
1214;2025-10-10 03:15:00;25333,0;VALLE;down;True;441647;441690;1
1228;2025-10-10 03:36:00;25349,25;PICO;up;True;442595;442640;1
1238;2025-10-10 03:42:00;25340,5;VALLE;down;True;442834;442857;1
1244;2025-10-10 03:47:00;25348,0;PICO;up;True;443008;443024;1
1249;2025-10-10 03:53:00;25341,75;VALLE;down;True;443116;443146;1
1257;2025-10-10 04:00:00;25353,0;PICO;up;True;443498;443519;1
1275;2025-10-10 04:23:00;25343,5;VALLE;down;True;444092;444116;1
1298;2025-10-10 04:42:00;25355,25;PICO;up;True;444647;444672;1
1315;2025-10-10 05:01:00;25336,25;VALLE;down;True;445347;445381;1
1321;2025-10-10 05:02:00;25341,75;PICO;up;True;445382;445405;1
1323;2025-10-10 05:03:00;25327,0;VALLE;down;True;445406;445469;1
1323;2025-10-10 05:04:00;25335,5;PICO;up;True;445470;445714;1
1325;2025-10-10 05:05:00;25325,0;VALLE;down;True;445715;445836;1
1326;2025-10-10 05:08:00;25333,5;PICO;up;True;446000;446024;1
1328;2025-10-10 05:11:00;25327,0;VALLE;down;True;446129;446145;1
1332;2025-10-10 05:15:00;25332,75;PICO;up;True;446230;446238;1
1335;2025-10-10 05:17:00;25326,75;VALLE;down;True;446328;446349;1
1338;2025-10-10 05:24:00;25335,25;PICO;up;True;446542;446557;1
1349;2025-10-10 05:31:00;25324,0;VALLE;down;True;446855;446892;1
1353;2025-10-10 05:34:00;25330,25;PICO;up;True;446994;447028;1
1366;2025-10-10 05:49:00;25320,5;VALLE;down;True;447451;447501;1
1369;2025-10-10 05:50:00;25325,75;PICO;up;True;447502;447557;1
1375;2025-10-10 05:55:00;25311,5;VALLE;down;True;447801;447838;1
1375;2025-10-10 05:56:00;25319,75;PICO;up;True;447839;448058;1
1376;2025-10-10 05:58:00;25310,25;VALLE;down;True;448119;448201;1
