tick_index;timestamp;price;type;direction;confirmed;preview_tick_index;fractal_tick_index;preview_minutes
374;2025-10-24 13:41:40;25376,5;PICO;up;True;321;374;1
538;2025-10-24 13:44:21;25368,25;VALLE;down;True;514;538;1
643;2025-10-24 13:46:13;25374,25;PICO;up;True;573;643;1
732;2025-10-24 13:48:22;25369,0;VALLE;down;True;706;732;1
918;2025-10-24 13:50:41;25377,0;PICO;up;True;804;918;1
1012;2025-10-24 13:51:43;25371,25;VALLE;down;True;920;1012;1
1536;2025-10-24 13:56:08;25386,25;PICO;up;True;1240;1536;1
1767;2025-10-24 13:57:28;25374,75;VALLE;down;True;1595;1767;1
1846;2025-10-24 13:57:43;25381,25;PICO;up;True;1619;1846;1
1984;2025-10-24 13:59:11;25371,5;VALLE;down;True;1916;1984;1
2240;2025-10-24 14:02:01;25378,0;PICO;up;True;2156;2240;1
2289;2025-10-24 14:02:28;25371,75;VALLE;down;True;2213;2289;1
2709;2025-10-24 14:07:04;25384,25;PICO;up;True;2617;2709;1
3034;2025-10-24 14:11:19;25374,75;VALLE;down;True;2943;3034;1
3138;2025-10-24 14:12:08;25380,25;PICO;up;True;3016;3138;1
3716;2025-10-24 14:17:04;25367,75;VALLE;down;True;3631;3716;1
4021;2025-10-24 14:19:44;25373,25;PICO;up;True;3895;4021;1
4752;2025-10-24 14:25:50;25364,25;VALLE;down;True;4655;4752;1
5401;2025-10-24 14:29:07;25379,0;PICO;up;True;5159;5401;1
5551;2025-10-24 14:29:39;25372,5;VALLE;down;True;5284;5551;1
5610;2025-10-24 14:30:00;25380,5;PICO;up;True;5365;5610;1
5661;2025-10-24 14:30:01;25355,0;VALLE;down;True;5370;5661;1
5667;2025-10-24 14:30:01;25363,25;PICO;up;True;5370;5667;1
5668;2025-10-24 14:30:01;25355,0;VALLE;down;True;5370;5668;1
5671;2025-10-24 14:30:01;25364,0;PICO;up;True;5370;5671;1
5677;2025-10-24 14:30:01;25351,0;VALLE;down;True;5370;5677;1
5680;2025-10-24 14:30:01;25365,5;PICO;up;True;5370;5680;1
5689;2025-10-24 14:30:01;25355,25;VALLE;down;True;5370;5689;1
5690;2025-10-24 14:30:01;25368,25;PICO;up;True;5370;5690;1
5691;2025-10-24 14:30:01;25351,5;VALLE;down;True;5370;5691;1
5694;2025-10-24 14:30:01;25374,75;PICO;up;True;5370;5694;1
5699;2025-10-24 14:30:01;25352,75;VALLE;down;True;5370;5699;1
5700;2025-10-24 14:30:01;25367,0;PICO;up;True;5370;5700;1
5718;2025-10-24 14:30:01;25348,5;VALLE;down;True;5370;5718;1
5723;2025-10-24 14:30:01;25369,25;PICO;up;True;5370;5723;1
5724;2025-10-24 14:30:01;25348,5;VALLE;down;True;5370;5724;1
5725;2025-10-24 14:30:01;25369,25;PICO;up;True;5370;5725;1
5727;2025-10-24 14:30:02;25348,5;VALLE;down;True;5374;5727;1
5729;2025-10-24 14:30:02;25378,0;PICO;up;True;5374;5729;1
5731;2025-10-24 14:30:02;25348,5;VALLE;down;True;5374;5731;1
5732;2025-10-24 14:30:02;25377,0;PICO;up;True;5374;5732;1
5756;2025-10-24 14:30:02;25344,0;VALLE;down;True;5374;5756;1
5952;2025-10-24 14:30:07;25444,0;PICO;up;True;5398;5952;1
5959;2025-10-24 14:30:07;25436,5;VALLE;down;True;5398;5959;1
5964;2025-10-24 14:30:07;25444,25;PICO;up;True;5398;5964;1
5965;2025-10-24 14:30:07;25434,75;VALLE;down;True;5398;5965;1
5987;2025-10-24 14:30:07;25450,25;PICO;up;True;5398;5987;1
5994;2025-10-24 14:30:07;25434,75;VALLE;down;True;5398;5994;1
6007;2025-10-24 14:30:07;25454,0;PICO;up;True;5398;6007;1
6018;2025-10-24 14:30:07;25436,75;VALLE;down;True;5398;6018;1
6029;2025-10-24 14:30:07;25457,0;PICO;up;True;5398;6029;1
6031;2025-10-24 14:30:07;25447,25;VALLE;down;True;5398;6031;1
6032;2025-10-24 14:30:07;25453,25;PICO;up;True;5398;6032;1
6038;2025-10-24 14:30:07;25443,25;VALLE;down;True;5398;6038;1
6046;2025-10-24 14:30:07;25457,0;PICO;up;True;5398;6046;1
6049;2025-10-24 14:30:07;25447,0;VALLE;down;True;5398;6049;1
6100;2025-10-24 14:30:07;25464,0;PICO;up;True;5398;6100;1
6106;2025-10-24 14:30:07;25456,5;VALLE;down;True;5398;6106;1
6130;2025-10-24 14:30:07;25469,75;PICO;up;True;5398;6130;1
6131;2025-10-24 14:30:07;25463,75;VALLE;down;True;5398;6131;1
6158;2025-10-24 14:30:07;25480,0;PICO;up;True;5398;6158;1
6164;2025-10-24 14:30:07;25462,5;VALLE;down;True;5398;6164;1
6171;2025-10-24 14:30:07;25472,25;PICO;up;True;5398;6171;1
6175;2025-10-24 14:30:07;25465,75;VALLE;down;True;5398;6175;1
6184;2025-10-24 14:30:07;25476,5;PICO;up;True;5398;6184;1
6195;2025-10-24 14:30:07;25470,5;VALLE;down;True;5398;6195;1
6212;2025-10-24 14:30:07;25476,75;PICO;up;True;5398;6212;1
6213;2025-10-24 14:30:07;25471,0;VALLE;down;True;5398;6213;1
6214;2025-10-24 14:30:07;25479,75;PICO;up;True;5398;6214;1
6240;2025-10-24 14:30:07;25463,75;VALLE;down;True;5398;6240;1
6241;2025-10-24 14:30:07;25477,75;PICO;up;True;5398;6241;1
6246;2025-10-24 14:30:07;25464,0;VALLE;down;True;5398;6246;1
6261;2025-10-24 14:30:07;25484,0;PICO;up;True;5398;6261;1
6275;2025-10-24 14:30:07;25464,0;VALLE;down;True;5398;6275;1
6284;2025-10-24 14:30:07;25479,5;PICO;up;True;5398;6284;1
6291;2025-10-24 14:30:07;25466,5;VALLE;down;True;5398;6291;1
6298;2025-10-24 14:30:07;25482,75;PICO;up;True;5398;6298;1
6299;2025-10-24 14:30:07;25475,25;VALLE;down;True;5398;6299;1
6307;2025-10-24 14:30:07;25483,0;PICO;up;True;5398;6307;1
6322;2025-10-24 14:30:07;25475,5;VALLE;down;True;5398;6322;1
6358;2025-10-24 14:30:07;25490,0;PICO;up;True;5398;6358;1
6368;2025-10-24 14:30:07;25484,0;VALLE;down;True;5398;6368;1
6375;2025-10-24 14:30:07;25494,75;PICO;up;True;5398;6375;1
6378;2025-10-24 14:30:07;25486,0;VALLE;down;True;5398;6378;1
6390;2025-10-24 14:30:07;25494,75;PICO;up;True;5398;6390;1
6401;2025-10-24 14:30:07;25483,75;VALLE;down;True;5398;6401;1
6404;2025-10-24 14:30:07;25492,25;PICO;up;True;5398;6404;1
6406;2025-10-24 14:30:07;25485,0;VALLE;down;True;5398;6406;1
6418;2025-10-24 14:30:07;25495,25;PICO;up;True;5398;6418;1
6422;2025-10-24 14:30:07;25485,5;VALLE;down;True;5398;6422;1
6423;2025-10-24 14:30:07;25495,0;PICO;up;True;5398;6423;1
6425;2025-10-24 14:30:07;25488,5;VALLE;down;True;5398;6425;1
6426;2025-10-24 14:30:07;25495,25;PICO;up;True;5398;6426;1
6431;2025-10-24 14:30:07;25487,0;VALLE;down;True;5398;6431;1
6439;2025-10-24 14:30:08;25499,0;PICO;up;True;5403;6439;1
6490;2025-10-24 14:30:08;25469,25;VALLE;down;True;5403;6490;1
6495;2025-10-24 14:30:08;25475,0;PICO;up;True;5403;6495;1
6529;2025-10-24 14:30:08;25452,25;VALLE;down;True;5403;6529;1
6535;2025-10-24 14:30:08;25459,0;PICO;up;True;5403;6535;1
6549;2025-10-24 14:30:08;25451,25;VALLE;down;True;5403;6549;1
6568;2025-10-24 14:30:08;25492,0;PICO;up;True;5403;6568;1
6569;2025-10-24 14:30:08;25456,75;VALLE;down;True;5403;6569;1
6571;2025-10-24 14:30:08;25480,75;PICO;up;True;5403;6571;1
6573;2025-10-24 14:30:08;25457,5;VALLE;down;True;5403;6573;1
6579;2025-10-24 14:30:08;25477,25;PICO;up;True;5403;6579;1
6587;2025-10-24 14:30:08;25455,25;VALLE;down;True;5403;6587;1
6596;2025-10-24 14:30:08;25489,5;PICO;up;True;5403;6596;1
6601;2025-10-24 14:30:08;25482,0;VALLE;down;True;5403;6601;1
6604;2025-10-24 14:30:08;25489,5;PICO;up;True;5403;6604;1
6607;2025-10-24 14:30:08;25472,25;VALLE;down;True;5403;6607;1
6619;2025-10-24 14:30:08;25489,25;PICO;up;True;5403;6619;1
6635;2025-10-24 14:30:09;25472,75;VALLE;down;True;5406;6635;1
6642;2025-10-24 14:30:09;25487,5;PICO;up;True;5406;6642;1
6646;2025-10-24 14:30:09;25481,25;VALLE;down;True;5406;6646;1
6650;2025-10-24 14:30:09;25489,25;PICO;up;True;5406;6650;1
6654;2025-10-24 14:30:09;25479,0;VALLE;down;True;5406;6654;1
6663;2025-10-24 14:30:09;25486,5;PICO;up;True;5406;6663;1
6664;2025-10-24 14:30:09;25478,75;VALLE;down;True;5406;6664;1
6673;2025-10-24 14:30:09;25486,75;PICO;up;True;5406;6673;1
6674;2025-10-24 14:30:09;25476,5;VALLE;down;True;5406;6674;1
6677;2025-10-24 14:30:09;25486,75;PICO;up;True;5406;6677;1
6689;2025-10-24 14:30:10;25468,75;VALLE;down;True;5411;6689;1
6703;2025-10-24 14:30:10;25489,0;PICO;up;True;5411;6703;1
6704;2025-10-24 14:30:10;25482,5;VALLE;down;True;5411;6704;1
6706;2025-10-24 14:30:10;25489,5;PICO;up;True;5411;6706;1
6707;2025-10-24 14:30:10;25469,5;VALLE;down;True;5411;6707;1
6709;2025-10-24 14:30:10;25490,0;PICO;up;True;5411;6709;1
6710;2025-10-24 14:30:10;25471,0;VALLE;down;True;5411;6710;1
6711;2025-10-24 14:30:10;25489,75;PICO;up;True;5411;6711;1
6712;2025-10-24 14:30:10;25471,0;VALLE;down;True;5411;6712;1
6713;2025-10-24 14:30:10;25489,75;PICO;up;True;5411;6713;1
6723;2025-10-24 14:30:10;25475,75;VALLE;down;True;5411;6723;1
6728;2025-10-24 14:30:10;25490,0;PICO;up;True;5411;6728;1
6730;2025-10-24 14:30:10;25481,25;VALLE;down;True;5411;6730;1
6733;2025-10-24 14:30:10;25488,0;PICO;up;True;5411;6733;1
6756;2025-10-24 14:30:10;25479,75;VALLE;down;True;5411;6756;1
6757;2025-10-24 14:30:10;25489,5;PICO;up;True;5411;6757;1
6761;2025-10-24 14:30:11;25481,25;VALLE;down;True;5417;6761;1
6762;2025-10-24 14:30:11;25489,25;PICO;up;True;5417;6762;1
6825;2025-10-24 14:30:11;25479,0;VALLE;down;True;5417;6825;1
6859;2025-10-24 14:30:11;25498,0;PICO;up;True;5417;6859;1
6874;2025-10-24 14:30:11;25483,25;VALLE;down;True;5417;6874;1
6875;2025-10-24 14:30:11;25496,75;PICO;up;True;5417;6875;1
6883;2025-10-24 14:30:11;25483,0;VALLE;down;True;5417;6883;1
6983;2025-10-24 14:30:12;25507,25;PICO;up;True;5421;6983;1
6986;2025-10-24 14:30:12;25500,75;VALLE;down;True;5421;6986;1
6991;2025-10-24 14:30:12;25507,5;PICO;up;True;5421;6991;1
7005;2025-10-24 14:30:12;25498,25;VALLE;down;True;5421;7005;1
7007;2025-10-24 14:30:12;25505,75;PICO;up;True;5421;7007;1
7011;2025-10-24 14:30:12;25498,75;VALLE;down;True;5421;7011;1
7013;2025-10-24 14:30:12;25505,25;PICO;up;True;5421;7013;1
7017;2025-10-24 14:30:12;25499,25;VALLE;down;True;5421;7017;1
7018;2025-10-24 14:30:12;25504,75;PICO;up;True;5421;7018;1
7042;2025-10-24 14:30:12;25481,25;VALLE;down;True;5421;7042;1
7043;2025-10-24 14:30:12;25487,0;PICO;up;True;5421;7043;1
7047;2025-10-24 14:30:12;25477,5;VALLE;down;True;5421;7047;1
7050;2025-10-24 14:30:12;25486,5;PICO;up;True;5421;7050;1
7051;2025-10-24 14:30:12;25480,5;VALLE;down;True;5421;7051;1
7053;2025-10-24 14:30:12;25486,5;PICO;up;True;5421;7053;1
7063;2025-10-24 14:30:12;25475,0;VALLE;down;True;5421;7063;1
7067;2025-10-24 14:30:12;25490,0;PICO;up;True;5421;7067;1
7068;2025-10-24 14:30:12;25484,25;VALLE;down;True;5421;7068;1
7070;2025-10-24 14:30:12;25490,0;PICO;up;True;5421;7070;1
7074;2025-10-24 14:30:12;25484,5;VALLE;down;True;5421;7074;1
7099;2025-10-24 14:30:13;25502,25;PICO;up;True;5421;7099;1
7103;2025-10-24 14:30:13;25492,25;VALLE;down;True;5421;7103;1
7105;2025-10-24 14:30:13;25502,25;PICO;up;True;5421;7105;1
7125;2025-10-24 14:30:13;25484,5;VALLE;down;True;5421;7125;1
7128;2025-10-24 14:30:13;25492,5;PICO;up;True;5421;7128;1
7139;2025-10-24 14:30:13;25479,0;VALLE;down;True;5421;7139;1
7140;2025-10-24 14:30:13;25484,25;PICO;up;True;5421;7140;1
7148;2025-10-24 14:30:13;25472,75;VALLE;down;True;5421;7148;1
7176;2025-10-24 14:30:13;25485,5;PICO;up;True;5421;7176;1
7192;2025-10-24 14:30:14;25472,75;VALLE;down;True;5430;7192;1
7193;2025-10-24 14:30:14;25479,75;PICO;up;True;5430;7193;1
7207;2025-10-24 14:30:14;25462,5;VALLE;down;True;5430;7207;1
7224;2025-10-24 14:30:14;25475,0;PICO;up;True;5430;7224;1
7235;2025-10-24 14:30:14;25463,5;VALLE;down;True;5430;7235;1
7252;2025-10-24 14:30:14;25481,5;PICO;up;True;5430;7252;1
7253;2025-10-24 14:30:14;25471,75;VALLE;down;True;5430;7253;1
7258;2025-10-24 14:30:14;25482,0;PICO;up;True;5430;7258;1
7259;2025-10-24 14:30:14;25472,0;VALLE;down;True;5430;7259;1
7260;2025-10-24 14:30:14;25481,75;PICO;up;True;5430;7260;1
7261;2025-10-24 14:30:15;25472,25;VALLE;down;True;5432;7261;1
7262;2025-10-24 14:30:15;25481,75;PICO;up;True;5432;7262;1
7263;2025-10-24 14:30:15;25472,5;VALLE;down;True;5432;7263;1
7266;2025-10-24 14:30:15;25482,0;PICO;up;True;5432;7266;1
7267;2025-10-24 14:30:15;25474,5;VALLE;down;True;5432;7267;1
7269;2025-10-24 14:30:15;25488,25;PICO;up;True;5432;7269;1
7271;2025-10-24 14:30:15;25475,0;VALLE;down;True;5432;7271;1
7275;2025-10-24 14:30:15;25488,25;PICO;up;True;5432;7275;1
7278;2025-10-24 14:30:15;25475,75;VALLE;down;True;5432;7278;1
7280;2025-10-24 14:30:15;25483,75;PICO;up;True;5432;7280;1
7283;2025-10-24 14:30:15;25478,25;VALLE;down;True;5432;7283;1
7287;2025-10-24 14:30:15;25483,75;PICO;up;True;5432;7287;1
7289;2025-10-24 14:30:16;25476,25;VALLE;down;True;5440;7289;1
7301;2025-10-24 14:30:16;25492,0;PICO;up;True;5440;7301;1
7302;2025-10-24 14:30:16;25476,5;VALLE;down;True;5440;7302;1
7303;2025-10-24 14:30:16;25486,25;PICO;up;True;5440;7303;1
7309;2025-10-24 14:30:16;25481,0;VALLE;down;True;5440;7309;1
7323;2025-10-24 14:30:17;25491,5;PICO;up;True;5444;7323;1
7334;2025-10-24 14:30:17;25482,75;VALLE;down;True;5444;7334;1
7348;2025-10-24 14:30:17;25502,5;PICO;up;True;5444;7348;1
7349;2025-10-24 14:30:17;25492,5;VALLE;down;True;5444;7349;1
7376;2025-10-24 14:30:17;25507,5;PICO;up;True;5444;7376;1
7378;2025-10-24 14:30:17;25502,0;VALLE;down;True;5444;7378;1
7379;2025-10-24 14:30:17;25507,5;PICO;up;True;5444;7379;1
7381;2025-10-24 14:30:17;25501,75;VALLE;down;True;5444;7381;1
7398;2025-10-24 14:30:17;25507,75;PICO;up;True;5444;7398;1
7427;2025-10-24 14:30:17;25483,75;VALLE;down;True;5444;7427;1
7430;2025-10-24 14:30:17;25496,75;PICO;up;True;5444;7430;1
7450;2025-10-24 14:30:17;25489,75;VALLE;down;True;5444;7450;1
7454;2025-10-24 14:30:17;25495,5;PICO;up;True;5444;7454;1
7455;2025-10-24 14:30:17;25490,0;VALLE;down;True;5444;7455;1
7457;2025-10-24 14:30:17;25496,25;PICO;up;True;5444;7457;1
7514;2025-10-24 14:30:18;25477,25;VALLE;down;True;5453;7514;1
7523;2025-10-24 14:30:19;25484,0;PICO;up;True;5459;7523;1
7524;2025-10-24 14:30:19;25478,75;VALLE;down;True;5459;7524;1
7526;2025-10-24 14:30:19;25484,0;PICO;up;True;5459;7526;1
7548;2025-10-24 14:30:19;25477,0;VALLE;down;True;5459;7548;1
7571;2025-10-24 14:30:20;25493,0;PICO;up;True;5462;7571;1
7572;2025-10-24 14:30:20;25483,25;VALLE;down;True;5462;7572;1
7573;2025-10-24 14:30:20;25493,0;PICO;up;True;5462;7573;1
7574;2025-10-24 14:30:20;25483,25;VALLE;down;True;5462;7574;1
7583;2025-10-24 14:30:20;25494,75;PICO;up;True;5462;7583;1
7601;2025-10-24 14:30:20;25476,75;VALLE;down;True;5462;7601;1
7619;2025-10-24 14:30:21;25490,75;PICO;up;True;5462;7619;1
7621;2025-10-24 14:30:21;25485,5;VALLE;down;True;5462;7621;1
7624;2025-10-24 14:30:21;25494,5;PICO;up;True;5462;7624;1
7627;2025-10-24 14:30:21;25486,75;VALLE;down;True;5462;7627;1
7628;2025-10-24 14:30:21;25494,5;PICO;up;True;5462;7628;1
7629;2025-10-24 14:30:21;25488,0;VALLE;down;True;5462;7629;1
7630;2025-10-24 14:30:21;25494,25;PICO;up;True;5462;7630;1
7649;2025-10-24 14:30:21;25478,5;VALLE;down;True;5462;7649;1
7650;2025-10-24 14:30:21;25489,75;PICO;up;True;5462;7650;1
7651;2025-10-24 14:30:21;25478,25;VALLE;down;True;5462;7651;1
7652;2025-10-24 14:30:21;25489,75;PICO;up;True;5462;7652;1
7659;2025-10-24 14:30:21;25478,5;VALLE;down;True;5462;7659;1
7684;2025-10-24 14:30:22;25492,25;PICO;up;True;5465;7684;1
7685;2025-10-24 14:30:22;25486,75;VALLE;down;True;5465;7685;1
7689;2025-10-24 14:30:22;25494,5;PICO;up;True;5465;7689;1
7704;2025-10-24 14:30:22;25486,75;VALLE;down;True;5465;7704;1
7712;2025-10-24 14:30:22;25494,25;PICO;up;True;5465;7712;1
7716;2025-10-24 14:30:22;25486,25;VALLE;down;True;5465;7716;1
7718;2025-10-24 14:30:23;25494,0;PICO;up;True;5468;7718;1
7724;2025-10-24 14:30:23;25486,25;VALLE;down;True;5468;7724;1
7726;2025-10-24 14:30:23;25492,5;PICO;up;True;5468;7726;1
7727;2025-10-24 14:30:23;25486,5;VALLE;down;True;5468;7727;1
7739;2025-10-24 14:30:23;25492,75;PICO;up;True;5468;7739;1
7758;2025-10-24 14:30:23;25482,0;VALLE;down;True;5468;7758;1
7774;2025-10-24 14:30:24;25491,75;PICO;up;True;5471;7774;1
7775;2025-10-24 14:30:24;25486,25;VALLE;down;True;5471;7775;1
7779;2025-10-24 14:30:24;25491,5;PICO;up;True;5471;7779;1
7780;2025-10-24 14:30:24;25486,0;VALLE;down;True;5471;7780;1
7781;2025-10-24 14:30:24;25491,25;PICO;up;True;5471;7781;1
7797;2025-10-24 14:30:24;25477,75;VALLE;down;True;5471;7797;1
7817;2025-10-24 14:30:25;25487,5;PICO;up;True;5476;7817;1
7820;2025-10-24 14:30:25;25481,5;VALLE;down;True;5476;7820;1
7822;2025-10-24 14:30:26;25486,75;PICO;up;True;5478;7822;1
7826;2025-10-24 14:30:26;25481,5;VALLE;down;True;5478;7826;1
7830;2025-10-24 14:30:26;25487,25;PICO;up;True;5478;7830;1
7853;2025-10-24 14:30:26;25478,5;VALLE;down;True;5478;7853;1
7880;2025-10-24 14:30:27;25494,0;PICO;up;True;5478;7880;1
7882;2025-10-24 14:30:27;25485,5;VALLE;down;True;5478;7882;1
7957;2025-10-24 14:30:28;25505,25;PICO;up;True;5488;7957;1
7971;2025-10-24 14:30:28;25497,25;VALLE;down;True;5488;7971;1
7992;2025-10-24 14:30:29;25505,25;PICO;up;True;5491;7992;1
8000;2025-10-24 14:30:29;25499,75;VALLE;down;True;5491;8000;1
8020;2025-10-24 14:30:30;25508,0;PICO;up;True;5491;8020;1
8054;2025-10-24 14:30:30;25497,0;VALLE;down;True;5491;8054;1
8058;2025-10-24 14:30:30;25503,0;PICO;up;True;5491;8058;1
8074;2025-10-24 14:30:30;25495,5;VALLE;down;True;5491;8074;1
8075;2025-10-24 14:30:31;25502,5;PICO;up;True;5495;8075;1
8078;2025-10-24 14:30:31;25496,25;VALLE;down;True;5495;8078;1
8083;2025-10-24 14:30:31;25503,75;PICO;up;True;5495;8083;1
8086;2025-10-24 14:30:31;25498,25;VALLE;down;True;5495;8086;1
8087;2025-10-24 14:30:31;25504,0;PICO;up;True;5495;8087;1
8109;2025-10-24 14:30:32;25490,75;VALLE;down;True;5508;8109;1
8170;2025-10-24 14:30:34;25503,5;PICO;up;True;5532;8170;1
8192;2025-10-24 14:30:34;25489,5;VALLE;down;True;5532;8192;1
8193;2025-10-24 14:30:34;25501,25;PICO;up;True;5532;8193;1
8200;2025-10-24 14:30:34;25495,75;VALLE;down;True;5532;8200;1
8212;2025-10-24 14:30:34;25501,75;PICO;up;True;5532;8212;1
8247;2025-10-24 14:30:35;25490,25;VALLE;down;True;5538;8247;1
8250;2025-10-24 14:30:35;25502,25;PICO;up;True;5538;8250;1
8303;2025-10-24 14:30:37;25484,0;VALLE;down;True;5542;8303;1
8319;2025-10-24 14:30:37;25493,75;PICO;up;True;5542;8319;1
8335;2025-10-24 14:30:38;25487,0;VALLE;down;True;5543;8335;1
8385;2025-10-24 14:30:40;25500,0;PICO;up;True;5552;8385;1
8387;2025-10-24 14:30:40;25493,75;VALLE;down;True;5552;8387;1
8392;2025-10-24 14:30:40;25501,0;PICO;up;True;5552;8392;1
8425;2025-10-24 14:30:41;25489,25;VALLE;down;True;5555;8425;1
8428;2025-10-24 14:30:41;25496,5;PICO;up;True;5555;8428;1
8446;2025-10-24 14:30:42;25489,5;VALLE;down;True;5560;8446;1
8487;2025-10-24 14:30:42;25503,75;PICO;up;True;5560;8487;1
8509;2025-10-24 14:30:43;25492,75;VALLE;down;True;5563;8509;1
8542;2025-10-24 14:30:43;25503,25;PICO;up;True;5563;8542;1
8567;2025-10-24 14:30:44;25496,0;VALLE;down;True;5564;8567;1
8583;2025-10-24 14:30:44;25503,75;PICO;up;True;5564;8583;1
8602;2025-10-24 14:30:45;25495,0;VALLE;down;True;5565;8602;1
8681;2025-10-24 14:30:47;25518,0;PICO;up;True;5572;8681;1
8694;2025-10-24 14:30:47;25511,75;VALLE;down;True;5572;8694;1
8734;2025-10-24 14:30:49;25519,5;PICO;up;True;5575;8734;1
8758;2025-10-24 14:30:49;25510,5;VALLE;down;True;5575;8758;1
8759;2025-10-24 14:30:49;25516,0;PICO;up;True;5575;8759;1
8770;2025-10-24 14:30:50;25507,5;VALLE;down;True;5577;8770;1
8771;2025-10-24 14:30:50;25514,75;PICO;up;True;5577;8771;1
8772;2025-10-24 14:30:50;25507,5;VALLE;down;True;5577;8772;1
8796;2025-10-24 14:30:50;25517,5;PICO;up;True;5577;8796;1
8811;2025-10-24 14:30:50;25508,25;VALLE;down;True;5577;8811;1
8909;2025-10-24 14:30:53;25520,0;PICO;up;True;5586;8909;1
8925;2025-10-24 14:30:54;25513,25;VALLE;down;True;5586;8925;1
8947;2025-10-24 14:30:55;25520,0;PICO;up;True;5588;8947;1
8975;2025-10-24 14:30:56;25511,5;VALLE;down;True;5591;8975;1
8992;2025-10-24 14:30:56;25519,25;PICO;up;True;5591;8992;1
9001;2025-10-24 14:30:57;25511,0;VALLE;down;True;5594;9001;1
9033;2025-10-24 14:30:58;25519,5;PICO;up;True;5594;9033;1
9082;2025-10-24 14:31:00;25505,5;VALLE;down;True;5600;9082;1
9137;2025-10-24 14:31:01;25521,0;PICO;up;True;5626;9137;1
9145;2025-10-24 14:31:01;25509,0;VALLE;down;True;5626;9145;1
9191;2025-10-24 14:31:01;25521,25;PICO;up;True;5626;9191;1
9242;2025-10-24 14:31:04;25510,25;VALLE;down;True;5952;9242;1
9269;2025-10-24 14:31:05;25515,75;PICO;up;True;5952;9269;1
9276;2025-10-24 14:31:05;25510,25;VALLE;down;True;5952;9276;1
9309;2025-10-24 14:31:06;25516,75;PICO;up;True;5952;9309;1
9317;2025-10-24 14:31:07;25511,25;VALLE;down;True;5952;9317;1
9380;2025-10-24 14:31:08;25518,5;PICO;up;True;6434;9380;1
9405;2025-10-24 14:31:10;25512,25;VALLE;down;True;6689;9405;1
9464;2025-10-24 14:31:11;25521,75;PICO;up;True;6758;9464;1
9479;2025-10-24 14:31:11;25516,25;VALLE;down;True;6758;9479;1
9483;2025-10-24 14:31:11;25521,5;PICO;up;True;6758;9483;1
9577;2025-10-24 14:31:15;25508,5;VALLE;down;True;7261;9577;1
9617;2025-10-24 14:31:16;25517,25;PICO;up;True;7289;9617;1
9651;2025-10-24 14:31:18;25510,25;VALLE;down;True;7462;9651;1
9677;2025-10-24 14:31:19;25517,0;PICO;up;True;7522;9677;1
9738;2025-10-24 14:31:21;25507,0;VALLE;down;True;7610;9738;1
9790;2025-10-24 14:31:23;25515,0;PICO;up;True;7718;9790;1
9873;2025-10-24 14:31:29;25505,5;VALLE;down;True;7985;9873;1
9988;2025-10-24 14:31:30;25523,25;PICO;up;True;8012;9988;1
10043;2025-10-24 14:31:31;25506,0;VALLE;down;True;8075;10043;1
10103;2025-10-24 14:31:34;25515,0;PICO;up;True;8167;10103;1
10285;2025-10-24 14:31:41;25501,0;VALLE;down;True;8398;10285;1
10374;2025-10-24 14:31:44;25507,25;PICO;up;True;8545;10374;1
10538;2025-10-24 14:31:49;25497,25;VALLE;down;True;8723;10538;1
10754;2025-10-24 14:31:55;25503,25;PICO;up;True;8936;10754;1
10905;2025-10-24 14:31:59;25494,25;VALLE;down;True;9040;10905;1
11111;2025-10-24 14:32:02;25506,0;PICO;up;True;9208;11111;1
11236;2025-10-24 14:32:06;25499,25;VALLE;down;True;9293;11236;1
11279;2025-10-24 14:32:06;25504,5;PICO;up;True;9293;11279;1
11359;2025-10-24 14:32:08;25498,0;VALLE;down;True;9338;11359;1
11379;2025-10-24 14:32:09;25503,75;PICO;up;True;9388;11379;1
11663;2025-10-24 14:32:24;25498,0;VALLE;down;True;9795;11663;1
11995;2025-10-24 14:32:40;25511,25;PICO;up;True;10238;11995;1
12097;2025-10-24 14:32:45;25506,0;VALLE;down;True;10394;12097;1
12388;2025-10-24 14:32:57;25522,25;PICO;up;True;10779;12388;1
13194;2025-10-24 14:33:25;25488,25;VALLE;down;True;11683;13194;1
13303;2025-10-24 14:33:29;25495,5;PICO;up;True;11773;13303;1
13822;2025-10-24 14:33:50;25480,75;VALLE;down;True;12199;13822;1
14313;2025-10-24 14:34:12;25504,5;PICO;up;True;12810;14313;1
14425;2025-10-24 14:34:17;25496,25;VALLE;down;True;12929;14425;1
14453;2025-10-24 14:34:19;25502,5;PICO;up;True;12996;14453;1
14975;2025-10-24 14:34:58;25477,75;VALLE;down;True;14037;14975;1
15162;2025-10-24 14:35:05;25485,5;PICO;up;True;14180;15162;1
15347;2025-10-24 14:35:15;25474,25;VALLE;down;True;14374;15347;1
15483;2025-10-24 14:35:26;25487,0;PICO;up;True;14521;15483;1
15602;2025-10-24 14:35:31;25474,5;VALLE;down;True;14551;15602;1
15742;2025-10-24 14:35:41;25482,0;PICO;up;True;14710;15742;1
15943;2025-10-24 14:35:49;25472,0;VALLE;down;True;14814;15943;1
16154;2025-10-24 14:36:03;25490,5;PICO;up;True;15090;16154;1
16455;2025-10-24 14:36:22;25479,0;VALLE;down;True;15412;16455;1
17066;2025-10-24 14:37:08;25507,0;PICO;up;True;16260;17066;1
17322;2025-10-24 14:37:32;25495,5;VALLE;down;True;16592;17322;1
17453;2025-10-24 14:37:36;25502,5;PICO;up;True;16632;17453;1
17903;2025-10-24 14:38:03;25481,75;VALLE;down;True;16953;17903;1
18009;2025-10-24 14:38:16;25488,25;PICO;up;True;17196;18009;1
18074;2025-10-24 14:38:22;25479,75;VALLE;down;True;17245;18074;1
18123;2025-10-24 14:38:28;25487,25;PICO;up;True;17294;18123;1
18274;2025-10-24 14:38:42;25472,5;VALLE;down;True;17512;18274;1
18477;2025-10-24 14:38:51;25481,75;PICO;up;True;17703;18477;1
18716;2025-10-24 14:39:11;25471,0;VALLE;down;True;17986;18716;1
18798;2025-10-24 14:39:14;25478,5;PICO;up;True;17990;18798;1
18880;2025-10-24 14:39:21;25472,0;VALLE;down;True;18056;18880;1
19066;2025-10-24 14:39:40;25480,5;PICO;up;True;18249;19066;1
19166;2025-10-24 14:39:50;25472,75;VALLE;down;True;18367;19166;1
19349;2025-10-24 14:40:08;25483,5;PICO;up;True;18673;19349;1
19538;2025-10-24 14:40:22;25471,5;VALLE;down;True;18890;19538;1
19632;2025-10-24 14:40:34;25477,25;PICO;up;True;19016;19632;1
20070;2025-10-24 14:40:59;25461,5;VALLE;down;True;19225;20070;1
20235;2025-10-24 14:41:15;25470,25;PICO;up;True;19457;20235;1
20650;2025-10-24 14:41:48;25453,75;VALLE;down;True;19910;20650;1
20738;2025-10-24 14:41:53;25459,75;PICO;up;True;19961;20738;1
20923;2025-10-24 14:42:03;25453,75;VALLE;down;True;20138;20923;1
21439;2025-10-24 14:42:33;25471,25;PICO;up;True;20435;21439;1
21516;2025-10-24 14:42:39;25465,5;VALLE;down;True;20468;21516;1
21802;2025-10-24 14:43:09;25474,0;PICO;up;True;20990;21802;1
21985;2025-10-24 14:43:32;25465,0;VALLE;down;True;21424;21985;1
22018;2025-10-24 14:43:40;25472,0;PICO;up;True;21529;22018;1
22145;2025-10-24 14:44:04;25460,0;VALLE;down;True;21733;22145;1
22432;2025-10-24 14:44:16;25476,25;PICO;up;True;21840;22432;1
22620;2025-10-24 14:44:45;25465,75;VALLE;down;True;22032;22620;1
23022;2025-10-24 14:45:43;25479,0;PICO;up;True;22615;23022;1
23057;2025-10-24 14:45:46;25473,25;VALLE;down;True;22624;23057;1
23300;2025-10-24 14:46:08;25487,5;PICO;up;True;22709;23300;1
23607;2025-10-24 14:46:34;25472,0;VALLE;down;True;22901;23607;1
23786;2025-10-24 14:46:57;25483,75;PICO;up;True;23106;23786;1
23951;2025-10-24 14:47:27;25477,25;VALLE;down;True;23539;23951;1
23987;2025-10-24 14:47:32;25483,0;PICO;up;True;23582;23987;1
24179;2025-10-24 14:48:05;25472,75;VALLE;down;True;23846;24179;1
24263;2025-10-24 14:48:33;25479,25;PICO;up;True;24000;24263;1
24492;2025-10-24 14:48:54;25467,75;VALLE;down;True;24117;24492;1
24635;2025-10-24 14:49:13;25480,25;PICO;up;True;24212;24635;1
24712;2025-10-24 14:49:22;25473,0;VALLE;down;True;24227;24712;1
24995;2025-10-24 14:50:15;25480,75;PICO;up;True;24656;24995;1
25099;2025-10-24 14:50:34;25472,5;VALLE;down;True;24754;25099;1
25185;2025-10-24 14:50:56;25478,5;PICO;up;True;24869;25185;1
25321;2025-10-24 14:51:39;25470,5;VALLE;down;True;25142;25321;1
25425;2025-10-24 14:52:08;25477,75;PICO;up;True;25235;25425;1
25481;2025-10-24 14:52:22;25471,75;VALLE;down;True;25278;25481;1
25589;2025-10-24 14:52:40;25482,0;PICO;up;True;25326;25589;1
26444;2025-10-24 14:53:59;25454,0;VALLE;down;True;25706;26444;1
26718;2025-10-24 14:54:50;25465,25;PICO;up;True;26331;26718;1
26776;2025-10-24 14:54:59;25459,25;VALLE;down;True;26389;26776;1
26813;2025-10-24 14:55:04;25466,5;PICO;up;True;26501;26813;1
26951;2025-10-24 14:55:27;25456,75;VALLE;down;True;26614;26951;1
27054;2025-10-24 14:55:52;25464,75;PICO;up;True;26726;27054;1
27400;2025-10-24 14:57:24;25454,0;VALLE;down;True;27175;27400;1
27465;2025-10-24 14:57:32;25461,25;PICO;up;True;27190;27465;1
27934;2025-10-24 14:58:19;25446,25;VALLE;down;True;27381;27934;1
28471;2025-10-24 15:00:01;25461,5;PICO;up;True;28219;28471;1
28574;2025-10-24 15:00:12;25455,5;VALLE;down;True;28265;28574;1
28673;2025-10-24 15:00:24;25462,0;PICO;up;True;28290;28673;1
28784;2025-10-24 15:00:43;25453,5;VALLE;down;True;28372;28784;1
28977;2025-10-24 15:01:25;25464,0;PICO;up;True;28679;28977;1
29062;2025-10-24 15:01:38;25457,5;VALLE;down;True;28761;29062;1
30642;2025-10-24 15:06:32;25473,0;PICO;up;True;30387;30642;1
30922;2025-10-24 15:06:58;25467,25;VALLE;down;True;30470;30922;1
31726;2025-10-24 15:10:13;25479,0;PICO;up;True;31453;31726;1
32189;2025-10-24 15:12:17;25469,25;VALLE;down;True;31955;32189;1
32315;2025-10-24 15:12:32;25478,25;PICO;up;True;31981;32315;1
32835;2025-10-24 15:13:36;25467,0;VALLE;down;True;32375;32835;1
33430;2025-10-24 15:15:43;25481,5;PICO;up;True;33127;33430;1
33548;2025-10-24 15:16:00;25473,75;VALLE;down;True;33185;33548;1
33710;2025-10-24 15:16:23;25480,5;PICO;up;True;33300;33710;1
33893;2025-10-24 15:17:03;25470,5;VALLE;down;True;33588;33893;1
33994;2025-10-24 15:17:44;25478,0;PICO;up;True;33797;33994;1
34355;2025-10-24 15:19:31;25468,75;VALLE;down;True;34100;34355;1
35829;2025-10-24 15:22:52;25493,5;PICO;up;True;35436;35829;1
36038;2025-10-24 15:23:24;25487,0;VALLE;down;True;35680;36038;1
36202;2025-10-24 15:24:02;25492,5;PICO;up;True;35931;36202;1
37313;2025-10-24 15:26:21;25474,25;VALLE;down;True;36915;37313;1
37599;2025-10-24 15:27:03;25479,75;PICO;up;True;37190;37599;1
38447;2025-10-24 15:28:20;25465,25;VALLE;down;True;37699;38447;1
38721;2025-10-24 15:29:00;25471,75;PICO;up;True;37946;38721;1
40057;2025-10-24 15:30:03;25452,25;VALLE;down;True;38736;40057;1
40120;2025-10-24 15:30:04;25457,5;PICO;up;True;38737;40120;1
40239;2025-10-24 15:30:05;25452,0;VALLE;down;True;38745;40239;1
40514;2025-10-24 15:30:08;25467,25;PICO;up;True;38778;40514;1
41697;2025-10-24 15:30:21;25440,0;VALLE;down;True;38898;41697;1
41991;2025-10-24 15:30:24;25451,75;PICO;up;True;38918;41991;1
42042;2025-10-24 15:30:25;25445,25;VALLE;down;True;38920;42042;1
42347;2025-10-24 15:30:31;25452,5;PICO;up;True;38965;42347;1
42698;2025-10-24 15:30:38;25438,75;VALLE;down;True;39013;42698;1
42957;2025-10-24 15:30:43;25448,25;PICO;up;True;39038;42957;1
43152;2025-10-24 15:30:47;25440,25;VALLE;down;True;39087;43152;1
43333;2025-10-24 15:30:51;25446,25;PICO;up;True;39135;43333;1
43934;2025-10-24 15:31:01;25432,25;VALLE;down;True;39335;43934;1
44283;2025-10-24 15:31:04;25445,25;PICO;up;True;40116;44283;1
44560;2025-10-24 15:31:08;25437,75;VALLE;down;True;40474;44560;1
45448;2025-10-24 15:31:26;25458,5;PICO;up;True;42062;45448;1
46187;2025-10-24 15:31:40;25430,25;VALLE;down;True;42780;46187;1
46284;2025-10-24 15:31:42;25435,75;PICO;up;True;42895;46284;1
46330;2025-10-24 15:31:43;25430,25;VALLE;down;True;42936;46330;1
46381;2025-10-24 15:31:44;25436,25;PICO;up;True;42972;46381;1
46444;2025-10-24 15:31:45;25429,75;VALLE;down;True;43018;46444;1
47192;2025-10-24 15:32:03;25448,0;PICO;up;True;44105;47192;1
47236;2025-10-24 15:32:03;25442,75;VALLE;down;True;44105;47236;1
47574;2025-10-24 15:32:10;25460,0;PICO;up;True;44609;47574;1
48018;2025-10-24 15:32:18;25449,75;VALLE;down;True;45020;48018;1
48077;2025-10-24 15:32:20;25456,0;PICO;up;True;45077;48077;1
48172;2025-10-24 15:32:23;25450,75;VALLE;down;True;45251;48172;1
48216;2025-10-24 15:32:26;25457,75;PICO;up;True;45380;48216;1
48327;2025-10-24 15:32:29;25451,5;VALLE;down;True;45587;48327;1
48522;2025-10-24 15:32:34;25462,5;PICO;up;True;45772;48522;1
48795;2025-10-24 15:32:43;25456,0;VALLE;down;True;46304;48795;1
49149;2025-10-24 15:32:55;25467,25;PICO;up;True;46809;49149;1
49263;2025-10-24 15:32:59;25460,25;VALLE;down;True;47010;49263;1
49863;2025-10-24 15:33:09;25472,75;PICO;up;True;47487;49863;1
50186;2025-10-24 15:33:21;25463,25;VALLE;down;True;48094;50186;1
50546;2025-10-24 15:33:38;25472,25;PICO;up;True;48657;50546;1
50805;2025-10-24 15:33:50;25464,25;VALLE;down;True;48998;50805;1
52871;2025-10-24 15:34:39;25493,75;PICO;up;True;50561;52871;1
53113;2025-10-24 15:34:45;25487,0;VALLE;down;True;50674;53113;1
53299;2025-10-24 15:34:51;25493,5;PICO;up;True;50815;53299;1
53485;2025-10-24 15:34:55;25486,5;VALLE;down;True;50879;53485;1
53785;2025-10-24 15:35:02;25496,0;PICO;up;True;51039;53785;1
53968;2025-10-24 15:35:06;25490,0;VALLE;down;True;51214;53968;1
54537;2025-10-24 15:35:13;25504,0;PICO;up;True;51599;54537;1
54919;2025-10-24 15:35:19;25493,5;VALLE;down;True;51798;54919;1
55130;2025-10-24 15:35:25;25500,5;PICO;up;True;52136;55130;1
55468;2025-10-24 15:35:33;25487,0;VALLE;down;True;52489;55468;1
55525;2025-10-24 15:35:33;25492,75;PICO;up;True;52489;55525;1
55684;2025-10-24 15:35:37;25487,0;VALLE;down;True;52740;55684;1
55955;2025-10-24 15:35:47;25497,75;PICO;up;True;53195;55955;1
56105;2025-10-24 15:35:51;25490,0;VALLE;down;True;53286;56105;1
56402;2025-10-24 15:36:01;25503,25;PICO;up;True;53605;56402;1
56784;2025-10-24 15:36:11;25494,75;VALLE;down;True;54180;56784;1
58182;2025-10-24 15:36:49;25520,25;PICO;up;True;56057;58182;1
58411;2025-10-24 15:36:52;25514,0;VALLE;down;True;56129;58411;1
58965;2025-10-24 15:37:01;25528,0;PICO;up;True;56402;58965;1
59793;2025-10-24 15:37:12;25519,0;VALLE;down;True;56790;59793;1
59897;2025-10-24 15:37:14;25525,5;PICO;up;True;56839;59897;1
60061;2025-10-24 15:37:15;25519,0;VALLE;down;True;56879;60061;1
60266;2025-10-24 15:37:23;25524,25;PICO;up;True;57026;60266;1
60373;2025-10-24 15:37:26;25518,0;VALLE;down;True;57109;60373;1
60741;2025-10-24 15:37:39;25529,5;PICO;up;True;57430;60741;1
61144;2025-10-24 15:37:56;25521,5;VALLE;down;True;58579;61144;1
61329;2025-10-24 15:38:02;25527,0;PICO;up;True;59179;61329;1
61566;2025-10-24 15:38:09;25518,5;VALLE;down;True;59627;61566;1
61681;2025-10-24 15:38:12;25527,5;PICO;up;True;59740;61681;1
62567;2025-10-24 15:38:38;25509,0;VALLE;down;True;60694;62567;1
63450;2025-10-24 15:39:03;25530,5;PICO;up;True;61338;63450;1
63916;2025-10-24 15:39:15;25515,5;VALLE;down;True;61738;63916;1
63990;2025-10-24 15:39:18;25522,5;PICO;up;True;61791;63990;1
64277;2025-10-24 15:39:25;25511,75;VALLE;down;True;62113;64277;1
64555;2025-10-24 15:39:34;25522,25;PICO;up;True;62401;64555;1
64737;2025-10-24 15:39:44;25513,0;VALLE;down;True;62768;64737;1
64807;2025-10-24 15:39:46;25518,5;PICO;up;True;62819;64807;1
65535;2025-10-24 15:40:02;25503,75;VALLE;down;True;63308;65535;1
65941;2025-10-24 15:40:10;25519,25;PICO;up;True;63750;65941;1
66264;2025-10-24 15:40:17;25503,5;VALLE;down;True;63968;66264;1
66511;2025-10-24 15:40:24;25516,25;PICO;up;True;64218;66511;1
66703;2025-10-24 15:40:32;25506,75;VALLE;down;True;64475;66703;1
66927;2025-10-24 15:40:42;25514,5;PICO;up;True;64668;66927;1
67218;2025-10-24 15:40:48;25497,0;VALLE;down;True;64868;67218;1
67645;2025-10-24 15:41:01;25512,75;PICO;up;True;65317;67645;1
67833;2025-10-24 15:41:06;25502,75;VALLE;down;True;65693;67833;1
67853;2025-10-24 15:41:07;25508,25;PICO;up;True;65749;67853;1
67929;2025-10-24 15:41:11;25501,75;VALLE;down;True;65959;67929;1
68146;2025-10-24 15:41:20;25513,25;PICO;up;True;66352;68146;1
68250;2025-10-24 15:41:26;25506,0;VALLE;down;True;66561;68250;1
68316;2025-10-24 15:41:29;25513,25;PICO;up;True;66602;68316;1
68625;2025-10-24 15:41:48;25504,25;VALLE;down;True;67151;68625;1
69066;2025-10-24 15:42:08;25515,0;PICO;up;True;67861;69066;1
69196;2025-10-24 15:42:12;25508,75;VALLE;down;True;67950;69196;1
69297;2025-10-24 15:42:16;25516,25;PICO;up;True;68030;69297;1
69430;2025-10-24 15:42:22;25508,75;VALLE;down;True;68185;69430;1
69525;2025-10-24 15:42:27;25518,75;PICO;up;True;68275;69525;1
69857;2025-10-24 15:42:40;25506,75;VALLE;down;True;68500;69857;1
69994;2025-10-24 15:42:43;25514,5;PICO;up;True;68543;69994;1
70235;2025-10-24 15:42:54;25508,25;VALLE;down;True;68755;70235;1
70630;2025-10-24 15:43:12;25518,75;PICO;up;True;69181;70630;1
70718;2025-10-24 15:43:14;25510,5;VALLE;down;True;69216;70718;1
70825;2025-10-24 15:43:20;25516,25;PICO;up;True;69374;70825;1
71640;2025-10-24 15:43:45;25492,5;VALLE;down;True;70062;71640;1
72039;2025-10-24 15:44:01;25509,25;PICO;up;True;70312;72039;1
72262;2025-10-24 15:44:12;25501,0;VALLE;down;True;70599;72262;1
72325;2025-10-24 15:44:17;25506,5;PICO;up;True;70775;72325;1
72365;2025-10-24 15:44:20;25498,75;VALLE;down;True;70822;72365;1
72696;2025-10-24 15:44:46;25510,0;PICO;up;True;71667;72696;1
72719;2025-10-24 15:44:47;25503,5;VALLE;down;True;71705;72719;1
72949;2025-10-24 15:45:00;25520,25;PICO;up;True;72001;72949;1
72970;2025-10-24 15:45:00;25510,25;VALLE;down;True;72001;72970;1
72980;2025-10-24 15:45:00;25520,25;PICO;up;True;72001;72980;1
72991;2025-10-24 15:45:01;25504,0;VALLE;down;True;72015;72991;1
72999;2025-10-24 15:45:01;25512,25;PICO;up;True;72015;72999;1
73001;2025-10-24 15:45:01;25501,5;VALLE;down;True;72015;73001;1
73040;2025-10-24 15:45:01;25525,0;PICO;up;True;72015;73040;1
73061;2025-10-24 15:45:01;25513,25;VALLE;down;True;72015;73061;1
73067;2025-10-24 15:45:01;25528,75;PICO;up;True;72015;73067;1
73069;2025-10-24 15:45:01;25522,75;VALLE;down;True;72015;73069;1
73072;2025-10-24 15:45:01;25528,25;PICO;up;True;72015;73072;1
73088;2025-10-24 15:45:01;25511,75;VALLE;down;True;72015;73088;1
73092;2025-10-24 15:45:01;25528,75;PICO;up;True;72015;73092;1
73099;2025-10-24 15:45:01;25500,25;VALLE;down;True;72015;73099;1
73103;2025-10-24 15:45:01;25522,75;PICO;up;True;72015;73103;1
73104;2025-10-24 15:45:01;25505,5;VALLE;down;True;72015;73104;1
73111;2025-10-24 15:45:01;25512,5;PICO;up;True;72015;73111;1
73112;2025-10-24 15:45:01;25505,5;VALLE;down;True;72015;73112;1
73113;2025-10-24 15:45:01;25523,25;PICO;up;True;72015;73113;1
73120;2025-10-24 15:45:01;25516,5;VALLE;down;True;72015;73120;1
73125;2025-10-24 15:45:01;25527,75;PICO;up;True;72015;73125;1
73133;2025-10-24 15:45:01;25520,25;VALLE;down;True;72015;73133;1
73201;2025-10-24 15:45:01;25535,0;PICO;up;True;72015;73201;1
73224;2025-10-24 15:45:01;25513,5;VALLE;down;True;72015;73224;1
73227;2025-10-24 15:45:01;25530,25;PICO;up;True;72015;73227;1
73230;2025-10-24 15:45:01;25513,5;VALLE;down;True;72015;73230;1
73233;2025-10-24 15:45:01;25535,0;PICO;up;True;72015;73233;1
73239;2025-10-24 15:45:01;25527,5;VALLE;down;True;72015;73239;1
73240;2025-10-24 15:45:01;25532,75;PICO;up;True;72015;73240;1
73244;2025-10-24 15:45:01;25521,5;VALLE;down;True;72015;73244;1
73245;2025-10-24 15:45:01;25528,25;PICO;up;True;72015;73245;1
73249;2025-10-24 15:45:01;25520,5;VALLE;down;True;72015;73249;1
73262;2025-10-24 15:45:02;25527,75;PICO;up;True;72067;73262;1
73264;2025-10-24 15:45:02;25520,25;VALLE;down;True;72067;73264;1
73266;2025-10-24 15:45:02;25528,0;PICO;up;True;72067;73266;1
73270;2025-10-24 15:45:02;25519,75;VALLE;down;True;72067;73270;1
73272;2025-10-24 15:45:02;25527,0;PICO;up;True;72067;73272;1
73274;2025-10-24 15:45:02;25512,0;VALLE;down;True;72067;73274;1
73280;2025-10-24 15:45:02;25522,75;PICO;up;True;72067;73280;1
73281;2025-10-24 15:45:02;25513,25;VALLE;down;True;72067;73281;1
73286;2025-10-24 15:45:02;25529,5;PICO;up;True;72067;73286;1
73288;2025-10-24 15:45:02;25522,75;VALLE;down;True;72067;73288;1
73290;2025-10-24 15:45:02;25529,75;PICO;up;True;72067;73290;1
73295;2025-10-24 15:45:02;25518,5;VALLE;down;True;72067;73295;1
73296;2025-10-24 15:45:02;25532,25;PICO;up;True;72067;73296;1
73309;2025-10-24 15:45:02;25512,0;VALLE;down;True;72067;73309;1
73312;2025-10-24 15:45:02;25529,75;PICO;up;True;72067;73312;1
73313;2025-10-24 15:45:02;25522,75;VALLE;down;True;72067;73313;1
73314;2025-10-24 15:45:02;25532,0;PICO;up;True;72067;73314;1
73318;2025-10-24 15:45:02;25523,0;VALLE;down;True;72067;73318;1
73329;2025-10-24 15:45:02;25535,0;PICO;up;True;72067;73329;1
73364;2025-10-24 15:45:02;25522,75;VALLE;down;True;72067;73364;1
73375;2025-10-24 15:45:02;25528,5;PICO;up;True;72067;73375;1
73376;2025-10-24 15:45:02;25522,75;VALLE;down;True;72067;73376;1
73379;2025-10-24 15:45:02;25528,5;PICO;up;True;72067;73379;1
73389;2025-10-24 15:45:02;25518,75;VALLE;down;True;72067;73389;1
73394;2025-10-24 15:45:02;25528,25;PICO;up;True;72067;73394;1
73396;2025-10-24 15:45:03;25520,25;VALLE;down;True;72102;73396;1
73403;2025-10-24 15:45:03;25527,75;PICO;up;True;72102;73403;1
73421;2025-10-24 15:45:03;25513,5;VALLE;down;True;72102;73421;1
73455;2025-10-24 15:45:03;25523,5;PICO;up;True;72102;73455;1
73466;2025-10-24 15:45:03;25516,75;VALLE;down;True;72102;73466;1
73501;2025-10-24 15:45:04;25524,0;PICO;up;True;72134;73501;1
73558;2025-10-24 15:45:05;25514,25;VALLE;down;True;72157;73558;1
73566;2025-10-24 15:45:05;25520,0;PICO;up;True;72157;73566;1
73567;2025-10-24 15:45:05;25514,75;VALLE;down;True;72157;73567;1
73568;2025-10-24 15:45:05;25520,0;PICO;up;True;72157;73568;1
73574;2025-10-24 15:45:05;25514,75;VALLE;down;True;72157;73574;1
73603;2025-10-24 15:45:07;25520,0;PICO;up;True;72177;73603;1
73641;2025-10-24 15:45:08;25507,5;VALLE;down;True;72184;73641;1
73644;2025-10-24 15:45:08;25514,0;PICO;up;True;72184;73644;1
73677;2025-10-24 15:45:08;25500,25;VALLE;down;True;72184;73677;1
73692;2025-10-24 15:45:08;25513,75;PICO;up;True;72184;73692;1
73702;2025-10-24 15:45:08;25503,75;VALLE;down;True;72184;73702;1
74085;2025-10-24 15:45:17;25518,25;PICO;up;True;72322;74085;1
74100;2025-10-24 15:45:18;25511,75;VALLE;down;True;72327;74100;1
74397;2025-10-24 15:45:23;25525,75;PICO;up;True;72385;74397;1
74772;2025-10-24 15:45:32;25517,0;VALLE;down;True;72503;74772;1
74836;2025-10-24 15:45:36;25522,75;PICO;up;True;72542;74836;1
74996;2025-10-24 15:45:41;25515,0;VALLE;down;True;72587;74996;1
75083;2025-10-24 15:45:44;25521,0;PICO;up;True;72623;75083;1
75479;2025-10-24 15:46:01;25511,25;VALLE;down;True;72984;75479;1
75595;2025-10-24 15:46:03;25517,75;PICO;up;True;73396;75595;1
75668;2025-10-24 15:46:06;25512,5;VALLE;down;True;73583;75668;1
75700;2025-10-24 15:46:07;25518,5;PICO;up;True;73598;75700;1
75755;2025-10-24 15:46:08;25512,75;VALLE;down;True;73632;75755;1
76009;2025-10-24 15:46:14;25525,0;PICO;up;True;73977;76009;1
76172;2025-10-24 15:46:20;25516,5;VALLE;down;True;74145;76172;1
76450;2025-10-24 15:46:31;25527,25;PICO;up;True;74692;76450;1
77074;2025-10-24 15:46:58;25512,0;VALLE;down;True;75395;77074;1
77159;2025-10-24 15:47:00;25519,25;PICO;up;True;75433;77159;1
77270;2025-10-24 15:47:01;25512,75;VALLE;down;True;75450;77270;1
77343;2025-10-24 15:47:02;25518,75;PICO;up;True;75483;77343;1
77497;2025-10-24 15:47:06;25512,5;VALLE;down;True;75663;77497;1
77666;2025-10-24 15:47:12;25518,0;PICO;up;True;75850;77666;1
77781;2025-10-24 15:47:15;25510,25;VALLE;down;True;76029;77781;1
77857;2025-10-24 15:47:16;25520,0;PICO;up;True;76067;77857;1
77981;2025-10-24 15:47:21;25512,25;VALLE;down;True;76178;77981;1
78033;2025-10-24 15:47:24;25517,75;PICO;up;True;76253;78033;1
78805;2025-10-24 15:47:43;25492,75;VALLE;down;True;76749;78805;1
78933;2025-10-24 15:47:44;25498,25;PICO;up;True;76761;78933;1
79217;2025-10-24 15:47:50;25491,25;VALLE;down;True;76877;79217;1
79625;2025-10-24 15:48:02;25498,75;PICO;up;True;77276;79625;1
79956;2025-10-24 15:48:06;25485,0;VALLE;down;True;77492;79956;1
80051;2025-10-24 15:48:06;25491,25;PICO;up;True;77492;80051;1
80208;2025-10-24 15:48:09;25483,25;VALLE;down;True;77585;80208;1
80318;2025-10-24 15:48:11;25489,5;PICO;up;True;77641;80318;1
80411;2025-10-24 15:48:14;25483,75;VALLE;down;True;77741;80411;1
80583;2025-10-24 15:48:17;25491,5;PICO;up;True;77860;80583;1
80722;2025-10-24 15:48:20;25485,0;VALLE;down;True;77943;80722;1
80882;2025-10-24 15:48:25;25494,5;PICO;up;True;78040;80882;1
80991;2025-10-24 15:48:30;25486,25;VALLE;down;True;78184;80991;1
81095;2025-10-24 15:48:35;25493,75;PICO;up;True;78396;81095;1
81583;2025-10-24 15:48:48;25476,25;VALLE;down;True;79071;81583;1
81992;2025-10-24 15:48:59;25488,5;PICO;up;True;79551;81992;1
82471;2025-10-24 15:49:18;25478,25;VALLE;down;True;80594;82471;1
82599;2025-10-24 15:49:24;25484,25;PICO;up;True;80816;82599;1
82898;2025-10-24 15:49:35;25477,75;VALLE;down;True;81093;82898;1
83041;2025-10-24 15:49:44;25484,25;PICO;up;True;81358;83041;1
83155;2025-10-24 15:49:50;25476,5;VALLE;down;True;81644;83155;1
83301;2025-10-24 15:49:56;25487,5;PICO;up;True;81898;83301;1
83588;2025-10-24 15:50:02;25478,0;VALLE;down;True;82114;83588;1
83738;2025-10-24 15:50:07;25484,5;PICO;up;True;82248;83738;1
84535;2025-10-24 15:50:18;25465,5;VALLE;down;True;82451;84535;1
84733;2025-10-24 15:50:20;25471,25;PICO;up;True;82506;84733;1
84829;2025-10-24 15:50:22;25464,0;VALLE;down;True;82563;84829;1
85123;2025-10-24 15:50:29;25474,25;PICO;up;True;82733;85123;1
85424;2025-10-24 15:50:37;25465,5;VALLE;down;True;82922;85424;1
86020;2025-10-24 15:50:54;25476,25;PICO;up;True;83213;86020;1
86323;2025-10-24 15:51:03;25466,5;VALLE;down;True;83643;86323;1
87014;2025-10-24 15:51:22;25488,0;PICO;up;True;84802;87014;1
87146;2025-10-24 15:51:25;25482,5;VALLE;down;True;84954;87146;1
87181;2025-10-24 15:51:27;25488,0;PICO;up;True;85015;87181;1
87518;2025-10-24 15:51:39;25476,5;VALLE;down;True;85475;87518;1
87718;2025-10-24 15:51:43;25482,5;PICO;up;True;85692;87718;1
87988;2025-10-24 15:51:51;25472,25;VALLE;down;True;85854;87988;1
88156;2025-10-24 15:52:01;25479,5;PICO;up;True;86180;88156;1
88239;2025-10-24 15:52:04;25471,0;VALLE;down;True;86326;88239;1
88318;2025-10-24 15:52:07;25476,5;PICO;up;True;86381;88318;1
88408;2025-10-24 15:52:11;25467,75;VALLE;down;True;86596;88408;1
88815;2025-10-24 15:52:26;25485,25;PICO;up;True;87157;88815;1
88865;2025-10-24 15:52:27;25478,5;VALLE;down;True;87180;88865;1
88983;2025-10-24 15:52:30;25489,5;PICO;up;True;87246;88983;1
89118;2025-10-24 15:52:32;25482,0;VALLE;down;True;87328;89118;1
89240;2025-10-24 15:52:39;25487,25;PICO;up;True;87479;89240;1
89385;2025-10-24 15:52:42;25478,0;VALLE;down;True;87693;89385;1
89702;2025-10-24 15:52:58;25490,5;PICO;up;True;88096;89702;1
89813;2025-10-24 15:53:01;25482,25;VALLE;down;True;88132;89813;1
89945;2025-10-24 15:53:06;25491,25;PICO;up;True;88280;89945;1
90067;2025-10-24 15:53:08;25484,25;VALLE;down;True;88333;90067;1
90107;2025-10-24 15:53:12;25489,5;PICO;up;True;88423;90107;1
90298;2025-10-24 15:53:15;25480,0;VALLE;down;True;88548;90298;1
90535;2025-10-24 15:53:27;25492,75;PICO;up;True;88843;90535;1
90718;2025-10-24 15:53:36;25480,0;VALLE;down;True;89169;90718;1
90965;2025-10-24 15:53:45;25493,25;PICO;up;True;89427;90965;1
91413;2025-10-24 15:54:04;25475,5;VALLE;down;True;89876;91413;1
91494;2025-10-24 15:54:06;25481,5;PICO;up;True;89931;91494;1
91647;2025-10-24 15:54:12;25472,5;VALLE;down;True;90103;91647;1
92247;2025-10-24 15:54:44;25489,25;PICO;up;True;90830;92247;1
92492;2025-10-24 15:55:04;25479,25;VALLE;down;True;91391;92492;1
92809;2025-10-24 15:55:15;25494,5;PICO;up;True;91726;92809;1
92964;2025-10-24 15:55:22;25488,25;VALLE;down;True;91858;92964;1
93089;2025-10-24 15:55:30;25494,75;PICO;up;True;92027;93089;1
93191;2025-10-24 15:55:34;25487,5;VALLE;down;True;92080;93191;1
93430;2025-10-24 15:55:52;25495,0;PICO;up;True;92332;93430;1
93509;2025-10-24 15:55:54;25489,75;VALLE;down;True;92354;93509;1
94412;2025-10-24 15:56:27;25509,75;PICO;up;True;93041;94412;1
94693;2025-10-24 15:56:40;25500,25;VALLE;down;True;93275;94693;1
95050;2025-10-24 15:57:01;25507,5;PICO;up;True;93578;95050;1
95351;2025-10-24 15:57:17;25501,0;VALLE;down;True;94088;95351;1
95635;2025-10-24 15:57:31;25511,75;PICO;up;True;94520;95635;1
96205;2025-10-24 15:57:44;25480,75;VALLE;down;True;94767;96205;1
96429;2025-10-24 15:57:48;25490,25;PICO;up;True;94832;96429;1
96535;2025-10-24 15:57:52;25485,0;VALLE;down;True;94873;96535;1
96967;2025-10-24 15:58:12;25495,25;PICO;up;True;95267;96967;1
97078;2025-10-24 15:58:20;25488,0;VALLE;down;True;95402;97078;1
97172;2025-10-24 15:58:28;25494,25;PICO;up;True;95551;97172;1
97335;2025-10-24 15:58:41;25485,0;VALLE;down;True;95815;97335;1
97668;2025-10-24 15:59:08;25500,0;PICO;up;True;96903;97668;1
97766;2025-10-24 15:59:16;25494,5;VALLE;down;True;97007;97766;1
98543;2025-10-24 15:59:57;25514,75;PICO;up;True;97529;98543;1
98598;2025-10-24 16:00:00;25506,5;VALLE;down;True;97591;98598;1
98599;2025-10-24 16:00:00;25512,5;PICO;up;True;97591;98599;1
98600;2025-10-24 16:00:00;25506,25;VALLE;down;True;97591;98600;1
98605;2025-10-24 16:00:00;25513,75;PICO;up;True;97591;98605;1
98606;2025-10-24 16:00:00;25506,25;VALLE;down;True;97591;98606;1
98608;2025-10-24 16:00:01;25513,25;PICO;up;True;97608;98608;1
98611;2025-10-24 16:00:01;25506,0;VALLE;down;True;97608;98611;1
98627;2025-10-24 16:00:01;25515,0;PICO;up;True;97608;98627;1
98637;2025-10-24 16:00:01;25509,5;VALLE;down;True;97608;98637;1
98659;2025-10-24 16:00:01;25515,75;PICO;up;True;97608;98659;1
98803;2025-10-24 16:00:06;25501,25;VALLE;down;True;97643;98803;1
98810;2025-10-24 16:00:06;25509,25;PICO;up;True;97643;98810;1
98820;2025-10-24 16:00:06;25494,5;VALLE;down;True;97643;98820;1
98838;2025-10-24 16:00:06;25504,75;PICO;up;True;97643;98838;1
98839;2025-10-24 16:00:06;25494,75;VALLE;down;True;97643;98839;1
98842;2025-10-24 16:00:06;25505,75;PICO;up;True;97643;98842;1
98847;2025-10-24 16:00:06;25500,25;VALLE;down;True;97643;98847;1
98850;2025-10-24 16:00:06;25505,75;PICO;up;True;97643;98850;1
98859;2025-10-24 16:00:06;25493,25;VALLE;down;True;97643;98859;1
98860;2025-10-24 16:00:06;25501,5;PICO;up;True;97643;98860;1
98861;2025-10-24 16:00:06;25493,25;VALLE;down;True;97643;98861;1
98864;2025-10-24 16:00:06;25505,25;PICO;up;True;97643;98864;1
98866;2025-10-24 16:00:06;25493,25;VALLE;down;True;97643;98866;1
98887;2025-10-24 16:00:06;25512,0;PICO;up;True;97643;98887;1
98913;2025-10-24 16:00:07;25501,5;VALLE;down;True;97650;98913;1
98943;2025-10-24 16:00:09;25513,25;PICO;up;True;97675;98943;1
99047;2025-10-24 16:00:15;25504,75;VALLE;down;True;97753;99047;1
99103;2025-10-24 16:00:19;25512,0;PICO;up;True;97783;99103;1
99134;2025-10-24 16:00:20;25506,0;VALLE;down;True;97788;99134;1
99477;2025-10-24 16:00:31;25518,5;PICO;up;True;97974;99477;1
99791;2025-10-24 16:00:40;25510,5;VALLE;down;True;98178;99791;1
100776;2025-10-24 16:01:02;25526,75;PICO;up;True;98664;100776;1
101452;2025-10-24 16:01:21;25509,75;VALLE;down;True;99151;101452;1
102605;2025-10-24 16:02:04;25530,0;PICO;up;True;100881;102605;1
102795;2025-10-24 16:02:08;25523,5;VALLE;down;True;101019;102795;1
102975;2025-10-24 16:02:16;25530,0;PICO;up;True;101265;102975;1
103156;2025-10-24 16:02:24;25522,0;VALLE;down;True;101518;103156;1
103286;2025-10-24 16:02:31;25528,75;PICO;up;True;101678;103286;1
104111;2025-10-24 16:02:53;25505,5;VALLE;down;True;102174;104111;1
104188;2025-10-24 16:02:55;25511,0;PICO;up;True;102240;104188;1
104402;2025-10-24 16:03:02;25505,75;VALLE;down;True;102501;104402;1
104530;2025-10-24 16:03:06;25514,75;PICO;up;True;102712;104530;1
104618;2025-10-24 16:03:09;25509,25;VALLE;down;True;102809;104618;1
104843;2025-10-24 16:03:22;25521,5;PICO;up;True;103089;104843;1
105225;2025-10-24 16:03:39;25513,75;VALLE;down;True;103567;105225;1
105944;2025-10-24 16:04:12;25527,0;PICO;up;True;104664;105944;1
106228;2025-10-24 16:04:30;25521,0;VALLE;down;True;104995;106228;1
106297;2025-10-24 16:04:36;25526,25;PICO;up;True;105148;106297;1
106668;2025-10-24 16:04:41;25505,5;VALLE;down;True;105290;106668;1
106684;2025-10-24 16:04:41;25510,75;PICO;up;True;105290;106684;1
106895;2025-10-24 16:04:41;25501,5;VALLE;down;True;105290;106895;1
107064;2025-10-24 16:04:42;25508,25;PICO;up;True;105328;107064;1
107248;2025-10-24 16:04:46;25500,75;VALLE;down;True;105378;107248;1
108220;2025-10-24 16:05:10;25520,25;PICO;up;True;105875;108220;1
108545;2025-10-24 16:05:23;25515,0;VALLE;down;True;106131;108545;1
108771;2025-10-24 16:05:27;25522,0;PICO;up;True;106186;108771;1
108883;2025-10-24 16:05:32;25511,25;VALLE;down;True;106245;108883;1
108984;2025-10-24 16:05:36;25519,25;PICO;up;True;106290;108984;1
109084;2025-10-24 16:05:42;25511,75;VALLE;down;True;106974;109084;1
109672;2025-10-24 16:06:11;25529,0;PICO;up;True;108249;109672;1
109823;2025-10-24 16:06:16;25522,5;VALLE;down;True;108347;109823;1
110523;2025-10-24 16:06:26;25548,75;PICO;up;True;108585;110523;1
111709;2025-10-24 16:06:49;25526,0;VALLE;down;True;109210;111709;1
112702;2025-10-24 16:07:32;25541,25;PICO;up;True;111171;112702;1
113537;2025-10-24 16:08:20;25523,5;VALLE;down;True;112369;113537;1
113665;2025-10-24 16:08:27;25531,25;PICO;up;True;112521;113665;1
114658;2025-10-24 16:09:21;25516,5;VALLE;down;True;113574;114658;1
115397;2025-10-24 16:10:03;25537,0;PICO;up;True;114251;115397;1
115676;2025-10-24 16:10:18;25529,5;VALLE;down;True;114588;115676;1
116115;2025-10-24 16:10:56;25535,75;PICO;up;True;115175;116115;1
116782;2025-10-24 16:11:41;25520,75;VALLE;down;True;115917;116782;1
117939;2025-10-24 16:12:55;25541,0;PICO;up;True;116914;117939;1
118363;2025-10-24 16:13:17;25535,5;VALLE;down;True;117291;118363;1
118481;2025-10-24 16:13:25;25541,5;PICO;up;True;117394;118481;1
118702;2025-10-24 16:13:43;25533,75;VALLE;down;True;117619;118702;1
118809;2025-10-24 16:13:58;25539,5;PICO;up;True;118055;118809;1
119039;2025-10-24 16:14:24;25532,0;VALLE;down;True;118460;119039;1
119309;2025-10-24 16:14:42;25540,75;PICO;up;True;118672;119309;1
119977;2025-10-24 16:15:25;25528,0;VALLE;down;True;119051;119977;1
120121;2025-10-24 16:15:33;25534,0;PICO;up;True;119207;120121;1
120653;2025-10-24 16:16:07;25522,0;VALLE;down;True;119642;120653;1
120958;2025-10-24 16:16:25;25530,5;PICO;up;True;119973;120958;1
121280;2025-10-24 16:16:55;25520,5;VALLE;down;True;120456;121280;1
121373;2025-10-24 16:17:01;25528,0;PICO;up;True;120539;121373;1
121661;2025-10-24 16:17:24;25520,5;VALLE;down;True;120931;121661;1
122645;2025-10-24 16:18:34;25533,5;PICO;up;True;121759;122645;1
122725;2025-10-24 16:18:45;25528,0;VALLE;down;True;121961;122725;1
122775;2025-10-24 16:18:49;25533,25;PICO;up;True;122008;122775;1
123468;2025-10-24 16:19:34;25521,25;VALLE;down;True;122642;123468;1
123797;2025-10-24 16:19:59;25531,75;PICO;up;True;122877;123797;1
123976;2025-10-24 16:20:09;25524,25;VALLE;down;True;123007;123976;1
124072;2025-10-24 16:20:18;25529,75;PICO;up;True;123105;124072;1
124945;2025-10-24 16:20:42;25506,25;VALLE;down;True;123615;124945;1
125095;2025-10-24 16:20:48;25514,0;PICO;up;True;123664;125095;1
125332;2025-10-24 16:21:05;25507,0;VALLE;down;True;123889;125332;1
125905;2025-10-24 16:21:36;25523,25;PICO;up;True;124629;125905;1
126246;2025-10-24 16:22:04;25515,75;VALLE;down;True;125312;126246;1
126368;2025-10-24 16:22:12;25522,0;PICO;up;True;125462;126368;1
127102;2025-10-24 16:22:44;25502,25;VALLE;down;True;126015;127102;1
127247;2025-10-24 16:22:53;25508,75;PICO;up;True;126092;127247;1
127557;2025-10-24 16:23:11;25502,0;VALLE;down;True;126320;127557;1
128800;2025-10-24 16:24:14;25519,0;PICO;up;True;127670;128800;1
129027;2025-10-24 16:24:20;25510,0;VALLE;down;True;127790;129027;1
129385;2025-10-24 16:24:36;25520,25;PICO;up;True;128027;129385;1
130285;2025-10-24 16:25:31;25501,0;VALLE;down;True;129254;130285;1
130511;2025-10-24 16:25:42;25508,75;PICO;up;True;129433;130511;1
130712;2025-10-24 16:26:02;25501,0;VALLE;down;True;129688;130712;1
130968;2025-10-24 16:26:20;25512,75;PICO;up;True;130113;130968;1
131240;2025-10-24 16:26:37;25502,75;VALLE;down;True;130394;131240;1
131350;2025-10-24 16:26:41;25509,0;PICO;up;True;130456;131350;1
131541;2025-10-24 16:26:46;25498,25;VALLE;down;True;130553;131541;1
131625;2025-10-24 16:26:48;25504,0;PICO;up;True;130572;131625;1
132106;2025-10-24 16:27:01;25494,0;VALLE;down;True;130669;132106;1
132493;2025-10-24 16:27:26;25504,0;PICO;up;True;131056;132493;1
133061;2025-10-24 16:28:01;25495,0;VALLE;down;True;132062;133061;1
133636;2025-10-24 16:28:26;25506,75;PICO;up;True;132491;133636;1
133789;2025-10-24 16:28:33;25500,75;VALLE;down;True;132572;133789;1
134188;2025-10-24 16:28:56;25514,75;PICO;up;True;132932;134188;1
134578;2025-10-24 16:29:18;25503,0;VALLE;down;True;133326;134578;1
134671;2025-10-24 16:29:29;25509,25;PICO;up;True;133725;134671;1
135231;2025-10-24 16:30:01;25494,25;VALLE;down;True;134287;135231;1
135349;2025-10-24 16:30:05;25501,5;PICO;up;True;134345;135349;1
135486;2025-10-24 16:30:16;25495,25;VALLE;down;True;134547;135486;1
135554;2025-10-24 16:30:17;25502,75;PICO;up;True;134560;135554;1
136357;2025-10-24 16:30:35;25481,25;VALLE;down;True;134718;136357;1
136615;2025-10-24 16:30:43;25488,5;PICO;up;True;134886;136615;1
137423;2025-10-24 16:31:02;25469,0;VALLE;down;True;135241;137423;1
137611;2025-10-24 16:31:05;25477,25;PICO;up;True;135334;137611;1
137770;2025-10-24 16:31:06;25470,75;VALLE;down;True;135361;137770;1
138533;2025-10-24 16:31:23;25488,25;PICO;up;True;135630;138533;1
139230;2025-10-24 16:31:45;25475,25;VALLE;down;True;136641;139230;1
139921;2025-10-24 16:32:20;25491,5;PICO;up;True;138411;139921;1
140582;2025-10-24 16:32:36;25471,5;VALLE;down;True;138917;140582;1
141534;2025-10-24 16:33:17;25494,0;PICO;up;True;139847;141534;1
141751;2025-10-24 16:33:27;25488,25;VALLE;down;True;140154;141751;1
141913;2025-10-24 16:33:39;25496,75;PICO;up;True;140734;141913;1
142179;2025-10-24 16:34:00;25491,5;VALLE;down;True;141155;142179;1
142631;2025-10-24 16:34:27;25503,5;PICO;up;True;141733;142631;1
143411;2025-10-24 16:35:30;25491,5;VALLE;down;True;142678;143411;1
143527;2025-10-24 16:35:41;25497,25;PICO;up;True;142851;143527;1
143773;2025-10-24 16:35:49;25484,0;VALLE;down;True;142920;143773;1
144042;2025-10-24 16:36:07;25490,25;PICO;up;True;143120;144042;1
144339;2025-10-24 16:36:18;25477,5;VALLE;down;True;143274;144339;1
144559;2025-10-24 16:36:28;25488,25;PICO;up;True;143381;144559;1
144607;2025-10-24 16:36:31;25482,0;VALLE;down;True;143418;144607;1
145304;2025-10-24 16:37:21;25497,5;PICO;up;True;144449;145304;1
145367;2025-10-24 16:37:24;25491,5;VALLE;down;True;144495;145367;1
146743;2025-10-24 16:38:41;25508,25;PICO;up;True;145574;146743;1
146976;2025-10-24 16:38:51;25501,0;VALLE;down;True;145641;146976;1
147143;2025-10-24 16:39:04;25507,25;PICO;up;True;146121;147143;1
147478;2025-10-24 16:39:27;25500,0;VALLE;down;True;146583;147478;1
148103;2025-10-24 16:39:46;25516,5;PICO;up;True;146854;148103;1
148494;2025-10-24 16:39:59;25509,75;VALLE;down;True;147075;148494;1
148878;2025-10-24 16:40:10;25520,0;PICO;up;True;147200;148878;1
149140;2025-10-24 16:40:24;25513,25;VALLE;down;True;147403;149140;1
152661;2025-10-24 16:44:07;25536,0;PICO;up;True;151497;152661;1
154115;2025-10-24 16:45:36;25524,25;VALLE;down;True;153092;154115;1
154454;2025-10-24 16:45:53;25533,5;PICO;up;True;153341;154454;1
155488;2025-10-24 16:46:18;25513,25;VALLE;down;True;153777;155488;1
155657;2025-10-24 16:46:22;25519,75;PICO;up;True;153829;155657;1
155802;2025-10-24 16:46:26;25514,25;VALLE;down;True;153887;155802;1
156732;2025-10-24 16:47:31;25524,25;PICO;up;True;155861;156732;1
156819;2025-10-24 16:47:37;25518,75;VALLE;down;True;155956;156819;1
156949;2025-10-24 16:47:46;25525,25;PICO;up;True;156040;156949;1
157981;2025-10-24 16:49:11;25510,0;VALLE;down;True;157177;157981;1
158644;2025-10-24 16:50:10;25517,0;PICO;up;True;157929;158644;1
158829;2025-10-24 16:50:15;25507,0;VALLE;down;True;158065;158829;1
158872;2025-10-24 16:50:17;25513,0;PICO;up;True;158089;158872;1
159249;2025-10-24 16:50:30;25503,5;VALLE;down;True;158218;159249;1
159529;2025-10-24 16:50:46;25514,75;PICO;up;True;158353;159529;1
159934;2025-10-24 16:51:06;25501,5;VALLE;down;True;158583;159934;1
160040;2025-10-24 16:51:09;25506,75;PICO;up;True;158631;160040;1
160682;2025-10-24 16:51:32;25494,75;VALLE;down;True;159303;160682;1
160962;2025-10-24 16:51:43;25501,25;PICO;up;True;159454;160962;1
161635;2025-10-24 16:52:15;25489,75;VALLE;down;True;160111;161635;1
161713;2025-10-24 16:52:18;25495,5;PICO;up;True;160179;161713;1
162102;2025-10-24 16:52:32;25483,25;VALLE;down;True;160659;162102;1
162376;2025-10-24 16:52:39;25491,25;PICO;up;True;160851;162376;1
163110;2025-10-24 16:53:04;25477,5;VALLE;down;True;161344;163110;1
163492;2025-10-24 16:53:22;25485,5;PICO;up;True;161776;163492;1
163669;2025-10-24 16:53:30;25476,25;VALLE;down;True;161972;163669;1
163824;2025-10-24 16:53:36;25481,5;PICO;up;True;162257;163824;1
164748;2025-10-24 16:54:02;25466,75;VALLE;down;True;163016;164748;1
164963;2025-10-24 16:54:09;25476,5;PICO;up;True;163165;164963;1
165544;2025-10-24 16:54:28;25463,0;VALLE;down;True;163630;165544;1
166093;2025-10-24 16:54:50;25474,75;PICO;up;True;164245;166093;1
167020;2025-10-24 16:55:26;25462,0;VALLE;down;True;165417;167020;1
167244;2025-10-24 16:55:36;25472,75;PICO;up;True;165842;167244;1
167812;2025-10-24 16:55:50;25459,0;VALLE;down;True;166078;167812;1
168525;2025-10-24 16:56:15;25474,75;PICO;up;True;166708;168525;1
169190;2025-10-24 16:56:39;25457,75;VALLE;down;True;167340;169190;1
169337;2025-10-24 16:56:45;25464,0;PICO;up;True;167489;169337;1
170329;2025-10-24 16:56:53;25431,5;VALLE;down;True;167908;170329;1
171142;2025-10-24 16:57:01;25449,5;PICO;up;True;168123;171142;1
171529;2025-10-24 16:57:13;25442,0;VALLE;down;True;168413;171529;1
173286;2025-10-24 16:58:20;25471,25;PICO;up;True;171705;173286;1
173454;2025-10-24 16:58:26;25465,75;VALLE;down;True;171867;173454;1
173709;2025-10-24 16:58:37;25471,5;PICO;up;True;172163;173709;1
174204;2025-10-24 16:59:02;25462,0;VALLE;down;True;172755;174204;1
174410;2025-10-24 16:59:09;25469,0;PICO;up;True;172899;174410;1
174493;2025-10-24 16:59:14;25463,25;VALLE;down;True;173059;174493;1
174806;2025-10-24 16:59:27;25473,5;PICO;up;True;173496;174806;1
175000;2025-10-24 16:59:33;25467,25;VALLE;down;True;173589;175000;1
175145;2025-10-24 16:59:41;25473,0;PICO;up;True;173775;175145;1
175497;2025-10-24 16:59:57;25465,75;VALLE;down;True;174020;175497;1
175718;2025-10-24 17:00:08;25472,75;PICO;up;True;174349;175718;1
175801;2025-10-24 17:00:13;25465,75;VALLE;down;True;174465;175801;1
176068;2025-10-24 17:00:25;25474,5;PICO;up;True;174718;176068;1
176415;2025-10-24 17:00:39;25460,25;VALLE;down;True;175090;176415;1
176830;2025-10-24 17:01:00;25472,75;PICO;up;True;175533;176830;1
176935;2025-10-24 17:01:08;25465,0;VALLE;down;True;175715;176935;1
177008;2025-10-24 17:01:11;25471,5;PICO;up;True;175772;177008;1
177156;2025-10-24 17:01:25;25461,25;VALLE;down;True;176047;177156;1
177207;2025-10-24 17:01:27;25467,25;PICO;up;True;176110;177207;1
177390;2025-10-24 17:01:35;25458,25;VALLE;down;True;176299;177390;1
177455;2025-10-24 17:01:40;25464,25;PICO;up;True;176457;177455;1
177600;2025-10-24 17:01:49;25457,25;VALLE;down;True;176648;177600;1
177879;2025-10-24 17:02:05;25467,5;PICO;up;True;176902;177879;1
177998;2025-10-24 17:02:13;25460,25;VALLE;down;True;177019;177998;1
178322;2025-10-24 17:02:56;25469,5;PICO;up;True;177733;178322;1
178417;2025-10-24 17:03:05;25464,0;VALLE;down;True;177869;178417;1
178916;2025-10-24 17:03:27;25481,25;PICO;up;True;178128;178916;1
179295;2025-10-24 17:03:34;25474,0;VALLE;down;True;178223;179295;1
179507;2025-10-24 17:03:50;25481,0;PICO;up;True;178298;179507;1
180028;2025-10-24 17:04:21;25465,75;VALLE;down;True;178605;180028;1
180191;2025-10-24 17:04:30;25473,5;PICO;up;True;179090;180191;1
180679;2025-10-24 17:05:06;25456,75;VALLE;down;True;179728;180679;1
180835;2025-10-24 17:05:10;25463,25;PICO;up;True;179762;180835;1
181021;2025-10-24 17:05:18;25456,75;VALLE;down;True;179975;181021;1
181340;2025-10-24 17:05:35;25469,25;PICO;up;True;180264;181340;1
181368;2025-10-24 17:05:37;25463,75;VALLE;down;True;180334;181368;1
181739;2025-10-24 17:06:11;25475,0;PICO;up;True;180847;181739;1
182335;2025-10-24 17:07:02;25457,5;VALLE;down;True;181566;182335;1
182472;2025-10-24 17:07:14;25468,75;PICO;up;True;181828;182472;1
182574;2025-10-24 17:07:28;25460,5;VALLE;down;True;181995;182574;1
182990;2025-10-24 17:08:03;25478,25;PICO;up;True;182351;182990;1
183233;2025-10-24 17:08:29;25468,0;VALLE;down;True;182578;183233;1
184111;2025-10-24 17:09:45;25488,25;PICO;up;True;183350;184111;1
184645;2025-10-24 17:10:08;25482,0;VALLE;down;True;183496;184645;1
185178;2025-10-24 17:10:40;25490,75;PICO;up;True;183902;185178;1
185413;2025-10-24 17:11:01;25482,25;VALLE;down;True;184517;185413;1
185554;2025-10-24 17:11:16;25490,0;PICO;up;True;184851;185554;1
185842;2025-10-24 17:11:30;25474,0;VALLE;down;True;185017;185842;1
185937;2025-10-24 17:11:32;25480,0;PICO;up;True;185029;185937;1
185994;2025-10-24 17:11:37;25473,25;VALLE;down;True;185104;185994;1
186211;2025-10-24 17:11:54;25482,75;PICO;up;True;185345;186211;1
186357;2025-10-24 17:12:12;25476,5;VALLE;down;True;185509;186357;1
186880;2025-10-24 17:13:03;25494,25;PICO;up;True;186306;186880;1
187063;2025-10-24 17:13:20;25489,0;VALLE;down;True;186424;187063;1
187333;2025-10-24 17:13:35;25499,5;PICO;up;True;186568;187333;1
187505;2025-10-24 17:13:43;25493,0;VALLE;down;True;186598;187505;1
190565;2025-10-24 17:16:52;25521,75;PICO;up;True;189509;190565;1
191108;2025-10-24 17:17:08;25511,0;VALLE;down;True;189764;191108;1
191632;2025-10-24 17:17:45;25518,0;PICO;up;True;190268;191632;1
191842;2025-10-24 17:17:57;25508,75;VALLE;down;True;190825;191842;1
192576;2025-10-24 17:18:53;25518,5;PICO;up;True;191727;192576;1
193140;2025-10-24 17:19:48;25511,25;VALLE;down;True;192528;193140;1
194730;2025-10-24 17:21:24;25528,5;PICO;up;True;193697;194730;1
195209;2025-10-24 17:21:49;25520,5;VALLE;down;True;194045;195209;1
195644;2025-10-24 17:22:09;25535,25;PICO;up;True;194430;195644;1
195891;2025-10-24 17:22:13;25529,5;VALLE;down;True;194481;195891;1
196312;2025-10-24 17:22:37;25537,0;PICO;up;True;194964;196312;1
196611;2025-10-24 17:22:53;25527,5;VALLE;down;True;195256;196611;1
197959;2025-10-24 17:24:04;25543,75;PICO;up;True;196746;197959;1
199041;2025-10-24 17:25:08;25537,25;VALLE;down;True;198177;199041;1
199215;2025-10-24 17:25:17;25542,5;PICO;up;True;198375;199215;1
200012;2025-10-24 17:26:17;25534,5;VALLE;down;True;199213;200012;1
200480;2025-10-24 17:27:02;25541,0;PICO;up;True;199867;200480;1
200908;2025-10-24 17:27:34;25530,75;VALLE;down;True;200188;200908;1
201228;2025-10-24 17:28:01;25541,0;PICO;up;True;200445;201228;1
201709;2025-10-24 17:28:29;25527,75;VALLE;down;True;200759;201709;1
202846;2025-10-24 17:30:18;25540,25;PICO;up;True;202236;202846;1
203094;2025-10-24 17:30:41;25532,75;VALLE;down;True;202407;203094;1
204007;2025-10-24 17:31:32;25546,5;PICO;up;True;202996;204007;1
206914;2025-10-24 17:35:00;25517,5;VALLE;down;True;205614;206914;1
206924;2025-10-24 17:35:01;25527,75;PICO;up;True;205618;206924;1
207709;2025-10-24 17:35:15;25513,25;VALLE;down;True;205736;207709;1
207942;2025-10-24 17:35:24;25522,25;PICO;up;True;205961;207942;1
208220;2025-10-24 17:35:32;25514,5;VALLE;down;True;206182;208220;1
209477;2025-10-24 17:36:30;25539,0;PICO;up;True;208180;209477;1
210422;2025-10-24 17:37:47;25527,75;VALLE;down;True;209760;210422;1
211003;2025-10-24 17:38:49;25536,25;PICO;up;True;210432;211003;1
211207;2025-10-24 17:39:14;25531,0;VALLE;down;True;210695;211207;1
211466;2025-10-24 17:39:55;25537,0;PICO;up;True;211079;211466;1
212031;2025-10-24 17:40:35;25524,5;VALLE;down;True;211305;212031;1
212165;2025-10-24 17:40:51;25530,25;PICO;up;True;211428;212165;1
212468;2025-10-24 17:41:31;25524,75;VALLE;down;True;211959;212468;1
212681;2025-10-24 17:41:48;25531,25;PICO;up;True;212128;212681;1
213035;2025-10-24 17:42:24;25519,5;VALLE;down;True;212408;213035;1
213404;2025-10-24 17:42:55;25531,5;PICO;up;True;212740;213404;1
213819;2025-10-24 17:43:37;25523,25;VALLE;down;True;213246;213819;1
214084;2025-10-24 17:44:06;25529,25;PICO;up;True;213534;214084;1
214384;2025-10-24 17:44:29;25517,5;VALLE;down;True;213685;214384;1
214578;2025-10-24 17:44:36;25522,75;PICO;up;True;213802;214578;1
214977;2025-10-24 17:45:06;25514,5;VALLE;down;True;214074;214977;1
215042;2025-10-24 17:45:07;25520,25;PICO;up;True;214086;215042;1
215352;2025-10-24 17:45:09;25509,5;VALLE;down;True;214103;215352;1
215510;2025-10-24 17:45:09;25521,25;PICO;up;True;214103;215510;1
216020;2025-10-24 17:45:11;25500,75;VALLE;down;True;214123;216020;1
216028;2025-10-24 17:45:11;25511,0;PICO;up;True;214123;216028;1
216049;2025-10-24 17:45:11;25500,75;VALLE;down;True;214123;216049;1
216508;2025-10-24 17:45:21;25520,0;PICO;up;True;214186;216508;1
216758;2025-10-24 17:45:32;25509,0;VALLE;down;True;214514;216758;1
216913;2025-10-24 17:45:38;25520,5;PICO;up;True;214585;216913;1
217268;2025-10-24 17:46:06;25513,75;VALLE;down;True;214881;217268;1
217540;2025-10-24 17:46:22;25525,5;PICO;up;True;216531;217540;1
217685;2025-10-24 17:46:29;25516,75;VALLE;down;True;216676;217685;1
217726;2025-10-24 17:46:36;25523,25;PICO;up;True;216864;217726;1
218107;2025-10-24 17:47:17;25515,25;VALLE;down;True;217441;218107;1
218615;2025-10-24 17:48:04;25526,75;PICO;up;True;217980;218615;1
219273;2025-10-24 17:49:32;25519,5;VALLE;down;True;218789;219273;1
219320;2025-10-24 17:49:36;25525,0;PICO;up;True;218803;219320;1
219655;2025-10-24 17:50:06;25517,25;VALLE;down;True;219053;219655;1
220551;2025-10-24 17:50:37;25536,25;PICO;up;True;219335;220551;1
221316;2025-10-24 17:51:30;25515,75;VALLE;down;True;219920;221316;1
221664;2025-10-24 17:52:07;25530,0;PICO;up;True;221007;221664;1
221794;2025-10-24 17:52:20;25523,0;VALLE;down;True;221188;221794;1
222127;2025-10-24 17:53:07;25532,5;PICO;up;True;221660;222127;1
222626;2025-10-24 17:53:59;25519,75;VALLE;down;True;222068;222626;1
222788;2025-10-24 17:54:13;25525,75;PICO;up;True;222160;222788;1
224003;2025-10-24 17:55:46;25508,0;VALLE;down;True;222990;224003;1
224004;2025-10-24 17:55:46;25513,75;PICO;up;True;222990;224004;1
224006;2025-10-24 17:55:46;25508,0;VALLE;down;True;222990;224006;1
224022;2025-10-24 17:55:46;25515,5;PICO;up;True;222990;224022;1
224713;2025-10-24 17:55:59;25502,5;VALLE;down;True;223077;224713;1
225429;2025-10-24 17:57:14;25520,25;PICO;up;True;225023;225429;1
225563;2025-10-24 17:57:37;25515,0;VALLE;down;True;225136;225563;1
226311;2025-10-24 17:59:13;25529,0;PICO;up;True;225874;226311;1
226638;2025-10-24 17:59:54;25521,25;VALLE;down;True;226073;226638;1
227667;2025-10-24 18:01:11;25539,0;PICO;up;True;226790;227667;1
229038;2025-10-24 18:02:09;25521,25;VALLE;down;True;227490;229038;1
229534;2025-10-24 18:03:30;25536,5;PICO;up;True;229206;229534;1
229704;2025-10-24 18:04:00;25530,0;VALLE;down;True;229357;229704;1
229869;2025-10-24 18:04:40;25536,75;PICO;up;True;229588;229869;1
230185;2025-10-24 18:05:18;25526,0;VALLE;down;True;229772;230185;1
230262;2025-10-24 18:05:28;25531,5;PICO;up;True;229817;230262;1
230600;2025-10-24 18:05:57;25521,0;VALLE;down;True;229945;230600;1
232055;2025-10-24 18:09:33;25537,5;PICO;up;True;231495;232055;1
232178;2025-10-24 18:09:46;25531,75;VALLE;down;True;231642;232178;1
232347;2025-10-24 18:10:28;25538,25;PICO;up;True;232026;232347;1
232511;2025-10-24 18:10:53;25532,0;VALLE;down;True;232209;232511;1
232604;2025-10-24 18:11:18;25538,5;PICO;up;True;232282;232604;1
232729;2025-10-24 18:11:36;25532,0;VALLE;down;True;232420;232729;1
233401;2025-10-24 18:13:15;25542,5;PICO;up;True;232950;233401;1
234025;2025-10-24 18:15:05;25536,5;VALLE;down;True;233669;234025;1
234423;2025-10-24 18:16:47;25542,5;PICO;up;True;234192;234423;1
234725;2025-10-24 18:17:29;25535,0;VALLE;down;True;234315;234725;1
234816;2025-10-24 18:17:43;25541,5;PICO;up;True;234378;234816;1
234961;2025-10-24 18:18:15;25536,0;VALLE;down;True;234579;234961;1
236090;2025-10-24 18:20:25;25563,0;PICO;up;True;235198;236090;1
236119;2025-10-24 18:20:25;25546,25;VALLE;down;True;235198;236119;1
236174;2025-10-24 18:20:25;25561,75;PICO;up;True;235198;236174;1
236211;2025-10-24 18:20:25;25547,5;VALLE;down;True;235198;236211;1
236342;2025-10-24 18:20:25;25554,75;PICO;up;True;235198;236342;1
236891;2025-10-24 18:20:38;25544,5;VALLE;down;True;235258;236891;1
237872;2025-10-24 18:21:25;25554,5;PICO;up;True;235501;237872;1
238370;2025-10-24 18:22:14;25544,5;VALLE;down;True;237540;238370;1
238584;2025-10-24 18:22:45;25550,75;PICO;up;True;238168;238584;1
239444;2025-10-24 18:24:07;25537,5;VALLE;down;True;238708;239444;1
239658;2025-10-24 18:24:17;25543,0;PICO;up;True;238762;239658;1
239909;2025-10-24 18:24:30;25535,25;VALLE;down;True;238886;239909;1
240422;2025-10-24 18:25:23;25542,5;PICO;up;True;239725;240422;1
241572;2025-10-24 18:28:06;25532,25;VALLE;down;True;241028;241572;1
241870;2025-10-24 18:28:37;25542,75;PICO;up;True;241205;241870;1
242485;2025-10-24 18:30:09;25533,75;VALLE;down;True;242091;242485;1
242853;2025-10-24 18:30:34;25542,75;PICO;up;True;242269;242853;1
243290;2025-10-24 18:31:29;25536,0;VALLE;down;True;242685;243290;1
243571;2025-10-24 18:32:18;25544,0;PICO;up;True;243229;243571;1
243816;2025-10-24 18:32:56;25538,25;VALLE;down;True;243381;243816;1
244050;2025-10-24 18:33:16;25547,0;PICO;up;True;243498;244050;1
244975;2025-10-24 18:34:05;25531,25;VALLE;down;True;243892;244975;1
245436;2025-10-24 18:35:08;25536,75;PICO;up;True;245042;245436;1
246001;2025-10-24 18:36:04;25526,75;VALLE;down;True;245412;246001;1
246173;2025-10-24 18:36:19;25537,0;PICO;up;True;245555;246173;1
246525;2025-10-24 18:37:09;25530,0;VALLE;down;True;246077;246525;1
246968;2025-10-24 18:38:12;25543,75;PICO;up;True;246541;246968;1
247585;2025-10-24 18:39:53;25533,0;VALLE;down;True;247238;247585;1
247838;2025-10-24 18:40:28;25539,0;PICO;up;True;247355;247838;1
248521;2025-10-24 18:41:27;25523,0;VALLE;down;True;247830;248521;1
248770;2025-10-24 18:41:49;25533,75;PICO;up;True;247895;248770;1
249442;2025-10-24 18:42:54;25520,0;VALLE;down;True;248821;249442;1
249919;2025-10-24 18:43:32;25530,0;PICO;up;True;249116;249919;1
250414;2025-10-24 18:45:14;25521,75;VALLE;down;True;250134;250414;1
251203;2025-10-24 18:46:04;25540,0;PICO;up;True;250326;251203;1
251350;2025-10-24 18:46:10;25534,75;VALLE;down;True;250358;251350;1
252276;2025-10-24 18:48:06;25547,25;PICO;up;True;251698;252276;1
252555;2025-10-24 18:48:45;25539,5;VALLE;down;True;252053;252555;1
253509;2025-10-24 18:50:03;25553,75;PICO;up;True;252656;253509;1
253980;2025-10-24 18:50:34;25548,0;VALLE;down;True;252767;253980;1
254936;2025-10-24 18:51:16;25561,75;PICO;up;True;253716;254936;1
255658;2025-10-24 18:51:58;25553,5;VALLE;down;True;254172;255658;1
256115;2025-10-24 18:53:08;25558,75;PICO;up;True;255724;256115;1
256619;2025-10-24 18:54:02;25550,0;VALLE;down;True;256080;256619;1
257138;2025-10-24 18:55:32;25556,75;PICO;up;True;256812;257138;1
258455;2025-10-24 18:58:06;25542,0;VALLE;down;True;258011;258455;1
258814;2025-10-24 18:58:31;25552,5;PICO;up;True;258140;258814;1
259693;2025-10-24 19:01:02;25545,25;VALLE;down;True;259307;259693;1
260111;2025-10-24 19:01:49;25554,25;PICO;up;True;259605;260111;1
260375;2025-10-24 19:02:27;25546,5;VALLE;down;True;259916;260375;1
261018;2025-10-24 19:05:13;25553,25;PICO;up;True;260769;261018;1
261390;2025-10-24 19:06:54;25547,75;VALLE;down;True;261198;261390;1
261712;2025-10-24 19:08:07;25554,0;PICO;up;True;261435;261712;1
261799;2025-10-24 19:08:22;25548,5;VALLE;down;True;261479;261799;1
262533;2025-10-24 19:10:46;25558,0;PICO;up;True;262083;262533;1
263367;2025-10-24 19:12:13;25542,75;VALLE;down;True;262866;263367;1
263788;2025-10-24 19:13:26;25552,5;PICO;up;True;263497;263788;1
264787;2025-10-24 19:15:31;25538,75;VALLE;down;True;264141;264787;1
265187;2025-10-24 19:16:27;25547,75;PICO;up;True;264694;265187;1
265740;2025-10-24 19:18:17;25540,0;VALLE;down;True;265524;265740;1
266070;2025-10-24 19:19:04;25551,75;PICO;up;True;265673;266070;1
266964;2025-10-24 19:22:07;25539,5;VALLE;down;True;266700;266964;1
268326;2025-10-24 19:25:46;25557,75;PICO;up;True;267786;268326;1
269485;2025-10-24 19:28:22;25544,0;VALLE;down;True;268979;269485;1
269748;2025-10-24 19:29:27;25549,75;PICO;up;True;269568;269748;1
270209;2025-10-24 19:30:43;25541,25;VALLE;down;True;269823;270209;1
271434;2025-10-24 19:34:07;25554,25;PICO;up;True;271013;271434;1
271964;2025-10-24 19:35:50;25546,75;VALLE;down;True;271609;271964;1
272933;2025-10-24 19:38:38;25561,25;PICO;up;True;272490;272933;1
274355;2025-10-24 19:42:16;25552,0;VALLE;down;True;273859;274355;1
275192;2025-10-24 19:45:22;25560,0;PICO;up;True;274911;275192;1
275674;2025-10-24 19:45:47;25552,0;VALLE;down;True;275050;275674;1
275937;2025-10-24 19:46:07;25562,5;PICO;up;True;275113;275937;1
276337;2025-10-24 19:47:12;25557,25;VALLE;down;True;276067;276337;1
276931;2025-10-24 19:47:54;25570,75;PICO;up;True;276234;276931;1
276942;2025-10-24 19:47:54;25564,5;VALLE;down;True;276234;276942;1
277014;2025-10-24 19:47:54;25570,75;PICO;up;True;276234;277014;1
277472;2025-10-24 19:48:17;25561,5;VALLE;down;True;276360;277472;1
277761;2025-10-24 19:49:06;25567,75;PICO;up;True;277349;277761;1
279476;2025-10-24 19:53:03;25554,0;VALLE;down;True;278923;279476;1
279845;2025-10-24 19:53:53;25560,75;PICO;up;True;279298;279845;1
282419;2025-10-24 20:01:31;25542,0;VALLE;down;True;282082;282419;1
282782;2025-10-24 20:02:26;25548,75;PICO;up;True;282372;282782;1
283984;2025-10-24 20:03:44;25534,25;VALLE;down;True;282852;283984;1
284909;2025-10-24 20:05:40;25553,0;PICO;up;True;284411;284909;1
285311;2025-10-24 20:06:41;25546,25;VALLE;down;True;284915;285311;1
285909;2025-10-24 20:08:17;25554,0;PICO;up;True;285465;285909;1
286310;2025-10-24 20:09:23;25543,5;VALLE;down;True;285976;286310;1
286690;2025-10-24 20:10:14;25552,5;PICO;up;True;286214;286690;1
287015;2025-10-24 20:11:31;25547,0;VALLE;down;True;286803;287015;1
287358;2025-10-24 20:13:07;25555,0;PICO;up;True;287084;287358;1
288378;2025-10-24 20:16:07;25540,0;VALLE;down;True;287978;288378;1
289392;2025-10-24 20:20:07;25553,75;PICO;up;True;289076;289392;1
289781;2025-10-24 20:21:53;25546,0;VALLE;down;True;289580;289781;1
290066;2025-10-24 20:23:20;25553,25;PICO;up;True;289898;290066;1
290895;2025-10-24 20:26:33;25542,0;VALLE;down;True;290539;290895;1
291910;2025-10-24 20:30:07;25547,5;PICO;up;True;291704;291910;1
292235;2025-10-24 20:30:36;25538,25;VALLE;down;True;291773;292235;1
293023;2025-10-24 20:32:09;25548,75;PICO;up;True;292502;293023;1
293336;2025-10-24 20:33:10;25543,5;VALLE;down;True;293120;293336;1
293945;2025-10-24 20:35:39;25555,0;PICO;up;True;293628;293945;1
298073;2025-10-24 20:46:08;25531,0;VALLE;down;True;297238;298073;1
298222;2025-10-24 20:46:15;25536,25;PICO;up;True;297297;298222;1
298904;2025-10-24 20:47:47;25529,5;VALLE;down;True;298446;298904;1
299448;2025-10-24 20:48:41;25539,5;PICO;up;True;298847;299448;1
300799;2025-10-24 20:51:24;25528,25;VALLE;down;True;300300;300799;1
301371;2025-10-24 20:52:17;25538,25;PICO;up;True;300733;301371;1
301510;2025-10-24 20:52:34;25533,0;VALLE;down;True;300895;301510;1
302159;2025-10-24 20:53:53;25539,75;PICO;up;True;301744;302159;1
302880;2025-10-24 20:55:59;25533,75;VALLE;down;True;302445;302880;1
303404;2025-10-24 20:56:39;25543,0;PICO;up;True;302667;303404;1
303924;2025-10-24 20:58:09;25536,0;VALLE;down;True;303683;303924;1
305209;2025-10-24 21:00:31;25549,0;PICO;up;True;304631;305209;1
305566;2025-10-24 21:01:14;25543,5;VALLE;down;True;305031;305566;1
306587;2025-10-24 21:02:32;25556,25;PICO;up;True;305612;306587;1
307392;2025-10-24 21:03:48;25546,25;VALLE;down;True;306900;307392;1
308370;2025-10-24 21:05:09;25561,0;PICO;up;True;307571;308370;1
309920;2025-10-24 21:08:31;25548,75;VALLE;down;True;309604;309920;1
311575;2025-10-24 21:12:00;25565,0;PICO;up;True;311166;311575;1
312540;2025-10-24 21:13:54;25555,0;VALLE;down;True;312031;312540;1
312743;2025-10-24 21:14:38;25560,25;PICO;up;True;312457;312743;1
314585;2025-10-24 21:19:45;25550,75;VALLE;down;True;314117;314585;1
316322;2025-10-24 21:22:51;25566,5;PICO;up;True;315726;316322;1
317441;2025-10-24 21:25:48;25558,5;VALLE;down;True;316890;317441;1
318051;2025-10-24 21:27:52;25566,75;PICO;up;True;317717;318051;1
322579;2025-10-24 21:36:38;25544,5;VALLE;down;True;321764;322579;1
323476;2025-10-24 21:37:57;25555,75;PICO;up;True;322833;323476;1
326190;2025-10-24 21:42:16;25538,5;VALLE;down;True;325410;326190;1
326761;2025-10-24 21:43:07;25545,0;PICO;up;True;325998;326761;1
327043;2025-10-24 21:43:39;25538,5;VALLE;down;True;326447;327043;1
327565;2025-10-24 21:44:17;25550,0;PICO;up;True;326844;327565;1
327961;2025-10-24 21:44:57;25542,0;VALLE;down;True;327250;327961;1
328742;2025-10-24 21:46:03;25550,75;PICO;up;True;328074;328742;1
329644;2025-10-24 21:47:16;25540,75;VALLE;down;True;328894;329644;1
329909;2025-10-24 21:47:39;25546,75;PICO;up;True;329069;329909;1
330412;2025-10-24 21:48:32;25539,0;VALLE;down;True;329818;330412;1
330999;2025-10-24 21:49:35;25547,0;PICO;up;True;330441;330999;1
331763;2025-10-24 21:50:10;25535,25;VALLE;down;True;330785;331763;1
331911;2025-10-24 21:50:19;25541,0;PICO;up;True;330874;331911;1
332143;2025-10-24 21:50:23;25534,25;VALLE;down;True;330900;332143;1
333111;2025-10-24 21:50:43;25548,5;PICO;up;True;331063;333111;1
333875;2025-10-24 21:51:20;25536,25;VALLE;down;True;331941;333875;1
334309;2025-10-24 21:51:38;25541,75;PICO;up;True;333004;334309;1
334478;2025-10-24 21:51:46;25536,0;VALLE;down;True;333155;334478;1
334948;2025-10-24 21:52:15;25546,0;PICO;up;True;333707;334948;1
336320;2025-10-24 21:53:23;25533,5;VALLE;down;True;335142;336320;1
336633;2025-10-24 21:53:52;25539,75;PICO;up;True;335671;336633;1
337011;2025-10-24 21:54:11;25533,75;VALLE;down;True;336122;337011;1
337335;2025-10-24 21:54:33;25542,0;PICO;up;True;336489;337335;1
338290;2025-10-24 21:54:51;25528,0;VALLE;down;True;336621;338290;1
338626;2025-10-24 21:54:58;25535,75;PICO;up;True;336666;338626;1
339937;2025-10-24 21:55:20;25520,75;VALLE;down;True;337129;339937;1
340218;2025-10-24 21:55:24;25527,5;PICO;up;True;337157;340218;1
340627;2025-10-24 21:55:38;25521,0;VALLE;down;True;337406;340627;1
341033;2025-10-24 21:56:01;25529,5;PICO;up;True;338954;341033;1
342642;2025-10-24 21:57:03;25512,0;VALLE;down;True;341065;342642;1
343030;2025-10-24 21:57:13;25523,0;PICO;up;True;341282;343030;1
343246;2025-10-24 21:57:23;25517,0;VALLE;down;True;341411;343246;1
343698;2025-10-24 21:57:46;25524,0;PICO;up;True;342035;343698;1
347229;2025-10-24 21:59:19;25497,5;VALLE;down;True;344436;347229;1
347724;2025-10-24 21:59:23;25505,25;PICO;up;True;344504;347724;1
348015;2025-10-24 21:59:27;25498,5;VALLE;down;True;344620;348015;1
349486;2025-10-24 21:59:40;25515,75;PICO;up;True;344950;349486;1
350009;2025-10-24 21:59:45;25507,25;VALLE;down;True;345101;350009;1
350722;2025-10-24 21:59:51;25514,75;PICO;up;True;345168;350722;1
352620;2025-10-24 21:59:59;25504,25;VALLE;down;True;345397;352620;1
354790;2025-10-24 22:00:05;25520,5;PICO;up;True;346023;354790;1
355992;2025-10-24 22:00:30;25497,5;VALLE;down;True;348180;355992;1
356652;2025-10-24 22:00:53;25512,25;PICO;up;True;350948;356652;1
357347;2025-10-24 22:01:21;25503,0;VALLE;down;True;355590;357347;1
358100;2025-10-24 22:02:08;25516,0;PICO;up;True;357012;358100;1
358391;2025-10-24 22:02:41;25509,5;VALLE;down;True;357574;358391;1
359325;2025-10-24 22:03:53;25523,0;PICO;up;True;358539;359325;1
360986;2025-10-24 22:07:04;25508,25;VALLE;down;True;360526;360986;1
362068;2025-10-24 22:10:58;25516,0;PICO;up;True;361746;362068;1
362816;2025-10-24 22:13:28;25503,5;VALLE;down;True;362454;362816;1
363016;2025-10-24 22:14:20;25510,5;PICO;up;True;362732;363016;1
363245;2025-10-24 22:15:11;25504,25;VALLE;down;True;362950;363245;1
364802;2025-10-24 22:28:12;25522,75;PICO;up;True;364452;364802;1
365230;2025-10-24 22:32:06;25516,0;VALLE;down;True;365164;365230;1
365924;2025-10-24 22:40:43;25525,75;PICO;up;True;365840;365924;1
366342;2025-10-24 22:45:03;25509,25;VALLE;down;True;366237;366342;1
367040;2025-10-24 22:56:45;25515,5;PICO;up;True;366998;367040;1
367232;2025-10-24 22:59:31;25508,5;VALLE;down;True;367119;367232;1
367322;2025-10-24 23:00:12;25515,25;PICO;up;True;367170;367322;1
367407;2025-10-24 23:00:12;25508,5;VALLE;down;True;367170;367407;1
367494;2025-10-25 00:03:21;25515,25;PICO;up;True;367455;367494;1
